CONNECTION_ID,USERNAME1,USERNAME2,CONNECTED_SINCE_DATE,SOCIAL_MEDIA_PLATFORM
LXQE8630,pacochad34,o'connerp524,Mon Jan 15 20:47:04 EST 2018,WhatsApp
YMNS2159,medhursti771,carrolld393,Wed Feb 18 22:05:25 EST 2015,Instagram
ZHJK3112,cruickshanke262,parisianv888,Tue Dec 14 13:21:51 EST 2021,Telegram
JGGF1501,emardg120,borere459,Tue Nov 01 02:41:05 EDT 2016,Pintrest
YDGI9384,hellera485,wisokyl40,Sun Jun 19 16:57:29 EDT 2016,Discord
BTTB7165,davisk490,schultza123,Wed Apr 19 22:19:51 EDT 2023,Twitter
RPWY3294,watsicak312,binsj706,Mon Mar 11 08:03:29 EDT 2019,WeChat
KBQJ8044,hintza538,pagacp973,Sat Dec 10 02:05:01 EST 2016,WeChat
JWEB6568,denesikr263,mosciskit107,Sun May 08 11:57:46 EDT 2022,Snapchat
TTED0499,dachn200,reillyo320,Mon Dec 20 14:49:44 EST 2021,Twitch
CWAT0173,yundtk10,harveym289,Thu Mar 08 04:47:58 EST 2018,WhatsApp
KVGR4390,leschf946,rogahnz172,Wed May 08 09:43:59 EDT 2019,YouTube
IOVW5358,larkind881,ziemej98,Wed Sep 05 03:20:03 EDT 2018,Twitter
BBIM2906,boganl198,willmsj292,Sat Nov 30 03:08:09 EST 2019,Pintrest
PQXB7643,runolfssonk240,connj73,Fri Oct 11 21:42:21 EDT 2013,Pintrest
TUHV0193,conroyj234,kirlind297,Thu May 21 03:51:12 EDT 2020,Instagram
LNYO7156,toys297,kleinc924,Sat Nov 06 05:26:04 EDT 2021,Twitter
CXQI9200,kovacekn433,lednero248,Sat Sep 22 08:17:28 EDT 2018,Facebook
AZKH6330,mertzj541,trompc612,Wed Nov 11 18:36:53 EST 2020,YouTube
GKXF3889,morarn523,boded589,Tue May 21 18:28:04 EDT 2019,Twitch
NNXS5685,mullerf721,borerd976,Sat Jul 08 14:02:22 EDT 2023,Twitter
TZHZ3973,hopped485,mitchellc478,Sun Nov 10 15:22:24 EST 2019,YouTube
MJBL6062,beahane853,schultzg517,Sun Feb 02 04:30:26 EST 2020,Facebook
AFEP5450,farrellc925,satterfieldm246,Thu Jul 20 14:00:42 EDT 2017,Discord
WGFZ8589,jaskolskie133,dooleym967,Sat Sep 09 17:11:18 EDT 2017,Twitter
BYSY4551,volkmanc805,osinskic349,Sat Jul 12 08:01:53 EDT 2014,Telegram
CZJF1775,dibbertw934,batzv759,Tue Nov 22 07:16:02 EST 2016,Pintrest
UMNB3814,medhursti771,wisokym60,Sat Aug 22 02:42:44 EDT 2015,Telegram
MRNX4879,kautzerh732,powlowskir318,Mon Jan 05 02:15:55 EST 2015,Facebook
GQUU1088,sengerb692,muellerv585,Fri Apr 19 03:32:46 EDT 2019,Twitter
VUFA1727,lowes129,turcottet306,Sat Apr 11 20:56:02 EDT 2020,LinkedIn
PFDD3290,morarm554,corwinh510,Sat Aug 01 22:16:42 EDT 2020,WeChat
IUJB0221,armstrongt800,lowep323,Mon May 02 11:52:46 EDT 2022,Instagram
CZFI8567,hermannd789,tremblayr386,Mon Feb 01 19:57:10 EST 2016,Facebook
VRRG6813,boylew96,douglasd722,Tue Jul 13 14:10:47 EDT 2021,WhatsApp
EWLZ9952,harberm479,boehmk901,Tue Apr 09 22:17:12 EDT 2019,Facebook
YZVI1553,millers59,armstrongd646,Tue Oct 12 09:51:18 EDT 2021,Discord
HCUX7863,koelpinl954,rosenbaumc670,Mon Sep 07 07:02:23 EDT 2015,LinkedIn
SLOQ4096,sipesm88,abbottj232,Mon Jun 06 16:02:00 EDT 2022,Facebook
WDPH3198,gibsont702,tillmanh957,Sat Nov 09 16:48:55 EST 2019,Instagram
SIMA5549,handm542,trantowr567,Sun Jul 28 09:33:55 EDT 2019,WhatsApp
MTRZ9050,bartonk415,o'reillye242,Mon Jun 08 15:18:35 EDT 2015,Twitch
FHVN1653,klockoa545,littlem387,Fri Aug 05 06:42:28 EDT 2016,Facebook
HBSP8692,trantowt753,trantowt608,Sat Dec 01 14:53:08 EST 2018,Twitter
YDCM7963,kunzet741,bogisichs654,Thu Feb 14 08:01:37 EST 2019,Facebook
VXKE2270,trantowt608,romaguerat895,Sat Sep 23 19:50:18 EDT 2017,WeChat
PHIS3550,runolfsdottirj663,baumbachg280,Mon Mar 28 11:45:44 EDT 2016,Instagram
CQBP6988,simonisr801,rohanb49,Sun Mar 18 02:45:28 EDT 2018,Twitter
DYMU8509,fayl17,lubowitza464,Sun Aug 07 02:30:04 EDT 2016,Instagram
YTHN6724,haagm2,marquardtf609,Thu Mar 05 09:35:13 EST 2020,Twitch
GNER0607,pourosa902,millsr603,Wed Oct 07 09:31:02 EDT 2015,Reddit
JCZH4129,harrisg270,hicklea822,Thu Mar 06 13:43:10 EST 2014,Reddit
MMCS9415,welcht419,schummw168,Tue Sep 07 03:16:57 EDT 2021,LinkedIn
PGEO9172,kingr364,grantj91,Thu Jan 11 04:28:08 EST 2018,Twitch
ASUZ6425,kuhlmanc260,o'harar310,Sat Jan 22 11:53:24 EST 2022,Facebook
TWFS6476,millsj347,danielv77,Mon May 28 02:00:07 EDT 2018,Snapchat
CLAW3850,faheyt912,luettgenb815,Sun Dec 24 00:01:28 EST 2017,LinkedIn
RTWF5406,dickit951,wymand687,Sun Jul 24 13:51:34 EDT 2016,YouTube
SGJP2722,schoenr952,batzv759,Fri Jun 22 12:25:22 EDT 2018,Twitch
LYRH3639,kossw186,walkerj752,Thu Feb 18 01:00:46 EST 2021,Twitch
DSGZ4557,pfannerstillm464,corwina266,Sun Sep 11 14:27:07 EDT 2016,Instagram
JPGY5289,davisv116,torpd40,Sun Dec 01 04:41:18 EST 2019,Pintrest
XSOW5347,trompl803,dache92,Wed Oct 09 20:51:26 EDT 2013,Facebook
KCDP7844,morari191,gerholda290,Sat Mar 09 15:05:01 EST 2019,Telegram
NLMJ4844,gerlachl412,connc695,Tue Jun 15 10:53:03 EDT 2021,WhatsApp
YTPG8139,o'connerj592,keeblerd904,Sat Jul 26 12:08:27 EDT 2014,Instagram
UGFQ8426,corwing191,kertzmannj154,Wed Nov 03 08:20:22 EDT 2021,Instagram
HHZA0279,mrazw71,mayerts516,Thu May 17 06:39:18 EDT 2018,WeChat
FXWB6038,satterfieldn269,littelm928,Sat Mar 11 16:51:49 EST 2017,Snapchat
IXFN0846,kovacekc410,lyncha417,Wed Mar 18 10:38:22 EDT 2020,YouTube
TUQP1426,gulgowskim637,farrellc248,Fri Jun 09 07:07:43 EDT 2017,YouTube
DDBT1342,emardg120,mckenziet550,Sat Mar 10 23:10:18 EST 2018,WhatsApp
GRHW7097,ratkej118,cruickshankk316,Tue Feb 12 06:22:35 EST 2019,Discord
DZOQ0655,schoena732,bergnaumm37,Sat Oct 06 12:54:14 EDT 2018,Reddit
DIWL6961,stiedemannc197,zboncakr474,Wed Mar 29 00:32:43 EDT 2023,WeChat
RMEM3034,haleyh61,durganc928,Mon Feb 05 22:08:29 EST 2018,TikTok
OHCJ8583,kihnw85,boylel222,Sat Sep 17 03:29:11 EDT 2022,Facebook
XNUV4760,starka960,gleasonc943,Fri Apr 28 14:37:11 EDT 2023,Snapchat
WFFV4135,trantowg633,bergstromm97,Thu Jan 05 05:59:41 EST 2023,Telegram
OWVW2544,waltero762,schultzr101,Sat Apr 07 00:52:48 EDT 2018,TikTok
DZBM0960,kozeyh798,kirlind297,Sun May 08 08:49:12 EDT 2016,WhatsApp
HXNN6602,reichelp106,ratkej118,Tue Apr 14 11:54:00 EDT 2015,Telegram
SGMD4098,daughertyj103,kesslerc400,Thu Dec 24 08:24:57 EST 2015,YouTube
CGZD9872,gulgowskii668,gusikowskic185,Mon Jan 23 08:38:36 EST 2023,WhatsApp
DAKR9052,lakinm855,hagenesn853,Mon Jan 02 23:19:03 EST 2023,Telegram
QRIG1848,schmelerk12,kulasd103,Tue Apr 05 17:10:07 EDT 2016,Instagram
AUXW2657,carterr131,gulgowskid65,Thu Aug 07 08:19:01 EDT 2014,Telegram
VDCO5850,kuphale154,connellym941,Sat Feb 03 14:17:28 EST 2018,Reddit
BTTT8650,baileyc917,thompsonl788,Fri Nov 14 20:19:41 EST 2014,LinkedIn
WIVY7292,okunevab203,kuvalise407,Fri Aug 05 11:52:15 EDT 2016,TikTok
WMLQ0554,lindc215,wardr847,Tue Apr 28 16:44:13 EDT 2015,Facebook
CZQU1285,waltero261,gutmannp905,Mon Mar 02 14:26:38 EST 2020,Discord
AYEP4475,brownw732,olsont679,Wed Sep 11 19:49:28 EDT 2013,Snapchat
HDTP9038,jonese189,bednaro877,Fri Jun 03 04:11:46 EDT 2022,Reddit
UCOB6365,borere459,pricef194,Fri Dec 17 03:36:24 EST 2021,TikTok
MVSA6449,considineb366,steuberg684,Thu Feb 25 17:15:30 EST 2021,LinkedIn
WRQE0495,kuhlmanm162,champlinr71,Tue Oct 30 16:59:39 EDT 2018,LinkedIn
YPKE8580,andersond809,gottliebe814,Mon Aug 24 21:16:05 EDT 2015,WeChat
CVFP1522,sanfordx51,cruickshankj949,Fri Jul 21 22:28:38 EDT 2017,Facebook
XFQF0353,watsicar789,bechtelarm501,Fri Feb 17 06:33:16 EST 2017,YouTube
FENT5858,caspern494,olsono127,Fri Apr 11 06:44:11 EDT 2014,LinkedIn
BAFL1817,zulaufs474,o'keefeo535,Mon May 04 12:52:35 EDT 2020,WhatsApp
YPNI0019,harveyp666,funkg672,Mon Jun 05 19:36:40 EDT 2017,Pintrest
KKOD1754,langoshj945,wizat175,Sat Mar 09 07:59:07 EST 2019,TikTok
RCYN7137,hellerb104,stehra271,Sat Sep 08 08:00:09 EDT 2018,Facebook
UZOP9737,runolfsdottirp154,robertsm170,Wed Feb 03 16:06:51 EST 2021,Pintrest
QJBS7615,conroyg286,steuberi203,Wed Feb 26 08:26:21 EST 2020,LinkedIn
JGQO6913,kochc130,wisokyd112,Sat May 09 11:14:53 EDT 2015,Reddit
RHWX4478,mrazw71,batzs467,Wed Jul 29 15:02:40 EDT 2015,LinkedIn
NSGE5804,dickim569,blocke800,Wed Nov 02 03:32:45 EDT 2022,LinkedIn
QXRP6079,langoshc171,nadera464,Mon Feb 24 15:11:04 EST 2020,TikTok
JFAF2041,mayerts516,funkp62,Sun Apr 13 23:40:23 EDT 2014,Snapchat
HKSQ8065,durganl911,gulgowskik248,Wed Feb 07 17:53:38 EST 2018,Discord
VPTX9844,collinsa805,prohaskae749,Mon Jan 04 13:40:03 EST 2021,Pintrest
RZKA2612,ferrym888,robertsj84,Tue Jan 31 05:47:43 EST 2023,YouTube
XAUD1948,gloverj384,handb249,Fri Dec 09 20:54:57 EST 2016,LinkedIn
CBGF3480,mosciskim130,reichelc338,Fri Jul 18 08:04:29 EDT 2014,TikTok
VKSX5458,dachy621,daughertym193,Mon Apr 30 12:23:49 EDT 2018,Snapchat
PSXJ1988,hesselc863,sawaynk719,Thu Jun 29 03:30:42 EDT 2023,Discord
BSHN6659,cummingsl859,jonesb881,Wed Oct 23 05:35:21 EDT 2019,WhatsApp
WNEL9930,pagacm908,baumbachg280,Tue Aug 04 01:15:16 EDT 2015,Discord
KKMR9102,ortizb573,kuphals592,Sat Aug 31 02:37:13 EDT 2013,Twitter
ZAXL5266,carrolld946,mrazn614,Wed Aug 17 18:08:04 EDT 2016,Facebook
OBPX8023,kirlina152,zemlako406,Mon Dec 20 16:16:26 EST 2021,WeChat
KXPH3499,deckowj53,schadene213,Sat Oct 22 16:58:09 EDT 2022,Twitter
LBDY6184,corwinb409,littleb139,Thu Dec 27 23:06:14 EST 2018,Pintrest
QSEW9970,hintza538,lefflerz621,Fri Jan 08 17:09:32 EST 2016,Reddit
OVOV6283,morarm723,bogisicha385,Thu Jan 09 07:36:54 EST 2014,Instagram
IUML8674,wuckerts348,hermane230,Fri Nov 17 16:24:18 EST 2017,Twitch
ISDU0321,champlino777,veumm48,Sat Apr 08 12:08:13 EDT 2017,Twitch
ZWMQ1074,faheyg573,trompr91,Sun Sep 04 06:01:30 EDT 2022,Reddit
TPFR0461,johnso140,stantonj806,Sat Sep 09 23:08:18 EDT 2017,Pintrest
PGFD9888,kozeyb422,skilesh799,Mon Aug 03 17:28:09 EDT 2015,Discord
LYDR9280,ratkem114,hoegerr921,Mon Oct 14 17:20:55 EDT 2019,Twitch
DOZO2424,beattyl730,koelpinw426,Sat May 24 23:57:27 EDT 2014,Instagram
OSTV1046,schaeferh642,quitzont960,Mon Jun 06 22:14:20 EDT 2022,WeChat
UDFY9479,corwinl106,runolfssonl661,Fri Mar 06 06:51:33 EST 2015,Facebook
XHQU7493,schusterm46,leannona853,Sat Jun 14 22:48:09 EDT 2014,Twitch
JJQD6513,ernserr465,kiehnc389,Mon Mar 14 03:36:27 EDT 2016,Twitch
CPKI1291,kovacekt477,lehnerl207,Mon Feb 01 08:31:16 EST 2021,Facebook
BKOR1198,altenwerths91,binsj440,Mon Sep 02 14:04:18 EDT 2013,YouTube
RFLM3350,rennerc704,ziemannh130,Mon Apr 18 04:49:55 EDT 2016,Facebook
AHXN8947,bartellm96,schultzm721,Tue Dec 01 20:28:29 EST 2020,YouTube
DTWK0552,faheyt912,kundet760,Fri Apr 14 01:13:09 EDT 2023,Pintrest
OWOK3265,beerj869,klockoe525,Tue Aug 15 23:52:48 EDT 2017,Twitch
UWGA0355,quitzons260,pourosa257,Sun Sep 22 20:59:39 EDT 2019,YouTube
LCBJ1599,goldnerd809,pagaca449,Sun Apr 19 07:45:55 EDT 2020,Pintrest
PXDB7118,o'reillyr573,trompr91,Sat Dec 12 20:19:58 EST 2020,Twitch
WMMH0825,haucki829,watersc722,Fri Dec 03 09:52:46 EST 2021,Telegram
UBNX2785,watsicar893,jacobsong135,Tue May 06 02:41:50 EDT 2014,Facebook
MZNT6394,beierb74,mayertr321,Mon Apr 01 13:32:26 EDT 2019,WhatsApp
RKMO2016,mclaughlini260,andersonj512,Thu Jul 02 03:42:22 EDT 2020,Twitch
SFCY0636,torpj134,pfannerstilla89,Mon Nov 13 07:07:28 EST 2017,TikTok
SXYE2945,balistrerie2,hackettr137,Tue Jan 04 04:03:01 EST 2022,WeChat
HYBI1337,hartmannt131,sauerm909,Tue Jan 31 12:27:28 EST 2017,WeChat
BYUT7621,sawaynb377,kesslerd112,Sun Jul 24 13:29:37 EDT 2022,Telegram
STHT2743,jerdel859,bayerb34,Mon Oct 19 23:13:57 EDT 2015,LinkedIn
NQPP3088,o'connerm819,vonruedenf425,Mon Aug 07 13:15:32 EDT 2017,Snapchat
CNNA5108,cristc92,treutelm311,Sun Feb 05 06:37:48 EST 2017,Telegram
OSKU9537,kesslerd112,hauckj282,Sun Sep 26 10:24:51 EDT 2021,Pintrest
UEDS0339,shieldss65,wunschj8,Mon Nov 24 13:18:31 EST 2014,Reddit
JXRZ9751,runolfssonk240,connt314,Thu Feb 11 20:19:48 EST 2016,Reddit
WOIN1360,rippint578,o'keefel102,Thu Sep 08 05:24:08 EDT 2022,WeChat
RDSK3303,watsicap3,corkeryh331,Wed Sep 23 10:39:14 EDT 2020,LinkedIn
EQDR4656,streichc287,pagacp973,Wed May 04 14:39:59 EDT 2016,WeChat
GWOS5162,brekket545,bartonk415,Sun Dec 17 13:20:09 EST 2017,Pintrest
YVEE8951,o'keefeg485,macejkovicg59,Wed Nov 07 11:55:09 EST 2018,Pintrest
OOJD5046,uptond388,krajcikd137,Tue Aug 11 04:54:11 EDT 2015,LinkedIn
ISXD4005,kiehnm448,gislasond880,Thu Aug 19 00:32:23 EDT 2021,Pintrest
BIAR1984,hudsonw634,gutmannb84,Tue Jul 21 17:40:26 EDT 2020,WhatsApp
NFPN7302,lynchn828,abshirel419,Fri Jan 17 21:42:20 EST 2014,LinkedIn
FBSE6865,aufderharr91,wunsche154,Wed Jul 29 10:18:21 EDT 2020,TikTok
TPGN2190,rempelm394,koelpink734,Tue Mar 18 21:59:24 EDT 2014,Discord
VXFJ9347,schmelerv288,franeckik321,Sun Apr 28 07:43:57 EDT 2019,TikTok
IGFZ5943,macejkovicj543,lubowitzd714,Sun Feb 02 03:40:58 EST 2020,WeChat
BORI9901,macejkovico953,davism307,Tue Dec 17 08:06:09 EST 2013,Facebook
WRPQ8899,wiegands930,marvind613,Thu Aug 25 04:03:34 EDT 2022,Twitch
REFX1541,westc171,hoppej460,Thu Feb 12 18:45:02 EST 2015,Instagram
LTDF4566,sanfordt128,medhursts948,Mon Feb 11 17:58:56 EST 2019,Discord
JCIX4161,nikolaust241,willmsm768,Sat Dec 02 14:11:05 EST 2017,Twitter
ZMVF0235,nadera237,gaylordj866,Wed Nov 01 05:11:00 EDT 2017,Reddit
MPQZ6616,weste7,effertzs177,Sun Jan 31 15:11:37 EST 2021,Reddit
BPGN7905,yundtr735,feeneyb589,Sat Nov 18 04:30:08 EST 2017,LinkedIn
UNMQ3459,weissnatm957,morarr19,Sun Apr 07 05:19:39 EDT 2019,LinkedIn
PEPP0295,browng538,hammesn797,Thu Oct 17 02:52:02 EDT 2013,Twitter
UKTF1709,wehnera204,towner596,Thu Sep 21 21:56:52 EDT 2017,Twitch
UJUT7773,trompd373,breitenbergl132,Wed Nov 30 16:52:54 EST 2022,Snapchat
QGGU4848,kovacekj548,goldnerd114,Thu Apr 05 13:51:26 EDT 2018,Twitch
ZLZK3489,blandal216,sporera36,Sun Apr 06 03:02:54 EDT 2014,WeChat
YWBH3052,nitzschea967,schowalterb187,Wed Jul 10 02:31:57 EDT 2019,Snapchat
BEOR3627,mcculloughm583,prosaccok299,Thu Jun 15 22:34:27 EDT 2017,Facebook
FTMG7544,smithamd136,glovern820,Sun Jan 12 21:56:30 EST 2014,WhatsApp
NCBI0898,sanfordr292,barrowsr415,Sun Apr 11 15:16:21 EDT 2021,Reddit
CIFX7835,spencerd830,o'konp530,Sat Jul 25 21:24:00 EDT 2015,Pintrest
ZARF7429,friesena405,hahnc223,Sun Sep 29 02:12:14 EDT 2019,WeChat
EGZE2468,howellw500,hoegern900,Wed May 13 09:17:17 EDT 2015,Pintrest
XIEY4715,macgyverd68,o'connerp524,Mon Jun 20 10:12:51 EDT 2022,WhatsApp
UWPC7308,beattye640,simonisa272,Sat Sep 04 11:06:14 EDT 2021,Discord
KFEY7093,hoegern900,lehnerm948,Wed Sep 23 16:00:43 EDT 2015,WhatsApp
YBUJ8297,ortizb573,ryank249,Wed Jun 08 09:32:52 EDT 2016,YouTube
RNMK1052,monahanm864,abshirel419,Mon Aug 19 00:02:19 EDT 2013,Snapchat
EJLX0483,steubern16,bartonl243,Sun Jun 07 18:49:58 EDT 2020,WhatsApp
HEFL4428,fadela913,bradtkec367,Fri Dec 17 16:48:55 EST 2021,TikTok
BCCX7016,howel671,goodwins15,Sun Jan 22 10:27:08 EST 2023,Instagram
WAJP9713,goodwinl386,abbottl417,Mon Aug 22 05:17:31 EDT 2022,Snapchat
KBZU1677,hansenp491,schusterk309,Tue Feb 16 20:02:50 EST 2021,WeChat
DOJB4052,metzm820,greenfelderc936,Sat May 05 00:11:36 EDT 2018,Twitch
IESQ4024,andersong806,langoshw296,Sun May 09 20:51:10 EDT 2021,YouTube
GEQP4622,schmelerj970,krajcikc622,Tue Aug 04 13:35:23 EDT 2015,Reddit
RBHJ1894,mertzj541,mosciskid39,Sun Jan 21 13:08:38 EST 2018,WhatsApp
JIRH4696,feeneyf620,mclaughlinm256,Thu Jul 24 22:10:37 EDT 2014,Discord
LSHB5544,parisianh319,nolana584,Wed Mar 29 20:09:49 EDT 2017,WeChat
LECP3129,o'haraj768,swaniawskiq389,Sun Mar 07 15:44:18 EST 2021,Telegram
ROPF0132,harrisd939,o'connerj592,Sat Sep 12 07:07:20 EDT 2020,Snapchat
YJSW9095,connj73,bartolettiw99,Thu Sep 22 04:14:22 EDT 2022,WeChat
CLUM7287,windlern612,bartelld834,Fri Oct 04 17:08:46 EDT 2013,Telegram
CWQR1192,mckenziec340,voni318,Sun May 15 05:41:43 EDT 2016,WeChat
NWDN5898,schmidtw697,handj657,Tue Apr 14 18:34:52 EDT 2015,Facebook
BVAF0081,pfannerstillk793,douglasr240,Sun Jun 26 02:42:47 EDT 2022,Twitch
BTGA7770,kohlern456,hansens352,Wed Jan 31 21:28:21 EST 2018,Twitch
YANQ5295,kulask535,turnerk794,Wed Jul 27 22:36:10 EDT 2022,Facebook
MUAG2019,auers848,boyert618,Sun Oct 04 05:05:17 EDT 2020,YouTube
KWQC9021,reichertl687,bechtelarl853,Sun Nov 20 11:36:46 EST 2022,WhatsApp
GHBI9112,kozeym435,watersa578,Sun Feb 23 12:29:28 EST 2020,Twitter
BXFK2540,stokess859,carrolll262,Fri Jul 21 07:16:32 EDT 2017,Discord
ALEL3711,trompe184,kleinc924,Wed May 28 13:41:45 EDT 2014,Instagram
QWEW1654,harrisw782,kuhnk751,Sun Dec 29 07:20:49 EST 2013,WeChat
NEUJ6589,lescht326,torphym951,Mon May 15 04:15:06 EDT 2023,Discord
GLIU8506,reichelb901,keeblers435,Sat Sep 14 19:14:23 EDT 2019,Instagram
NIFH1563,powlowskii395,gerlachn153,Wed Sep 29 03:07:34 EDT 2021,Discord
CGPW3740,mitchellc571,kutchr482,Thu Mar 12 11:02:15 EDT 2015,Discord
YPAW6935,hermistons756,raup648,Tue Aug 20 11:01:22 EDT 2013,Discord
MGPG5355,bodel190,harveyp666,Thu Mar 24 17:57:17 EDT 2022,Reddit
NEOU9523,ernsert592,krajciky261,Sun Aug 17 10:33:50 EDT 2014,TikTok
ZOMP9015,gibsond184,mcglynnc649,Sun May 21 13:32:54 EDT 2017,LinkedIn
SRFY6124,ankundingb477,nikolausm902,Wed May 19 03:26:18 EDT 2021,WhatsApp
VDSD4567,wunschl84,keelinga189,Sat Feb 20 10:54:48 EST 2021,Snapchat
MKEC5951,hansens352,boehmr932,Mon Mar 09 19:31:00 EDT 2015,Telegram
UHDS5426,luettgenj814,sporers124,Sat Apr 23 21:15:36 EDT 2022,Twitter
XHCI2022,thielk889,brownl802,Fri Mar 03 18:33:31 EST 2023,Twitch
KVJH6979,blockt470,harberd978,Wed Apr 18 09:58:37 EDT 2018,YouTube
NDYY9354,durgane817,turnert859,Sat Mar 14 01:48:02 EDT 2015,WeChat
SMER8497,wintheiserm298,deckowp62,Tue Mar 17 06:37:25 EDT 2015,Pintrest
ELYS4605,reillys732,lefflerk679,Mon Jun 12 21:08:53 EDT 2017,Twitter
WXAL6398,mantec384,feestd971,Sat Apr 08 20:57:44 EDT 2017,Snapchat
FJGO9085,mosciskim130,pfannerstillg500,Sat Sep 24 03:54:36 EDT 2016,Twitch
TFCG1986,hermistond741,bodea388,Fri Dec 14 01:16:54 EST 2018,WhatsApp
CEOT6171,carrollb813,stokese735,Mon Dec 09 08:12:33 EST 2013,LinkedIn
TTOR8491,lindgrena413,langl708,Wed Feb 18 04:42:39 EST 2015,Discord
IEWE3481,kerlukel383,durganc928,Sat Aug 26 19:04:21 EDT 2017,Telegram
NOVT6295,johnsm397,ricec215,Sun May 20 14:16:37 EDT 2018,Twitter
TUYY5177,wilkinsonm23,adamsl758,Sat Apr 06 04:41:05 EDT 2019,LinkedIn
GNRZ6992,terryt74,schultza123,Tue Mar 08 14:25:23 EST 2022,LinkedIn
FUNI6361,wilkinsone122,smithk796,Wed May 06 17:02:32 EDT 2020,LinkedIn
CBNL5959,hillse18,binsh305,Thu Nov 23 16:03:06 EST 2017,Facebook
SSDR4870,jerdel859,o'reillye242,Sat Jul 22 00:36:30 EDT 2017,Instagram
MWWM3768,gottliebh625,gradyi94,Sun Apr 29 18:31:23 EDT 2018,Twitter
SZOL8301,bechtelaro632,casperk978,Mon Feb 25 15:52:51 EST 2019,Pintrest
ITKB3911,pfannerstillc130,harberp117,Thu Feb 04 09:52:58 EST 2016,TikTok
XFLA4439,buckridgem622,bechtelarr611,Fri Oct 24 03:01:49 EDT 2014,Telegram
XYTL5038,armstrongc628,kassulkeb184,Sun Apr 16 17:25:51 EDT 2017,Discord
XHIB6322,hickleg97,schoenm914,Tue Mar 28 03:43:14 EDT 2023,YouTube
SMKV8156,lockmanj531,huelsm154,Sun Feb 27 14:19:05 EST 2022,YouTube
TSZB5663,littels567,armstrongh159,Thu Nov 07 12:25:34 EST 2019,WeChat
FJCM3865,nicolasd910,hoegery795,Tue Jun 24 15:22:39 EDT 2014,Telegram
KVLT6957,osinskia634,connellym642,Tue Dec 03 05:46:51 EST 2019,Facebook
OEEI8965,wiegandv611,prosaccow920,Sun Jun 11 13:47:29 EDT 2017,Facebook
ZWOY3303,leuschkew807,schmidtc118,Wed Mar 30 16:59:48 EDT 2022,Pintrest
SLGR4356,dickinsont735,hintzv96,Wed Nov 09 07:25:58 EST 2016,YouTube
JZRZ2356,deckowv443,goldnerd879,Sun Jul 31 20:58:03 EDT 2022,Discord
LZDH7302,powlowskim40,handy418,Sat Apr 18 17:29:03 EDT 2015,Twitch
PXWB9684,beahanb745,cummingsd781,Fri May 13 08:37:39 EDT 2022,Reddit
HNIF8864,goodwinl863,muellerh126,Thu Feb 13 04:09:30 EST 2020,WeChat
MACF8562,swiftj430,beckerh829,Thu Jun 28 10:21:08 EDT 2018,Twitch
NSQL5499,kuvalisb698,herzogs765,Mon Feb 26 06:28:05 EST 2018,Facebook
VZIL0210,greenfelderj324,gleasons960,Fri Apr 27 15:10:37 EDT 2018,Reddit
YJSG5961,litteld22,willmsm768,Sun Apr 24 16:26:37 EDT 2022,Discord
GCTN4098,wolffr230,mertzm641,Wed May 11 09:04:17 EDT 2022,LinkedIn
WSXQ6790,bergnaumc122,bashirianm346,Fri Jun 15 19:34:09 EDT 2018,TikTok
WCMU1070,westa627,hettingera203,Sun Jan 19 09:06:31 EST 2014,Discord
CQCU1019,hayesk812,smitha916,Thu Dec 22 19:32:34 EST 2016,Twitch
JGHW8515,hansene161,ernserb905,Mon Jun 09 05:45:12 EDT 2014,Discord
FQMF7787,kleinv388,emmerichf438,Thu May 12 03:32:52 EDT 2022,YouTube
REPH7525,jacobsone460,hermana873,Mon Jun 05 02:30:55 EDT 2017,Telegram
BMNT8768,carterb503,muellerd25,Wed Apr 04 06:10:30 EDT 2018,Twitter
NEIR2561,abernathyn945,watsicar789,Fri Jul 06 22:36:38 EDT 2018,Twitter
YAJM6534,legrosf931,lakinh185,Sat Apr 02 03:33:57 EDT 2022,LinkedIn
QFQB4967,prosaccol88,murazika100,Sun Sep 22 20:39:30 EDT 2019,Twitch
RLTI6750,dibberta372,o'reillye242,Fri Apr 11 16:27:07 EDT 2014,TikTok
GUCG0165,klingb342,cronino219,Fri Nov 06 17:26:28 EST 2020,Snapchat
BLLU3576,medhurstm247,klingd790,Sat May 28 16:01:18 EDT 2022,Discord
EJFD5132,davisv116,goodwink309,Sat Sep 11 06:02:18 EDT 2021,Discord
VHZB6594,batzv759,stiedemannb835,Tue Dec 13 18:41:01 EST 2016,Reddit
SEIM9433,breitenberga411,towner596,Mon Aug 08 10:19:35 EDT 2016,WeChat
BAYI7812,croninf775,wisokyl40,Mon Feb 03 06:46:09 EST 2020,Pintrest
ZMED7950,greena45,howellm130,Mon Jul 13 17:08:31 EDT 2020,Discord
TNMQ1050,corkerym746,hintzd922,Mon Sep 22 04:02:00 EDT 2014,Reddit
RVWZ5254,flatleys774,heidenreichp639,Sat May 21 14:41:54 EDT 2022,YouTube
CITH7307,hermannd377,wards815,Sat Oct 17 22:17:40 EDT 2020,WhatsApp
LORT5795,schustert505,mitchellc478,Wed Jul 17 10:31:39 EDT 2019,Snapchat
ITFR5196,veumc857,jacobsg38,Fri Jan 29 21:57:18 EST 2016,WhatsApp
SEIQ2727,donnellyr682,pouross747,Tue Apr 10 16:45:00 EDT 2018,Discord
JCIV0093,cummingsn750,mrazr567,Wed Jan 14 03:27:57 EST 2015,Telegram
FRAA2319,wildermane351,mayertr321,Tue Jun 07 18:33:19 EDT 2016,Twitch
CTQH0048,pollichf524,hodkiewiczs702,Wed Sep 14 15:55:14 EDT 2022,Instagram
VJZR0813,jacobih654,o'haraj768,Tue Sep 28 01:50:38 EDT 2021,YouTube
OZZY2422,beahane83,schambergerj347,Sat Mar 07 18:42:08 EST 2020,Pintrest
XSWT3218,hermana36,jastc506,Sun Feb 18 20:25:51 EST 2018,Pintrest
YRDY9681,ernserc258,borerc699,Tue Jul 23 11:48:09 EDT 2013,TikTok
CMPI9261,weste7,metzh114,Tue Sep 17 01:43:22 EDT 2019,TikTok
COUG8885,runolfsdottirj663,predovics295,Fri Feb 18 04:23:41 EST 2022,Twitter
EITL0641,robeld104,muellerl860,Wed Aug 29 07:32:11 EDT 2018,WhatsApp
LDXP7203,hackettt422,lednerr527,Sat Dec 07 02:02:54 EST 2019,Instagram
LKJU3805,hicklep943,weimannr509,Sat Mar 30 20:26:25 EDT 2019,WhatsApp
TBCU1672,cartwrighte351,hettingers878,Fri Nov 11 21:39:31 EST 2022,WeChat
UFIM1867,leannont571,altenwerthr150,Sun Oct 23 18:46:03 EDT 2016,Discord
ETSO9293,harrish378,muellerk233,Tue Aug 14 11:47:30 EDT 2018,Instagram
MLVL9666,dibbertv114,blockr373,Sat Jul 14 15:51:44 EDT 2018,Telegram
HLWX3323,bashirianc263,skilesh188,Mon Jan 17 16:11:45 EST 2022,Reddit
HUNJ6603,gerholdm547,bashirianb535,Wed Jul 22 01:55:44 EDT 2020,Discord
ZYOJ3065,shanahanr927,heaneys599,Sun Dec 22 01:24:05 EST 2013,YouTube
ZEBT1996,jakubowskid123,barrowsa585,Thu Apr 19 07:14:53 EDT 2018,Instagram
CFBS7588,johnstona137,williamsonm436,Thu Oct 21 19:51:49 EDT 2021,Facebook
PEDH9361,hudsong411,brownl105,Sat Mar 19 05:14:21 EDT 2022,Instagram
XKPD2378,luettgenc660,wunschg158,Thu Jan 11 12:07:48 EST 2018,Facebook
APXZ6194,rennerl844,bergec955,Sun Aug 28 03:35:39 EDT 2016,Telegram
YODK6012,grimess607,langoshj945,Fri Jan 05 00:33:54 EST 2018,Twitch
ICRP9470,schowaltera665,mantee968,Sun Feb 04 12:23:36 EST 2018,Telegram
EFMO0725,bechtelard218,huelm945,Mon Feb 19 15:03:14 EST 2018,WhatsApp
OKZM5544,carrolll585,walshl520,Wed Dec 08 10:15:04 EST 2021,Reddit
YKJT7186,labadied204,robertss644,Mon Nov 02 07:30:34 EST 2015,WeChat
BXMJ3948,huelsv166,champlink362,Fri Feb 05 03:54:54 EST 2021,WhatsApp
VRSC0508,littelw266,rogahnd204,Sun Dec 12 13:00:56 EST 2021,LinkedIn
OKUL5998,schultza808,cronai10,Sun Feb 26 12:07:49 EST 2023,Pintrest
BNLO8573,buckridgep530,sporerc969,Fri Jan 05 17:14:06 EST 2018,WeChat
JZKU4988,mcclurer632,torphyw834,Fri Oct 29 03:57:20 EDT 2021,Twitch
BAPD4394,mrazo798,balistreril266,Sat Jul 26 01:49:09 EDT 2014,Telegram
HWLT7637,rippina340,wests226,Sun Dec 15 01:17:12 EST 2013,TikTok
ZVSE7718,hoppev216,stammg140,Fri Jul 03 01:58:33 EDT 2015,LinkedIn
YYKP1783,gusikowskik449,gleasonc943,Thu Mar 29 08:35:03 EDT 2018,Snapchat
SPCN6148,labadiew868,kuvalist715,Sun Oct 12 15:10:57 EDT 2014,Reddit
YGEO2509,denesike672,predovici184,Thu Nov 26 17:29:57 EST 2020,Snapchat
UTSW9624,ondrickab779,schaefers482,Sat Feb 01 07:55:25 EST 2014,Snapchat
AAER3570,wisokyb90,koelpind356,Sat Oct 08 08:22:10 EDT 2016,WeChat
WWAF2232,wisokya525,tillmanr58,Sun Nov 01 10:53:44 EST 2015,LinkedIn
BHUX8317,homenickc190,dooleyk849,Tue Feb 11 23:19:14 EST 2020,Reddit
XBRU7032,braunl246,rolfsona486,Sat Apr 27 04:27:31 EDT 2019,Reddit
GWDI4200,kovaceki94,naderm956,Tue Mar 15 05:45:58 EDT 2022,Snapchat
NWNW1310,kundem698,nienowt120,Tue Sep 20 18:33:29 EDT 2016,Instagram
XNFJ9022,o'keefet574,murazikg476,Fri Jun 13 17:31:36 EDT 2014,WhatsApp
HYHG7667,koelpint788,johnsonp456,Thu Jan 05 13:44:47 EST 2017,TikTok
MDSH7771,mohru243,okunevah501,Wed Dec 12 16:42:37 EST 2018,Pintrest
BIYK7444,creming731,harveyv531,Sun Dec 26 09:06:22 EST 2021,Twitch
QBAS5929,kutchc903,cummeratad709,Thu Jan 08 14:13:30 EST 2015,Pintrest
PIKX1587,bednarm624,rempelw676,Wed Jun 17 17:03:00 EDT 2015,Twitter
FBWU6400,bahringerh531,heaneyt891,Fri Sep 20 02:13:59 EDT 2019,Discord
EOQX0938,konopelskij231,fritschc173,Tue Sep 17 01:53:20 EDT 2013,Pintrest
BCCI3008,rempels437,bergev18,Thu Nov 27 01:27:05 EST 2014,Twitter
UFBQ2996,farrells951,lefflerk388,Fri Oct 21 07:57:43 EDT 2016,WeChat
PIBE0751,loweb872,pagacj705,Tue Jun 20 23:10:16 EDT 2017,WhatsApp
ZUHR8470,pourosf631,cruickshankk316,Tue Jul 06 10:29:13 EDT 2021,WeChat
VBLI2618,lebsackd108,ziemed856,Tue Mar 13 06:45:31 EDT 2018,Discord
PHUN6825,vonl958,pagacg726,Tue Jan 27 01:28:30 EST 2015,WeChat
IJVA7303,schulistk59,murphye857,Wed Mar 30 01:17:12 EDT 2022,Telegram
RAHV9691,dickim569,kossd932,Wed Oct 24 19:41:33 EDT 2018,Discord
QEZZ5837,thompsonm631,mannj109,Wed Apr 02 20:58:59 EDT 2014,Facebook
CTTK9666,stiedemannc197,pagaca449,Tue Nov 16 20:48:36 EST 2021,Snapchat
QKRP8147,dachr94,leuschkem257,Mon Feb 07 10:11:41 EST 2022,LinkedIn
PZIH2785,torphyk64,abernathys347,Fri Jan 19 07:04:54 EST 2018,Facebook
LZOY1674,monahanu938,rodriguezc860,Mon Apr 29 17:58:52 EDT 2019,Telegram
EVXB0648,harberj300,denesike672,Wed May 13 06:30:45 EDT 2015,Snapchat
QXXH3860,kunzee160,nienowm12,Thu Aug 18 19:27:25 EDT 2016,LinkedIn
JFZZ5581,parkerb930,hamillj552,Sun Sep 20 10:40:41 EDT 2015,WhatsApp
QHQC7055,rodriguezn585,howellf24,Tue Mar 17 17:53:05 EDT 2015,Pintrest
GARB7039,dickinsonh222,schoenv390,Wed Dec 30 17:28:25 EST 2020,WhatsApp
OTAQ9518,auerb274,kube533,Sat Dec 21 05:51:15 EST 2013,Twitter
UJLY7709,weissnatr74,bartonl84,Thu Mar 18 17:45:06 EDT 2021,Twitch
HPXS3720,lefflerj741,schadena55,Sun Feb 02 18:03:53 EST 2020,Discord
RXID9249,carrollr687,torpd271,Tue Dec 17 16:28:32 EST 2019,Reddit
LYVH3263,gleasonk684,blocks404,Thu May 30 04:45:35 EDT 2019,Pintrest
EONV3045,kingr343,huelm834,Sun May 17 22:00:41 EDT 2020,LinkedIn
KXCW6097,schillere434,armstrongh159,Sat Sep 25 03:12:54 EDT 2021,Pintrest
ZSER5333,flatleye843,turnera708,Sun May 30 18:52:29 EDT 2021,Instagram
PIJJ3014,cruickshanke262,robertse980,Tue Apr 06 15:19:54 EDT 2021,Pintrest
EVUY2153,blickj730,reingerr657,Mon Jul 13 20:20:21 EDT 2020,WeChat
DRYO0635,andersonb119,howev172,Sat Jul 25 22:24:00 EDT 2020,Twitch
HVHL3643,pfannerstilll83,swiftv235,Mon Aug 06 03:33:38 EDT 2018,WhatsApp
TWFS0865,kerlukel383,hesselr364,Sat Mar 05 04:23:26 EST 2022,YouTube
CZWK3099,gulgowskik248,kleinh961,Thu May 25 19:17:42 EDT 2023,WeChat
GJTX6367,lockmana187,jacobit321,Thu Feb 19 17:37:37 EST 2015,TikTok
JWNH9561,lescha38,o'reillyb368,Mon Jul 06 02:43:18 EDT 2020,Twitch
FMZM8013,lowei494,koeppm301,Thu May 18 00:48:39 EDT 2017,Discord
OKLN3608,torphyw834,larsonr298,Sun Nov 19 18:43:04 EST 2017,YouTube
OANP0456,krish879,kutchs159,Sat Sep 07 16:40:16 EDT 2019,Facebook
STHJ7876,windlern612,franeckil251,Fri Sep 27 20:36:16 EDT 2013,LinkedIn
LAFC0862,jonesh525,beahanh826,Sun Jun 27 00:01:09 EDT 2021,WeChat
SOPP1332,monahanm864,lowes342,Wed Jan 26 17:17:36 EST 2022,Facebook
CXLG8800,lednerc944,nadera464,Sat Jul 11 04:55:27 EDT 2015,Snapchat
EGCZ3676,gleasond627,gaylordd433,Sat May 23 23:30:19 EDT 2020,Telegram
MFHB4646,braunm878,harberl692,Wed May 30 12:27:41 EDT 2018,Reddit
YNMZ6036,halvorsonh359,cummeratac853,Thu Oct 13 19:28:59 EDT 2022,Twitch
OXHJ8072,bartonn221,eberts358,Tue Nov 15 00:51:49 EST 2022,Facebook
VFWH0530,gislasond880,simonisa272,Sun Oct 06 11:30:21 EDT 2019,Snapchat
YTYX1588,kovacekd69,fisherk57,Sat Jun 13 08:52:40 EDT 2015,Discord
KUEB3154,hermannd377,daniely644,Mon Sep 19 07:19:37 EDT 2016,TikTok
FXOX4388,donnellye529,swaniawskin812,Tue Aug 24 09:00:28 EDT 2021,Snapchat
XOTT2192,brakush780,rempelm279,Tue Dec 17 02:09:45 EST 2013,Reddit
OIMB2273,kreigerk176,weberi713,Wed Nov 27 21:48:18 EST 2013,TikTok
WHVJ9103,stiedemannc14,daniela687,Sat Dec 19 19:18:04 EST 2020,Discord
ZZBN7731,jerded587,gorczanyc831,Sun Jul 09 21:14:39 EDT 2023,Snapchat
CTYX9708,harberm603,trantowt608,Mon Aug 15 21:52:37 EDT 2016,WeChat
CUWN1748,veumn603,pfannerstilla89,Mon Apr 01 11:26:02 EDT 2019,YouTube
YYUC7450,durganw317,trantowg633,Tue Jan 03 15:00:28 EST 2023,Instagram
XMJQ7191,donnellyo328,hackettj627,Fri Jul 02 15:55:54 EDT 2021,Discord
XWAZ0174,considiner630,kirlins857,Sat Mar 30 14:42:35 EDT 2019,Facebook
CJLS7275,krajciky261,osinskic148,Sun Aug 06 04:56:58 EDT 2017,YouTube
RCTF8681,blocks404,bahringerh531,Tue Sep 13 23:30:38 EDT 2016,LinkedIn
EPPK3714,volkmank651,ornb665,Thu Oct 18 12:48:41 EDT 2018,WhatsApp
IKOE8062,rosenbaumy270,kulasd103,Sun Sep 02 14:43:29 EDT 2018,Twitter
GIYW1679,bodea388,cruickshanka217,Sun Jul 31 15:47:23 EDT 2016,TikTok
XYME0819,hagenesj545,metzr559,Mon Jun 21 09:30:14 EDT 2021,Facebook
XBTP7016,emmerichl410,kilbackc924,Thu Apr 29 06:42:33 EDT 2021,Telegram
JMSE8647,trompr91,bartolettia725,Mon Feb 29 04:34:22 EST 2016,Facebook
RWFK4454,okunevaz213,hackettj627,Sun May 15 20:53:58 EDT 2016,Discord
EGBO4998,larsonv117,hansend804,Tue Jul 10 01:33:28 EDT 2018,Discord
NKIG9487,gaylordf864,herzogj877,Tue Apr 26 07:11:58 EDT 2022,YouTube
RGLN1828,ziemew68,gerholdj822,Mon Dec 08 04:51:12 EST 2014,WhatsApp
OPVX5065,harberr549,vonb53,Mon Aug 24 11:34:03 EDT 2015,LinkedIn
BRYT7580,keelingl696,sawaynb377,Wed Feb 26 18:06:57 EST 2014,Pintrest
WCUG2932,konopelskim819,metzc806,Mon Nov 28 16:17:03 EST 2016,YouTube
CICU5347,hellera485,watsican270,Thu Dec 22 21:42:03 EST 2022,WeChat
JLBZ8070,blockr612,rathd461,Wed Aug 08 18:56:30 EDT 2018,YouTube
LOGT3629,conroyf458,cartert481,Mon Apr 11 22:47:40 EDT 2022,Reddit
QVTO9399,huelh203,rowef68,Wed Apr 11 18:13:15 EDT 2018,YouTube
LMFG4202,cartwrightd720,cummingsh48,Fri May 12 21:03:43 EDT 2017,TikTok
HSYT6831,marvinw267,johnstona137,Fri Jan 28 03:20:35 EST 2022,Reddit
FOVV0203,kutchb46,beattyk689,Sat Dec 30 20:41:32 EST 2017,Telegram
DDEP7144,cristc87,cartwrightm562,Thu Feb 01 23:43:37 EST 2018,Instagram
EHXM0218,skilesl300,criste486,Thu Feb 06 19:38:36 EST 2020,YouTube
NQJQ6022,westj221,wehnerh289,Sun Aug 02 18:16:02 EDT 2015,YouTube
QHVA0528,schoeng614,uptons499,Sat Feb 13 18:57:41 EST 2021,TikTok
RTIO8708,lehnerl207,bruenz501,Mon Sep 27 10:25:23 EDT 2021,Discord
VXGV1655,krisw851,hammess823,Wed Mar 03 08:37:13 EST 2021,Twitter
CRSJ1497,friesenp603,gutmanna491,Thu Oct 23 12:11:47 EDT 2014,WeChat
MTAQ3314,wolfh795,stiedemannm900,Tue Aug 16 15:02:23 EDT 2016,Reddit
TBYL0471,greenw624,dickensh67,Sun Jul 31 08:50:39 EDT 2016,Snapchat
WSGE7252,schoenl77,townel776,Mon Nov 03 21:52:01 EST 2014,Instagram
AEPR6251,langl708,danielv77,Sat Nov 07 07:35:36 EST 2020,Instagram
VGHL2051,boganr506,stehrl533,Sat May 09 01:26:39 EDT 2020,Reddit
HABW6427,predovici184,ratked924,Thu Jan 27 10:50:07 EST 2022,TikTok
KWYB6301,hartmannt131,raul567,Mon Jun 01 16:39:44 EDT 2020,Twitter
KBHK8385,boyere102,stoltenbergj421,Mon Jun 08 08:59:39 EDT 2015,Reddit
GUVQ6390,rempelm394,satterfieldl260,Tue Oct 15 12:35:51 EDT 2013,Snapchat
DWOS7441,hyattn167,kihnm522,Fri Aug 28 02:07:34 EDT 2015,TikTok
LAOJ5872,schillert523,kundeb495,Fri May 14 03:29:24 EDT 2021,LinkedIn
IZFL7393,wymand687,yoste256,Mon Oct 14 02:56:43 EDT 2019,Telegram
BYZL3368,gleasond627,kertzmannj154,Mon Oct 10 00:33:36 EDT 2016,Pintrest
CYVN8097,kossr922,wardh524,Tue Jul 05 03:48:34 EDT 2022,LinkedIn
CAMR4805,reillyb54,lubowitzc125,Thu Jun 07 12:26:43 EDT 2018,YouTube
JROA9043,lebsackj172,mckenzied35,Tue Oct 28 00:38:43 EDT 2014,Twitch
RCWY5615,moorem612,bechtelare148,Fri May 16 04:14:00 EDT 2014,Discord
MOES8572,lednerw319,kesslerb88,Wed Apr 15 05:34:42 EDT 2015,Instagram
CVMT0136,nitzschel831,starkt292,Fri Dec 03 22:51:47 EST 2021,LinkedIn
UZHQ6599,sawaynt503,cristk320,Fri Jul 10 22:26:37 EDT 2015,WeChat
ROZF0974,wiegandt611,kubt478,Wed Apr 26 05:10:31 EDT 2017,Telegram
EQHG7517,walsha615,schroederg482,Sun Oct 10 03:32:30 EDT 2021,Snapchat
IDCX5912,whitef394,cummeratac853,Wed Jan 10 12:33:09 EST 2018,WeChat
YGNQ1213,macgyverm591,altenwerths91,Sat Aug 28 11:56:48 EDT 2021,LinkedIn
NCJZ3932,walshs946,schadenk149,Wed May 20 16:50:39 EDT 2020,Discord
YUTR4413,lakinj432,o'haras271,Wed Mar 31 21:33:46 EDT 2021,Reddit
MJJR3318,pourosc887,gibsonh755,Mon Jun 30 09:46:20 EDT 2014,Instagram
KUAD8386,carrolll585,botsfordp406,Tue Nov 14 10:32:20 EST 2017,Reddit
SJOE8290,brekkeh374,stokesn76,Wed Oct 29 07:03:18 EDT 2014,Instagram
ZLHV7153,mckenziep140,batze393,Tue Mar 15 14:12:02 EDT 2022,LinkedIn
RHYZ4502,douglasb878,dietriche182,Fri Aug 09 15:59:30 EDT 2019,Twitch
IXIS1320,gulgowskim637,gislasona396,Sun Feb 10 13:26:36 EST 2019,Facebook
EVXT9227,welchw439,tremblayr441,Fri Feb 22 11:49:45 EST 2019,WhatsApp
FHIT6040,watsicar893,hande366,Wed Dec 03 07:14:53 EST 2014,Instagram
PAJE4576,luettgenk739,considinec207,Sun Sep 21 10:49:03 EDT 2014,YouTube
BVFW0540,hellerq673,mcdermotto355,Sat Jun 04 10:44:43 EDT 2022,WeChat
BKVJ2567,fadelg415,jerdel859,Tue Nov 29 15:05:50 EST 2016,WeChat
JOFS4457,larkinb426,hamilll862,Sat Oct 21 05:54:13 EDT 2017,LinkedIn
RPZE0133,treutels646,paucekd514,Sat Feb 13 20:58:03 EST 2016,LinkedIn
XTFZ8427,moent404,mantes769,Sat Apr 19 21:20:31 EDT 2014,Pintrest
UQWJ1947,wilkinsonb327,kirline92,Sat Oct 28 05:08:16 EDT 2017,Twitch
XECN6824,beckerh724,haage585,Fri May 29 03:39:54 EDT 2015,WeChat
HOSW0200,kuhict770,gleichnerm6,Fri Jun 02 13:08:36 EDT 2023,YouTube
WLLM3975,schimmeld543,lindgrenc747,Sat Feb 13 04:15:43 EST 2021,LinkedIn
WSXU9460,erdmana418,tremblayc267,Wed May 14 07:24:27 EDT 2014,WhatsApp
SVRH8628,howells610,wintheiseri487,Fri Aug 23 05:35:53 EDT 2019,Instagram
LDAW1397,hanee70,schambergerl155,Fri Aug 01 19:34:36 EDT 2014,Reddit
CZQN3032,cronam778,beerj821,Mon Nov 24 21:57:33 EST 2014,Twitch
NJOJ9707,johnsa451,blocke800,Wed Dec 04 13:59:14 EST 2019,Reddit
LZYX4621,emmerichd119,dickinsonc77,Mon Dec 07 23:19:04 EST 2015,Pintrest
XWWP5993,jenkinsd233,keeblero302,Thu Feb 18 07:18:25 EST 2021,YouTube
GVLU7903,rennert584,kuhicb672,Wed Oct 26 15:13:11 EDT 2022,LinkedIn
OMQL8719,abshirel419,greenholtg508,Fri Apr 18 02:45:58 EDT 2014,Snapchat
HLFQ1247,hillsv753,willmsj292,Thu Sep 25 11:28:04 EDT 2014,Reddit
LEYK4143,lueilwitzr504,voni318,Fri Nov 03 02:11:41 EDT 2017,Telegram
JBPN1340,howellf24,reynoldsw978,Fri May 26 10:52:43 EDT 2023,WhatsApp
TBOD4919,metzd220,boganl198,Sun Mar 20 03:27:00 EDT 2016,TikTok
UQEE7556,wolffm69,o'kona367,Sat Jan 17 07:27:38 EST 2015,Instagram
CYGT4498,corkeryl751,smithamm420,Wed May 31 00:06:50 EDT 2023,YouTube
ZMAR1826,wehnera700,trantowk12,Mon Nov 17 21:49:58 EST 2014,Facebook
PWUC7624,trantowf799,dickinsonv63,Sun Oct 16 18:32:23 EDT 2022,Twitter
NCWY2303,kundeb495,nicolasj954,Sun May 13 13:11:21 EDT 2018,Snapchat
INAQ5501,veumj337,cormierl227,Thu Jan 18 18:51:30 EST 2018,WeChat
MDOW5277,kesslerk487,bahringerf697,Sun Oct 22 00:07:09 EDT 2017,WhatsApp
TBHG8901,dickil623,binsh305,Sat Dec 21 21:35:13 EST 2019,Snapchat
LFQA4258,gutkowskid223,skiless435,Fri Oct 26 10:49:23 EDT 2018,Telegram
PQRA9800,harberl692,abbottl793,Wed Aug 07 08:48:50 EDT 2013,Pintrest
HCMH1033,turnerd582,pfannerstillc597,Tue Sep 05 04:38:23 EDT 2017,WhatsApp
PPTQ5135,danielv77,mckenziec506,Sun Dec 06 13:49:18 EST 2020,Snapchat
AYJK0209,champlinc489,satterfieldk493,Mon Oct 29 05:32:59 EDT 2018,Facebook
XOGS8488,framib720,handc758,Fri Dec 20 17:37:53 EST 2019,Twitch
QNAS6521,lefflerm157,strackel239,Wed Dec 18 13:50:05 EST 2019,YouTube
CYPF5416,schmelerj970,rippink48,Wed Apr 06 06:03:32 EDT 2022,Pintrest
EXQS8860,hammesj556,bahringerj687,Sun May 26 11:15:42 EDT 2019,Reddit
TDBD1200,reichertf174,gaylordn106,Sat May 05 19:26:54 EDT 2018,Twitch
ZXKM4528,bashiriano20,doylem282,Tue Dec 11 00:33:33 EST 2018,Pintrest
ZHDE7796,rohanj820,abbottr114,Tue Mar 15 19:18:11 EDT 2022,YouTube
DVVL1021,reichelk826,cummeratam668,Tue Feb 24 03:41:46 EST 2015,TikTok
PZNZ8900,champlinr71,deckowj53,Sun Jul 26 00:42:38 EDT 2020,Facebook
UYFP4537,o'reillye122,legrosc211,Thu Jul 10 01:09:52 EDT 2014,Facebook
IOVF8003,mooret918,gaylordt153,Mon Jul 22 09:36:51 EDT 2019,Twitter
TUMY8552,rippint578,quitzone410,Thu Jul 31 14:13:45 EDT 2014,Reddit
HPRF8461,beierj549,o'reillyj17,Tue Dec 16 14:06:44 EST 2014,Twitter
JNSG2964,schulisto831,baileye800,Sat Apr 12 09:24:08 EDT 2014,Reddit
CALZ1079,thiels189,leuschkem257,Fri Nov 08 13:17:36 EST 2013,Facebook
TGZL6420,brekket545,reichertc701,Fri Oct 07 12:51:31 EDT 2022,Discord
CDIS9221,dooleyd156,schambergera86,Mon Aug 18 02:43:25 EDT 2014,TikTok
LZUY5781,walterj486,donnellye529,Fri Aug 30 13:50:53 EDT 2019,YouTube
YENM7181,willmsm768,hartmannk296,Fri Aug 16 22:26:58 EDT 2019,Facebook
LNJQ6363,olsonb816,denesike672,Thu Jun 15 14:13:05 EDT 2017,TikTok
OQXZ1988,collinse34,kirlina210,Sun Apr 02 10:42:14 EDT 2023,WhatsApp
FATT4529,wehnerc124,uptond388,Fri Oct 27 23:18:11 EDT 2017,Pintrest
BNJZ2715,marvina451,funkm953,Mon Apr 08 06:35:39 EDT 2019,Snapchat
SNLA9810,robertss644,rolfsonm146,Wed Dec 02 13:37:39 EST 2015,Twitch
ZKJW5243,krajcikv552,harberd438,Tue Nov 02 22:27:43 EDT 2021,Pintrest
MWZS5514,veumc857,bednarq274,Sat Nov 04 13:46:16 EDT 2017,Reddit
VVDD5783,borerr53,shieldsm431,Wed Apr 28 00:38:47 EDT 2021,Telegram
RKXY4895,klingf115,heidenreichp639,Sun May 22 13:38:33 EDT 2022,Discord
MKEF9285,dickense808,beckerb28,Mon Mar 28 19:05:30 EDT 2016,Facebook
IDRI9947,hintzj517,lynchj910,Wed Jun 27 00:33:44 EDT 2018,WhatsApp
QNOV1236,mannt96,kutchs428,Sat Dec 23 18:16:02 EST 2017,Snapchat
RBBO6076,lubowitza464,bruenz501,Sun Nov 24 07:49:49 EST 2019,Twitter
JJBQ7842,stromane4,mayerd745,Mon Apr 19 23:54:39 EDT 2021,WhatsApp
JUWO3272,tremblaym238,sporerc841,Tue Aug 08 10:51:14 EDT 2017,Snapchat
STPN6342,sauerk498,hauckj282,Tue Feb 04 00:28:41 EST 2014,Facebook
BGQY6682,bahringerh531,deckowa611,Thu Aug 22 17:43:49 EDT 2019,TikTok
QIRO0931,dickinsong131,cronam778,Sun May 29 08:10:15 EDT 2016,TikTok
XZWJ4883,starkt292,schowalteri179,Sun Nov 22 08:32:24 EST 2020,WeChat
BAYA1409,thielf793,rempelm394,Thu Apr 13 07:24:47 EDT 2017,Pintrest
QQAZ8442,flatleys774,feeneyh683,Sat Dec 27 03:27:31 EST 2014,Facebook
RGGA4173,auerb274,jerden53,Wed Dec 22 08:32:16 EST 2021,WeChat
MNWU5107,mclaughlinm434,simonisr645,Thu Sep 01 02:36:28 EDT 2022,Discord
DIUH2968,funkc282,swifte18,Sun May 04 19:03:25 EDT 2014,WhatsApp
GUSB3611,morarm554,eberta162,Thu Aug 11 08:33:24 EDT 2022,Pintrest
WLWO7372,schultzk424,mitchellw217,Fri Sep 17 16:25:17 EDT 2021,YouTube
OFGC7175,parkerj608,gorczanys243,Wed Aug 05 05:32:28 EDT 2020,WeChat
HURO2300,faheye847,gleasony218,Mon Dec 05 16:22:44 EST 2022,WhatsApp
MEKA4917,schowaltert944,connellyo694,Thu Nov 05 18:43:24 EST 2020,Twitch
WAWG6074,olsonl842,cormiery343,Sun Nov 13 18:26:16 EST 2016,TikTok
BLKN7718,rolfsonk599,blandal86,Wed Mar 02 12:40:22 EST 2022,Facebook
EFOH8573,kulasw278,mohrb476,Mon May 11 17:04:52 EDT 2020,Pintrest
ZDME5813,jacobsonr771,spencerj934,Tue Oct 10 16:33:32 EDT 2017,YouTube
RIPY1825,howelll830,o'connerc418,Mon May 31 16:48:22 EDT 2021,Pintrest
KDCG7048,howec511,kube533,Sun Sep 07 17:57:06 EDT 2014,Twitter
QQLE4618,gulgowskic883,connellym642,Tue Apr 22 18:09:14 EDT 2014,Twitter
APFF0494,wizat175,dibbertm649,Tue Dec 28 11:06:06 EST 2021,Snapchat
OOBB9534,smithm725,wehnerl445,Sun Mar 08 13:06:31 EDT 2020,Instagram
OHMN9297,feilh860,nadera807,Sun Nov 01 11:16:38 EST 2020,Discord
ADER5300,dooleye448,wiegands930,Thu Jul 24 19:44:40 EDT 2014,LinkedIn
XZGG6423,harveyp666,cassind956,Thu Jul 12 16:44:40 EDT 2018,Twitter
VDUL4513,bernierr391,wintheiserj226,Thu Dec 16 07:50:27 EST 2021,Twitch
HWFV3692,adamsc915,ernsera448,Sat Nov 13 03:31:00 EST 2021,Twitter
SJKF0087,macgyverp347,cartern354,Wed Oct 11 07:36:07 EDT 2017,WeChat
EGUG8995,faheym21,streichs577,Thu Sep 29 11:58:25 EDT 2016,WeChat
CGYA1466,hermannd377,leannona853,Thu Sep 23 02:02:01 EDT 2021,Instagram
MZSM0224,dacha10,hesselc863,Sun Nov 05 04:12:02 EST 2017,Instagram
WIBH2881,daughertya808,cummingsv757,Wed Jul 12 10:49:43 EDT 2017,YouTube
DMSW5959,borers822,wardj9,Fri Mar 19 21:02:53 EDT 2021,Twitter
BZNI4839,beierc190,huelsa503,Sat Mar 04 07:05:54 EST 2023,Twitter
ZVZD1965,marksb389,doyles503,Fri Mar 10 01:36:03 EST 2017,Facebook
FUPO0927,franeckis433,schneiders457,Sat Feb 15 23:13:51 EST 2020,Pintrest
XHDQ3067,mertzm641,watersc722,Thu Jul 30 15:14:03 EDT 2020,Discord
UCHJ0068,quitzont311,mayertr98,Mon Feb 20 15:25:46 EST 2023,WhatsApp
VTWL3488,riced384,stokesd149,Sat Jul 15 20:50:30 EDT 2017,Facebook
TZWE9712,wunschm812,yostb851,Sun Mar 20 11:30:49 EDT 2016,Snapchat
GYHW5673,blandal216,schmidtp578,Thu Nov 17 08:10:47 EST 2022,Instagram
VZZS0494,franeckib455,connj73,Mon May 17 22:19:50 EDT 2021,Discord
PBGD2500,jacobia858,o'keefew250,Sat Aug 18 14:34:10 EDT 2018,Telegram
VJGZ5447,ritchiej784,abernathys347,Sat Nov 04 12:09:14 EDT 2017,Twitch
MWVH2698,morarp318,lueilwitze968,Tue Mar 04 14:53:50 EST 2014,WeChat
HICN1722,walkerk709,blockj365,Thu Jul 09 21:40:08 EDT 2020,YouTube
HVZB2897,bechtelarj109,heidenreichd536,Sun Dec 30 12:52:57 EST 2018,TikTok
GBKV5922,nolanh54,smithk680,Wed May 13 14:33:19 EDT 2020,WeChat
LGUD9231,robelm980,labadiec859,Tue May 03 18:34:50 EDT 2022,YouTube
AJNE8612,bechtelarl853,kuhlmane142,Thu Jun 15 09:22:41 EDT 2023,LinkedIn
LIVL3723,cartera249,lueilwitzf120,Mon Jan 06 11:10:51 EST 2020,Twitter
DOOF2370,jacobit321,schmelerj970,Tue Dec 15 18:18:27 EST 2020,Facebook
HFDD2324,prosaccob829,legrost134,Thu Jul 25 03:53:42 EDT 2019,Pintrest
VHZU6767,lueilwitze968,lubowitza464,Fri Jun 09 02:33:19 EDT 2017,Telegram
HQTN8908,heidenreichc251,baileyr865,Tue Dec 02 11:11:15 EST 2014,Instagram
KQNS6274,dooleye448,durganj337,Sat Sep 02 16:49:41 EDT 2017,Telegram
AJPP3630,gulgowskij41,schulistj658,Sun Feb 04 00:54:21 EST 2018,LinkedIn
UIQG1564,daniela687,hagenesi416,Tue Apr 20 01:18:04 EDT 2021,Facebook
XBTN7759,schadenk149,ebertk85,Thu Sep 22 13:01:19 EDT 2022,YouTube
KTWC3408,borere459,satterfieldn269,Mon Sep 09 16:26:57 EDT 2013,LinkedIn
VAGE6457,hartmannd590,gibsonk107,Sun Apr 09 04:51:24 EDT 2017,Discord
ELER3914,rueckerk794,hoegert432,Sat Jul 29 00:06:33 EDT 2017,Pintrest
WITA2847,marvine466,schneidero530,Tue Apr 04 21:06:13 EDT 2023,Reddit
XNEZ4118,stehrl923,smithama391,Wed Sep 13 01:57:15 EDT 2017,Facebook
TIJS6944,roobe897,beattyh680,Sat Jul 27 19:24:18 EDT 2019,WeChat
ZNPK8025,welchb267,lindc729,Thu May 06 08:10:41 EDT 2021,Snapchat
YBPC8248,cummeratag101,schumms486,Thu Sep 19 08:48:51 EDT 2019,Reddit
YSRX4623,littelg369,jakubowskia808,Wed Sep 22 00:15:49 EDT 2021,Telegram
UAPW1923,swaniawskit63,westr951,Fri Aug 02 21:00:54 EDT 2013,Pintrest
UOFG5631,cormiery343,waelchic661,Tue Oct 08 20:35:04 EDT 2019,TikTok
ZTXI8802,medhurstv795,sengere572,Thu Nov 04 17:42:03 EDT 2021,Telegram
MZNZ9827,goldnerd114,grantm666,Fri Jun 22 20:01:44 EDT 2018,LinkedIn
BGQZ6406,konopelskia531,larking153,Fri May 26 05:33:43 EDT 2023,Discord
VHLV7059,dachn200,ziemannc278,Wed Feb 07 02:48:51 EST 2018,Telegram
GZRI3618,schambergerj347,swaniawskim137,Fri Dec 15 13:13:25 EST 2017,Snapchat
ACPU4898,pfefferi440,walshl520,Sat Sep 09 01:28:12 EDT 2017,WhatsApp
GMEM6684,andersone641,abbotti761,Sat Oct 19 07:57:43 EDT 2019,LinkedIn
SCLH6641,schmidtc512,heidenreichr45,Sun Sep 11 10:30:10 EDT 2016,YouTube
KFSQ6043,macgyverd68,ernserc258,Tue Jan 10 05:08:02 EST 2023,TikTok
BEPP7860,wolfft410,dickinsonv63,Wed Jan 08 13:39:11 EST 2014,Instagram
HCRK9640,hellerd694,turnerk794,Mon Feb 04 12:17:56 EST 2019,WhatsApp
FIYH4892,donnellyo328,boehme480,Tue Apr 15 20:58:59 EDT 2014,Twitch
CXIQ6887,dachc266,bechtelard464,Thu Jan 24 02:12:13 EST 2019,Telegram
UQAU3215,fadelb261,welche186,Thu May 04 17:45:28 EDT 2017,Reddit
AVCA7369,raur518,hettingeri323,Sat Dec 28 11:08:34 EST 2019,WeChat
ECCF8022,gaylordf864,cristl250,Tue Aug 07 23:13:50 EDT 2018,WeChat
WJXA2020,wizar781,streichs930,Sat Aug 05 22:28:06 EDT 2017,Snapchat
UYCV7091,stromanb934,shanahand966,Wed Apr 01 13:22:28 EDT 2015,Twitch
LKXW7996,weberc484,johnse180,Sat Oct 14 19:06:30 EDT 2017,TikTok
GILX4581,danieln545,ortizb374,Tue Dec 13 16:57:46 EST 2016,Snapchat
AVKK8548,grimesl739,turcottel123,Wed Nov 30 18:38:05 EST 2022,Pintrest
EMLK7876,kirlino934,hartmannd590,Sun Jul 02 02:09:21 EDT 2017,Instagram
FULF4079,cormiert557,morarl71,Wed Apr 08 23:08:15 EDT 2020,Telegram
NDKX2483,cartwrightm562,leschs123,Sat Sep 01 19:07:57 EDT 2018,WhatsApp
XDIO0304,hands695,leannont571,Thu Oct 17 11:49:02 EDT 2019,WhatsApp
NOZC9040,johnsonh154,gorczanyc511,Fri Dec 15 22:33:28 EST 2017,Instagram
GDKC7974,reingerk206,strosine469,Fri Mar 29 07:25:38 EDT 2019,Snapchat
RDVY7661,kerlukej452,douglasr333,Mon Nov 16 14:43:16 EST 2015,Pintrest
SSDQ0118,stokesc106,jonesc257,Tue Feb 07 15:32:28 EST 2017,Reddit
UOSL4193,hande366,kautzerc760,Mon Aug 26 07:34:34 EDT 2019,Twitch
TIPG6607,kozeyk956,strosind476,Wed Aug 27 00:35:27 EDT 2014,Discord
LNCM4080,millert670,sanfordj931,Sun Jan 12 14:09:15 EST 2020,Telegram
FXLQ8917,skilesb956,leuschker167,Thu Mar 02 01:28:01 EST 2017,Pintrest
MMGO9331,naderm956,rempelw676,Fri Mar 20 01:01:34 EDT 2020,WhatsApp
QXSR9886,beero78,kuhlmanm162,Tue Mar 27 03:42:09 EDT 2018,Discord
GLAY8152,wolffs116,nienowa200,Mon Oct 28 21:54:51 EDT 2013,WhatsApp
WHQY0687,dietricha442,sipesm88,Sat Mar 20 07:36:11 EDT 2021,Snapchat
AVTB5020,cartwrightd720,bednaro877,Sat Feb 24 06:41:03 EST 2018,Instagram
EFKF9050,labadiec859,tremblayc218,Sun Aug 15 04:36:43 EDT 2021,Facebook
NDQE7529,johnstonn282,rathn711,Sat Jul 25 11:07:03 EDT 2020,Discord
BCKE6021,keelingb689,hillsd866,Tue Dec 27 06:51:38 EST 2022,YouTube
WWTE7730,donnellys934,armstrongh159,Sun Dec 18 03:11:07 EST 2016,WeChat
DCVU5262,raynorl302,flatleyj333,Sat May 25 02:00:54 EDT 2019,TikTok
UTPV4070,luettgent790,wolfm817,Sat Oct 12 00:49:11 EDT 2013,Instagram
GZKE4980,sengerj602,dibbertk84,Fri Oct 04 17:40:12 EDT 2019,Twitter
WQHF6554,ricea352,baileyj807,Tue Sep 30 12:18:47 EDT 2014,Discord
YDOJ7075,bergnaumh224,altenwerthe6,Wed Jun 09 00:31:47 EDT 2021,Snapchat
WYYI4949,howells610,danield810,Thu Sep 02 02:16:46 EDT 2021,YouTube
PMCF9417,treutelm51,hanseni700,Wed Jun 22 20:02:16 EDT 2022,LinkedIn
VHYU2880,johnsoni105,langoshc171,Sat May 15 07:33:42 EDT 2021,Reddit
NERT9240,gottliebe58,carrolll585,Sun Jun 17 02:41:13 EDT 2018,YouTube
UGAA9005,howec740,hintzv96,Sun Apr 30 16:37:21 EDT 2017,YouTube
BXMI9185,schulistw970,reingern98,Wed Oct 16 23:54:03 EDT 2013,Discord
QTKZ7050,blickc301,turnerl268,Sun Dec 27 20:43:26 EST 2020,Pintrest
JELL1202,jenkinsc758,larsond102,Sun Jul 19 11:43:14 EDT 2015,Twitter
KLET5259,labadiec859,wardb97,Wed Mar 24 19:34:36 EDT 2021,Telegram
GPQI3697,barrowsr415,willmse932,Mon Oct 21 14:53:19 EDT 2013,WhatsApp
DVLJ8247,walshk690,o'reillyd196,Fri Oct 26 19:52:06 EDT 2018,Instagram
LQDF4935,abshirej284,strosind476,Fri May 17 22:36:05 EDT 2019,Telegram
OHJY3972,brakush780,mckenziec506,Fri Nov 25 12:57:19 EST 2016,Pintrest
SUVV6575,reichele791,deckowp62,Tue Oct 15 00:57:29 EDT 2019,Reddit
USRG7153,shanahanl759,haleyl257,Mon Jun 15 07:16:17 EDT 2015,Twitch
SCMU6294,fadelt690,beahang967,Mon Nov 16 03:11:39 EST 2015,TikTok
HBSQ6159,abbottj232,beierj549,Sun Jul 07 11:29:43 EDT 2019,YouTube
BEFO2203,bartelld834,abshired281,Thu Aug 01 23:15:24 EDT 2019,Telegram
POUH9548,jenkinsc758,gislasond880,Sun Jan 06 02:29:20 EST 2019,Twitch
OEVU7864,thield387,wintheiserd714,Thu Jul 08 09:54:26 EDT 2021,Instagram
VGKV9777,ritchier273,kuhicl706,Wed May 23 19:42:00 EDT 2018,Reddit
MDNU8249,marvinm966,casperb686,Tue Aug 24 04:25:10 EDT 2021,Pintrest
CBRQ6724,ondrickao280,considiner630,Sat Aug 02 17:38:07 EDT 2014,Reddit
KGQZ6064,smithb176,cronaj293,Sat Sep 24 12:34:06 EDT 2022,YouTube
WZCR9842,blockj365,welchk862,Tue Apr 09 13:36:30 EDT 2019,TikTok
IUYF6643,cruickshankf383,baileye891,Fri Aug 28 09:03:46 EDT 2020,WeChat
QQIL1439,leannonf740,cormiert557,Sun May 27 05:37:14 EDT 2018,Snapchat
QFFK8919,gusikowskil143,steubers103,Tue Jul 08 17:15:56 EDT 2014,Instagram
OBVM9128,labadiec972,armstrongt800,Tue Jun 20 06:27:42 EDT 2023,LinkedIn
GVIO1889,corwint925,quigleym241,Wed Nov 04 20:21:08 EST 2020,Discord
DZFN8103,adamsv664,carrolll235,Mon Aug 07 03:06:05 EDT 2017,Pintrest
QASZ6495,littlem387,flatleyk522,Wed Nov 09 18:05:54 EST 2016,LinkedIn
BSCY5811,stehrl923,bradtkel74,Sat Dec 12 18:06:58 EST 2015,Instagram
TUPC3253,whitej626,sawaynk719,Thu Nov 07 01:42:39 EST 2019,Facebook
KIFE0843,rennerr765,homenickc190,Tue May 03 05:58:46 EDT 2016,YouTube
KRBG1933,bednaro877,kiehnm734,Wed Jan 25 19:00:59 EST 2017,Facebook
XNBB0406,reingerd476,harberd438,Tue Aug 14 12:51:17 EDT 2018,Telegram
QJJX9979,hanee70,windlern612,Thu Oct 24 10:35:07 EDT 2019,YouTube
PIWZ3247,hudsonj970,leuschked317,Mon Nov 17 05:18:25 EST 2014,Instagram
KLYE8555,jenkinss811,gulgowskic35,Fri Nov 18 15:55:56 EST 2016,YouTube
FJBH4309,kshlerinm534,sauerb684,Sun Aug 27 18:46:48 EDT 2017,LinkedIn
QQCP2979,weimannm179,feilr632,Fri Sep 01 12:07:32 EDT 2017,Pintrest
PMWS2870,hudsons343,gerlachl500,Wed Feb 12 15:19:01 EST 2020,LinkedIn
AKKA9789,beckerh829,wunschw750,Wed Apr 06 12:57:51 EDT 2022,YouTube
PUKC9258,hudsonc317,jacobia858,Fri Aug 03 19:44:52 EDT 2018,Instagram
AWWN6405,bergev18,kundem698,Sat Apr 18 16:00:22 EDT 2020,Pintrest
EDLB6355,lefflerm51,linde119,Sun Jan 10 11:32:50 EST 2016,Twitter
QJIS1329,weimannb942,sengerm102,Fri Jul 15 14:48:53 EDT 2016,Telegram
TIOO7588,hellerj38,hodkiewiczc87,Sat Nov 07 04:05:37 EST 2015,WhatsApp
XALW8198,veumm48,hansenk171,Tue Aug 18 10:51:06 EDT 2015,TikTok
GGJV9454,dickensi239,kossb70,Sat Jan 31 06:03:08 EST 2015,WhatsApp
CHYF4268,douglasr333,greenl721,Sat Feb 25 18:38:18 EST 2017,TikTok
DXIL1385,kuhnk751,cronaa293,Fri Apr 24 00:38:00 EDT 2015,YouTube
VLGQ9054,ferryl2,grahamd103,Mon Jan 11 10:43:24 EST 2021,Discord
BBSQ2251,dickim905,brekkes120,Fri Feb 24 00:13:09 EST 2017,WhatsApp
WODQ9084,kingk507,reingern98,Sat May 31 21:44:46 EDT 2014,LinkedIn
MXDJ5970,bartona907,grahamd103,Sun Nov 03 06:09:26 EST 2019,Reddit
HANF8336,kiehnt247,pouross747,Tue Sep 26 14:50:40 EDT 2017,Instagram
NDBJ9335,schuppet534,jerdel859,Mon Apr 11 03:51:04 EDT 2022,YouTube
AMXI5048,hayesf703,wymanc800,Sun Sep 29 12:05:48 EDT 2019,WhatsApp
JUXS6070,dietriche182,feesta846,Sat Feb 03 09:31:16 EST 2018,Twitter
EPVD8232,hansenw545,ondrickao280,Wed Apr 29 17:47:02 EDT 2020,Snapchat
WMKO3177,o'keefew619,jacobst67,Sun May 16 11:04:35 EDT 2021,Reddit
RLPG9225,abshired281,ondrickao280,Tue Feb 07 07:09:04 EST 2017,YouTube
QZVW4907,pfannerstillk793,tremblaya866,Mon Dec 09 18:54:02 EST 2019,Reddit
SORX1184,powlowskir318,macgyverm591,Wed Feb 25 14:56:16 EST 2015,YouTube
CLDN5697,bartellm414,steubers299,Fri Jul 24 18:03:27 EDT 2020,Telegram
WLCU4874,wiegandj84,handa860,Fri Dec 11 00:48:27 EST 2015,Reddit
FHOG2288,monahand501,zemlakm383,Mon Apr 24 14:59:58 EDT 2017,Twitter
XLCM7784,pagach500,effertzb409,Thu Nov 24 11:36:37 EST 2022,Telegram
WLEL4332,beiery522,hamillc444,Sat Mar 19 13:12:48 EDT 2016,Twitch
UKIC3640,huelsm199,zemlakm967,Sat Jun 10 16:30:48 EDT 2023,Twitter
YZCF9125,jerden53,mooreb871,Mon Dec 20 02:06:45 EST 2021,WhatsApp
UWKL8456,watsicak915,kuhnk751,Sat Apr 20 14:27:29 EDT 2019,Twitch
PMYJ7529,zboncakf90,grahamj223,Mon May 23 01:00:42 EDT 2022,Reddit
RVYJ4830,vandervorts539,zemlake190,Sun Mar 01 12:18:31 EST 2020,Twitter
YVWG9437,feeneyd79,beckera474,Tue Nov 12 10:02:35 EST 2019,Reddit
HISK6554,o'haraa446,johnso140,Tue Aug 09 12:31:59 EDT 2016,Twitch
CIRZ3670,bahringerf697,osinskia731,Wed May 13 02:17:25 EDT 2020,Twitter
MVKP5001,gradyi94,baileye800,Thu Aug 18 19:17:15 EDT 2022,Discord
ZEIJ8425,bechtelarm162,stiedemannb835,Wed Aug 23 09:34:15 EDT 2017,Instagram
UJJA2819,deckowm365,lubowitzd714,Mon Jan 11 15:20:14 EST 2016,YouTube
ATTC5587,goodwinc757,schambergerw404,Fri Apr 24 08:04:39 EDT 2015,Twitch
GDPA2930,funkj259,weissnatr74,Mon Sep 25 22:10:39 EDT 2017,Snapchat
BSBQ4946,uptonm495,runolfsdottiro332,Mon Jan 11 04:17:20 EST 2016,Twitter
NQOY2116,larsonr524,schinnerc848,Tue Dec 24 12:34:16 EST 2019,WeChat
SFDZ5089,collierm36,denesikr263,Mon Jan 08 02:25:50 EST 2018,Twitch
JZKK2412,heidenreichm76,hicklem152,Sat Jul 15 10:38:12 EDT 2017,WhatsApp
OYKT4592,skiless435,rennerw107,Fri Mar 05 05:46:18 EST 2021,Telegram
OOFY5206,criste486,whitef394,Sat Jan 26 06:21:16 EST 2019,Telegram
JFGW3761,yostr841,kessleri234,Thu Nov 04 18:21:41 EDT 2021,Facebook
PSTD0973,rosenbaums324,stammg140,Fri Dec 13 11:09:50 EST 2019,Twitter
UIUA8362,pagacp973,nitzschet23,Sun Aug 23 17:29:50 EDT 2015,Snapchat
QQFI0852,marvinr221,ernsert592,Tue Jan 18 22:40:59 EST 2022,Pintrest
YCSW1327,beckerb28,schinnerg707,Thu Aug 03 18:59:36 EDT 2017,Instagram
ZTDB6445,mayery3,kovaceka47,Fri Mar 03 10:11:15 EST 2023,Snapchat
TZNY7385,batzv759,parisianl858,Fri May 18 18:20:12 EDT 2018,Instagram
SQPD4940,cummingsg935,schinnerx46,Wed Dec 03 12:19:26 EST 2014,WeChat
BRUT9767,kuhlmanc564,terryj973,Thu Sep 27 05:24:45 EDT 2018,WhatsApp
PEAN2700,reichertc701,o'konn275,Fri Jan 13 11:49:16 EST 2017,Discord
PMYY6703,koelpint837,rippinr871,Sun Oct 16 01:30:06 EDT 2016,TikTok
GHRK7765,kovacekm438,mcglynnc221,Thu Aug 05 09:29:46 EDT 2021,Twitch
XHGL0899,linde119,zemlakt960,Tue Sep 16 12:20:39 EDT 2014,Discord
JTJJ9034,fritschj433,wolfh795,Wed Jul 24 14:34:29 EDT 2013,LinkedIn
RPIQ0655,strosint640,macejkovica793,Sat Jul 08 20:30:26 EDT 2017,Reddit
ELKW1150,hackettb187,ullrichj356,Wed May 05 15:18:03 EDT 2021,WeChat
GUFD3611,howem227,hermannj672,Wed Jul 01 03:34:49 EDT 2015,YouTube
QOQR5918,stiedemannc14,schadend308,Mon Sep 24 06:01:19 EDT 2018,Telegram
STEZ4114,tremblayn748,mcclurer632,Sun Jun 19 20:26:56 EDT 2016,LinkedIn
KZMQ0703,beiery522,greenf56,Sun Jul 07 04:14:32 EDT 2019,WhatsApp
EWGW0295,bechtelarm501,gorczanyc831,Tue Nov 05 09:18:31 EST 2013,WeChat
XSTY8558,hahnc28,wisokyt385,Tue May 04 11:46:40 EDT 2021,Reddit
GLFZ2501,carrolld393,volkmanr483,Sun Sep 08 18:16:13 EDT 2019,Discord
NGAF8867,herzogj877,gorczanym139,Sat Mar 29 19:54:19 EDT 2014,YouTube
SJFG3615,hermano387,cronaa293,Tue May 13 05:26:47 EDT 2014,Telegram
TJLC6384,klingm917,rennerc704,Sat Oct 14 05:17:39 EDT 2017,LinkedIn
OLHD1632,fadela913,willm765,Fri Jan 13 06:38:34 EST 2023,WhatsApp
KHQV8265,krisg285,aufderharl959,Thu Oct 28 22:15:52 EDT 2021,Instagram
YBRS1543,haage585,eberti897,Tue Nov 10 19:13:30 EST 2020,Pintrest
ZLLT7112,gleichners273,hyattd970,Fri May 02 21:49:16 EDT 2014,Instagram
DKGA3979,satterfieldk493,bednarm624,Tue Jan 07 05:39:30 EST 2020,WhatsApp
VFEI4423,hoegert432,sengerr547,Sun Aug 14 11:02:23 EDT 2016,WeChat
HCJP3430,ondrickan793,blickm228,Fri Dec 02 01:00:49 EST 2016,Snapchat
SUCC6859,wilkinsons358,rowes195,Mon Apr 21 22:01:11 EDT 2014,TikTok
FNOG7215,smithama976,starkr728,Sat May 02 03:01:07 EDT 2020,Twitch
MMJH9746,veumm417,auerb784,Fri Mar 15 15:15:18 EDT 2019,Reddit
FBYN4933,ernserb905,cassinw182,Thu Mar 31 11:57:24 EDT 2016,YouTube
VPXK9358,krisa567,ebertl213,Wed Dec 10 07:04:08 EST 2014,Discord
PPSS9720,millerr135,kochc130,Mon Mar 02 19:13:29 EST 2015,Instagram
NEOY2382,berget117,bodeb327,Wed Jan 18 19:10:16 EST 2017,Twitch
AXSX1822,koepph31,sporerm227,Tue Feb 21 03:02:01 EST 2023,Telegram
AZXW7531,harberd438,rutherforde401,Sat Aug 31 03:08:23 EDT 2013,Twitch
URDO9110,conroyc796,ziemej222,Sat Apr 09 17:53:31 EDT 2016,YouTube
BEUL1272,nolana584,krisw834,Fri Jan 22 10:13:43 EST 2016,Facebook
KAGA6156,howelll830,bodec824,Tue Apr 20 22:36:39 EDT 2021,Twitch
DYTG2463,carrollv89,ondrickas533,Thu Dec 20 05:38:20 EST 2018,Facebook
RYQQ2766,carrolle481,nicolasv963,Tue May 29 08:32:37 EDT 2018,Facebook
EIYR2874,bruens221,rippinr871,Fri Jul 27 22:31:09 EDT 2018,Twitch
SNSX0344,jerder592,boehmr686,Sat Mar 31 20:45:08 EDT 2018,Twitch
JSDY5740,schowalterl607,bauchg254,Thu Oct 05 14:14:22 EDT 2017,Snapchat
SQAA8004,blandav519,andersond809,Fri Jan 01 08:58:37 EST 2021,LinkedIn
AHHF0201,hudsonl394,predovicm939,Sat Apr 25 07:10:15 EDT 2015,TikTok
UOAC3462,bechtelarl853,grimess607,Sat Jun 20 07:27:06 EDT 2015,Reddit
HKVQ2163,larsone400,haneb367,Tue May 07 18:22:09 EDT 2019,Instagram
ORSU7455,colee50,danieln429,Thu May 14 20:32:54 EDT 2020,TikTok
YGCI3419,ortizt568,schimmela119,Tue Aug 18 11:15:06 EDT 2020,LinkedIn
MZWM6760,mayertr98,maggiod264,Sat Aug 02 04:20:32 EDT 2014,Twitch
PIBZ2524,farrellc248,johnstonm240,Thu Nov 05 08:58:54 EST 2015,Instagram
HLKZ1288,collinsn172,lockmans725,Sun Sep 15 01:41:36 EDT 2013,Pintrest
HRVW6476,grahamd215,d'amoreg966,Mon Mar 11 17:29:29 EDT 2019,Twitch
SGRS5225,thiels170,baileyj807,Thu Sep 23 18:06:56 EDT 2021,Reddit
YCMJ3280,smithama391,kiehnh65,Sat Sep 08 13:56:36 EDT 2018,Discord
UHTU3033,douglasv45,starkf602,Sun Feb 16 11:58:52 EST 2020,WhatsApp
IFTA1378,rueckers549,schmittm332,Thu Aug 01 09:03:34 EDT 2019,WeChat
UCXL6366,casperb686,rathk334,Thu May 27 22:16:39 EDT 2021,Snapchat
RSFA2355,kohlerf264,kirlinp43,Mon Mar 05 20:45:18 EST 2018,YouTube
UOBT5376,stokesc106,lynchf301,Sat Apr 15 19:09:43 EDT 2023,WhatsApp
LISL8153,kassulkee739,langoshv212,Sun Nov 23 10:59:16 EST 2014,Discord
QGHI9541,schadenl72,sipesd126,Mon Jan 15 11:50:06 EST 2018,TikTok
HBTN3673,littlev824,wymanp733,Fri Jun 27 10:24:28 EDT 2014,WeChat
OOPY6743,trantowf799,mayera871,Thu Oct 27 11:16:01 EDT 2016,WeChat
CUMY9347,blandal216,hodkiewiczc87,Fri Oct 02 15:43:27 EDT 2015,YouTube
IHKZ6064,koelpind356,reillya159,Mon Aug 22 09:10:18 EDT 2016,Instagram
JWJV9915,predovics896,manns936,Tue Sep 05 21:56:22 EDT 2017,Discord
IHVQ6010,kutchs428,hoegerk926,Wed May 26 15:24:27 EDT 2021,Twitch
BUBK1005,larsonl552,mertzm843,Sat Jun 16 17:24:55 EDT 2018,WhatsApp
WVFL7310,klockom195,heaneyt891,Sun Oct 31 15:29:45 EDT 2021,WhatsApp
WNXT8245,lakinl554,schaeferm686,Sat Apr 11 10:34:04 EDT 2015,WeChat
FCIP5186,watersl548,bashirianc263,Thu Oct 06 23:37:31 EDT 2016,Snapchat
XWAW3506,schmittl118,flatleyq878,Thu Sep 22 08:35:03 EDT 2016,YouTube
GSCC0851,boscod955,manns936,Sat Jun 06 10:12:56 EDT 2015,Twitch
JLMO5967,hilpertr813,schinnerc900,Wed Nov 04 23:32:16 EST 2015,WhatsApp
CYCI0877,goldnerd879,franeckim485,Sun Oct 08 19:03:57 EDT 2017,Reddit
SRCM9524,crooksk188,kessleri234,Mon Sep 28 19:51:25 EDT 2015,WeChat
QALM6037,bergstromv484,watsicar893,Fri May 19 09:30:37 EDT 2017,Twitter
CGPP7744,kuhicd47,ziemej98,Mon Nov 18 12:45:09 EST 2013,Pintrest
VHQY2945,hansenw728,greenl721,Fri Oct 27 11:34:00 EDT 2017,Telegram
JMFV6304,hicklem152,hettingere961,Wed Feb 01 00:24:55 EST 2023,WeChat
WEWF5075,mrazl582,kilbackt32,Mon Mar 18 19:26:42 EDT 2019,Instagram
GYWV5275,beattyi592,smithaml271,Tue Mar 10 23:38:17 EDT 2015,WeChat
HOND2558,schaeferh642,christiansens716,Tue Aug 09 09:31:29 EDT 2016,Discord
WWHJ8552,huelsm199,littelm928,Sun Feb 21 11:37:34 EST 2021,Instagram
LBEP2295,aufderharf558,whitej626,Mon Oct 24 21:50:56 EDT 2022,Facebook
JCBV4130,rodriguezk550,hettingerm170,Mon Jan 15 04:53:09 EST 2018,TikTok
JYMO5072,breitenbergs157,farrellp457,Sat Jan 26 02:57:49 EST 2019,Facebook
HOLM0435,hanem272,lebsackm364,Thu Jul 17 23:37:48 EDT 2014,Instagram
OWHH0407,stehrm586,krisl72,Sun Apr 26 03:40:46 EDT 2015,Facebook
IMRT4236,nikolausr496,kovacekm103,Fri Oct 28 16:35:18 EDT 2022,Snapchat
HGSI9238,hintzf854,hackettc689,Mon Sep 24 03:52:26 EDT 2018,TikTok
FXMQ5080,whitej626,rempela697,Thu Aug 15 06:36:37 EDT 2013,YouTube
ZEVW0864,littleb139,litteld22,Sat Jul 31 06:36:05 EDT 2021,WeChat
LJQV2172,armstrongh159,rathe80,Sat Nov 12 23:27:33 EST 2016,Snapchat
ABPE8794,ondrickas533,baumbachb604,Mon Jul 09 21:31:27 EDT 2018,Facebook
XRTU7534,legrosa299,ziemannh130,Mon May 15 16:33:09 EDT 2017,Telegram
DWIY3302,jacobsonn932,hyattl977,Sat Jul 01 22:22:53 EDT 2023,YouTube
EYSI4672,dickim905,moenw954,Wed Mar 18 13:15:15 EDT 2020,Telegram
UXOR5916,rippint578,braunl951,Sat Jul 06 22:07:10 EDT 2019,YouTube
YHNA7319,kuhicf467,connb365,Fri Nov 11 19:09:10 EST 2022,WhatsApp
HNWZ1085,rodriguezs460,lehnerl476,Fri May 15 02:11:05 EDT 2020,Pintrest
NYVJ8347,watsicar789,maggioe252,Tue Mar 21 11:16:02 EDT 2023,Instagram
MIWC4819,binsf132,bergstroma928,Thu Jun 16 21:14:38 EDT 2022,WhatsApp
HXYU2217,funkc282,koepph31,Sun May 14 23:49:58 EDT 2023,Reddit
OLKP5767,auers898,hettingers878,Fri Jan 16 17:07:44 EST 2015,Twitch
ZRTW3011,parisianp812,hickler428,Thu Mar 26 15:03:23 EDT 2020,Twitch
QRSJ9006,barrowsl790,hirthel546,Sat Sep 22 12:41:00 EDT 2018,Telegram
EIUO7118,emmerichf438,lednerd972,Wed Apr 19 07:18:46 EDT 2017,Instagram
CQMF3712,croninc325,schuppet634,Sat Feb 01 02:53:18 EST 2020,Twitter
QOWP8893,pagaca449,effertzj234,Wed Feb 15 07:52:57 EST 2017,Pintrest
ETUN7517,jacobsong135,millsc614,Wed Sep 23 03:19:12 EDT 2015,Reddit
XEWB6833,wests226,lakinl554,Thu Nov 27 12:00:32 EST 2014,Snapchat
XXNI5707,wolffr576,rueckerk915,Sun Nov 19 02:19:11 EST 2017,Snapchat
LOVS8024,pourosc916,konopelskis761,Tue Dec 22 04:28:14 EST 2020,Discord
RXKP9924,schmidth59,wymand687,Wed Jul 31 13:57:24 EDT 2013,YouTube
YSRB5033,monahans754,mohrt975,Tue Oct 28 18:42:32 EDT 2014,Discord
QSMD3392,reichelf227,howep287,Tue Jan 31 00:11:34 EST 2017,WeChat
OPWA1091,schneiders457,hintzg65,Thu Mar 12 12:38:59 EDT 2015,YouTube
UJYI8028,hahnj56,pricej17,Sun Jan 17 15:16:03 EST 2016,Twitter
DPLT6435,flatleye843,parkerr724,Wed Oct 07 08:35:40 EDT 2015,Instagram
QPCE7961,beerj821,cruickshanke262,Mon Feb 17 19:05:19 EST 2020,Instagram
SUTK7697,boyerl820,o'reillye242,Fri Sep 07 07:11:03 EDT 2018,TikTok
ENJT5144,robertsc630,goldnerd114,Mon Jun 29 00:41:17 EDT 2020,Snapchat
IXCA1750,barrowsc441,croninn840,Mon Feb 14 16:39:56 EST 2022,Snapchat
NUPU4573,thielk889,gerholdt521,Sun Sep 01 17:32:03 EDT 2013,WeChat
TQYK1132,mertzp77,turcotted389,Sat Mar 30 22:37:53 EDT 2019,Twitter
FMFB7361,dache92,bergek930,Sat Jun 11 08:19:00 EDT 2022,WeChat
TIAO4471,paucekm295,dibbertm699,Fri Apr 19 06:58:38 EDT 2019,Pintrest
MBPY9598,lowei494,wuckertm830,Thu May 29 02:05:23 EDT 2014,Discord
AMKU7611,baileyc917,skilesm741,Fri Jul 06 02:34:14 EDT 2018,LinkedIn
SWEZ0127,pricej329,welche625,Thu Nov 28 21:29:31 EST 2013,YouTube
UXMP4477,bednaro953,gislasond880,Fri Aug 10 20:43:58 EDT 2018,TikTok
IQEU7916,hartmannt131,lynchf301,Wed Oct 25 09:53:35 EDT 2017,Snapchat
QWNF7013,franeckik321,beerj821,Sun Dec 20 21:56:42 EST 2020,Reddit
GUZY3773,weimannr509,parisianp812,Sat Jun 17 15:39:34 EDT 2023,Facebook
KFZF2615,greena291,marksj978,Thu Oct 27 13:05:13 EDT 2016,Twitter
VWXF3871,tremblayt115,mantem479,Sun Oct 04 20:47:16 EDT 2020,Instagram
VWFM5702,dickiw605,carrolle481,Wed Aug 12 15:29:32 EDT 2020,Twitter
VTNB6714,kihnm569,dibbertk84,Sun Feb 09 12:52:30 EST 2014,WeChat
MRSL0658,durganw828,hyattm951,Mon Mar 24 21:34:16 EDT 2014,Twitch
IEOH0128,schmidth59,stoltenbergs623,Sun Jul 17 08:05:06 EDT 2016,YouTube
SSEF5671,bergnaums115,quitzone410,Fri Apr 17 12:08:24 EDT 2020,Pintrest
GTZP1332,doyleh146,kihnh493,Sun Jul 13 02:49:34 EDT 2014,Instagram
ZDCD0147,trantowt753,keelingr802,Mon Nov 10 12:37:47 EST 2014,Facebook
OBFM2016,danielt312,grantb760,Sat Aug 02 12:05:28 EDT 2014,WhatsApp
TAMP0754,mcclurer632,harrism357,Mon Oct 24 09:44:17 EDT 2016,Telegram
MCHR6220,ritchiej206,hegmannv322,Sun Mar 13 10:54:25 EDT 2022,YouTube
DLUQ2255,kassulked549,padbergn113,Sat Jan 03 11:30:02 EST 2015,TikTok
AIID9206,bechtelard218,kihnm569,Thu Jul 22 05:03:22 EDT 2021,WhatsApp
HQNH6901,whitea395,dickinsons677,Sat May 12 09:16:45 EDT 2018,Instagram
DEKO3607,rodriguezk550,walterk534,Wed Mar 03 10:05:48 EST 2021,Discord
NHVJ9685,ritchieg296,zemlakm383,Wed Jul 01 09:34:05 EDT 2015,Discord
FNTK9254,o'keefej318,doylej684,Fri Sep 13 00:03:53 EDT 2019,YouTube
CPXP1650,kohlerh430,hettingeri323,Sun Aug 12 08:05:05 EDT 2018,TikTok
YKZT6483,lockmans725,rueckerk915,Sun Jun 21 13:18:39 EDT 2015,Twitter
NGBQ4439,kshlerinc208,gusikowskit962,Thu Aug 26 00:59:07 EDT 2021,Twitch
YJGO5775,raum48,vone578,Wed Oct 09 06:08:26 EDT 2019,Facebook
NTEX8702,jakubowskib202,bartellm414,Sun Jan 08 06:23:48 EST 2017,Reddit
HQKL7906,pagach500,littlem443,Sun Sep 21 22:26:36 EDT 2014,Reddit
CDCP0159,paucekc182,hodkiewiczc87,Thu Oct 03 23:20:37 EDT 2013,TikTok
LAYD3961,adamsl758,hermannk240,Sun Feb 23 05:05:08 EST 2014,Telegram
BYRF5181,emmerichd119,ondrickao280,Sun Nov 03 01:26:28 EST 2013,Twitch
MLCV4914,strackeg739,conroyd826,Tue Nov 25 12:59:25 EST 2014,Pintrest
XGCL2250,westj668,funkm438,Wed Jun 02 14:38:53 EDT 2021,WeChat
BKVD7741,ricec215,schinnerm944,Thu Jan 14 07:38:44 EST 2021,Reddit
FTCL4217,shieldsm917,wolfv601,Fri Jan 16 20:19:53 EST 2015,Pintrest
JKVL3831,o'keefeg485,daniels962,Wed Apr 15 07:39:07 EDT 2020,Pintrest
HOFQ3247,hillsw365,vonruedenb58,Sat Jun 29 20:05:42 EDT 2019,Pintrest
GVIL1825,luettgenc660,kunzee160,Tue Sep 23 18:08:51 EDT 2014,TikTok
PQCN3021,weste7,volkmanm867,Mon Mar 24 02:21:32 EDT 2014,Facebook
VAPR6298,veumr428,lefflerm171,Thu Feb 01 11:19:58 EST 2018,Facebook
FNTX5612,olsonl842,buckridgep530,Wed Nov 11 10:03:00 EST 2020,Discord
RAPR5974,cummingsj585,kerlukew765,Sat May 29 16:49:08 EDT 2021,TikTok
RVYQ6159,borera631,gottliebe58,Wed Feb 25 13:34:50 EST 2015,Instagram
ABHF5865,jacobsh699,metzg66,Mon Oct 14 19:44:54 EDT 2013,Discord
IDHB1184,simonisb586,ziemej405,Fri Mar 17 14:41:35 EDT 2023,Twitch
GCZH0433,kirlino934,kirlinh620,Fri Jan 06 09:15:37 EST 2017,Facebook
INBM9856,beckerm69,hayess619,Tue Apr 29 19:03:48 EDT 2014,YouTube
VQIV6568,carrollw78,turnerl268,Mon Dec 10 01:04:31 EST 2018,Pintrest
PXIG5674,feeneye347,kuvalisi380,Mon Apr 01 00:03:46 EDT 2019,Pintrest
NWSK3120,mayera871,osinskig771,Tue Jan 22 15:30:14 EST 2019,Pintrest
GNLD1791,larsonl552,wolft529,Sun Feb 05 15:08:15 EST 2017,WeChat
CWXJ0645,hilllw265,stehrm586,Thu May 26 22:17:06 EDT 2022,Twitch
PPXX0384,krisn341,volkmanh956,Sun Dec 25 03:10:33 EST 2016,Snapchat
FYOY8037,huelm945,sanfordx51,Sun Jan 17 15:11:01 EST 2021,LinkedIn
EXHN7380,champlinr71,reichertr4,Wed May 08 06:09:45 EDT 2019,Twitch
ELRN1777,erdmanf210,hande366,Tue Jan 11 04:15:13 EST 2022,Snapchat
EBSK6979,hilpertr813,hintzg65,Fri Apr 10 21:57:25 EDT 2015,Facebook
HIUJ4995,beckerh829,vandervorte38,Thu Oct 06 22:32:29 EDT 2016,Instagram
IIWT3099,harveyj374,gottliebt881,Sun Jun 04 20:44:22 EDT 2017,Twitter
ZEDA6944,reynoldsj149,keelinga189,Sun Sep 05 20:35:52 EDT 2021,TikTok
TUQQ0200,ortizb573,lubowitzc125,Sat Apr 24 09:45:29 EDT 2021,Facebook
WPPQ9172,ortizf483,renneri448,Wed Dec 20 03:43:09 EST 2017,YouTube
XESE6570,harberj619,douglasr240,Sat Jan 04 14:09:01 EST 2020,Facebook
ZOJS5588,nienowt120,marvinr221,Fri Aug 02 01:49:05 EDT 2013,Discord
ZEUN9482,wilkinsonb327,tillmanr58,Sun Feb 13 08:41:39 EST 2022,Twitter
YCBK7118,hands695,handl320,Fri Mar 04 13:57:29 EST 2022,Twitter
DNTF8012,smithk680,rodriguezr422,Fri Oct 28 18:34:29 EDT 2022,LinkedIn
JJZR5504,wolfr244,schowalteri179,Fri Feb 06 08:55:50 EST 2015,Telegram
WAVY3690,kihnf661,grantr653,Fri Sep 22 04:56:51 EDT 2017,Telegram
ENEL3986,kulasd103,durgane817,Sat Jun 03 00:34:21 EDT 2017,Facebook
AJTP4701,hammesj907,moenl256,Sat Nov 10 07:14:42 EST 2018,Snapchat
XFJS9220,lednerj282,faheye847,Fri Jun 21 19:22:00 EDT 2019,YouTube
OWTB8532,schroederg482,hellera485,Wed Sep 28 00:24:53 EDT 2022,Pintrest
ZOYN7194,bechtelarm162,schillerr682,Thu Sep 12 07:48:28 EDT 2019,Telegram
OANU4387,shieldsm431,wisokyl40,Thu Jun 16 11:42:44 EDT 2016,Twitch
HIRX1806,cristt291,raynorl302,Thu Nov 04 12:06:40 EDT 2021,YouTube
GISA8842,cristc87,hammesj907,Sun Dec 26 10:04:41 EST 2021,Instagram
LYMS3200,shieldsm917,gottliebh625,Thu Jan 18 23:55:20 EST 2018,Discord
DUCB9573,mertzo808,kuhlmanj382,Fri May 16 20:24:59 EDT 2014,Pintrest
CWIR2195,farrellp457,gleasony218,Sat Jun 26 17:20:32 EDT 2021,Reddit
GHRR8531,binsf132,mckenziec340,Sun Dec 25 19:56:48 EST 2016,LinkedIn
LZXN1683,smithamm110,kshlerinc208,Fri Nov 28 14:16:58 EST 2014,Twitch
YFYS8645,morari191,stiedemannf288,Tue Sep 09 10:21:44 EDT 2014,WhatsApp
VEJZ1601,hammess823,stehrj717,Sun Aug 15 08:56:46 EDT 2021,LinkedIn
QYUH6293,lefflerk820,kuhnn410,Fri Aug 26 05:33:30 EDT 2016,Pintrest
MHEI8360,wardj9,hyattd680,Tue Jun 13 20:16:25 EDT 2017,Facebook
TYXJ1042,goyettek552,douglasd722,Sun Feb 25 01:18:53 EST 2018,Facebook
BJMB1515,leuschker167,deckowa611,Mon Feb 24 21:32:42 EST 2014,YouTube
NSMW1812,durganb333,andersonl762,Fri Dec 26 04:00:17 EST 2014,Pintrest
OSAN4706,kilbackk239,bauchg254,Mon Jan 18 17:27:27 EST 2021,Telegram
TTBR3145,sawayns601,gerholdc729,Thu Jul 16 22:07:28 EDT 2015,LinkedIn
KFNA2643,boylel851,colliers293,Thu Nov 08 12:40:48 EST 2018,Facebook
BYFN3038,corkerym746,haneb367,Thu Jun 21 18:25:01 EDT 2018,Twitch
YRRO1831,wintheiserd714,hoegern900,Tue Feb 21 01:31:09 EST 2023,LinkedIn
FTMX3811,parkerr724,moenl256,Tue Feb 08 15:20:29 EST 2022,Twitch
CCTR3689,rodriguezg468,cartwrighte351,Mon Aug 28 17:13:42 EDT 2017,LinkedIn
KBQB7334,conns881,carterr131,Thu Mar 19 18:56:30 EDT 2015,Pintrest
FHOH6327,hyattd639,ryane516,Sat Dec 28 13:08:53 EST 2013,Reddit
QMMK3590,parisianv888,jaskolskie133,Sat Jun 16 21:33:32 EDT 2018,Reddit
KSWJ3192,jonesd467,schulistt414,Mon Feb 09 09:14:25 EST 2015,Discord
DQWB8904,welcht419,monahans754,Fri Jul 24 19:01:14 EDT 2015,Snapchat
URXB4223,spencerc118,swiftv235,Mon Apr 09 16:10:49 EDT 2018,Telegram
FQXR4636,langm925,howells610,Sat Nov 14 04:43:50 EST 2015,WeChat
XWLZ4964,kiehnt247,strackeg739,Sat May 17 07:28:05 EDT 2014,Instagram
QQLI5261,bahringert55,gutkowskil893,Sat Oct 15 12:25:29 EDT 2022,Twitter
CUGE7612,walterj864,thompsona954,Sat Jan 26 00:25:05 EST 2019,Twitch
EYFI3194,grimess607,keeblerd904,Fri Jun 24 17:51:39 EDT 2022,Twitter
JSTP0865,kuhicn594,wehnerc124,Sun Feb 15 18:48:50 EST 2015,Twitch
OVIO7133,corkeryt329,labadiel139,Mon Mar 22 12:19:07 EDT 2021,Reddit
HPKC0775,wildermanj455,faheyc501,Thu Nov 07 22:03:43 EST 2013,Facebook
OBKO7214,bahringerd475,bartona577,Sat Jun 04 19:18:25 EDT 2016,Instagram
ZLXD6018,pfefferm314,brownn74,Wed Aug 05 03:41:43 EDT 2020,Snapchat
BBCK7883,hesselr364,jacobsong135,Thu Nov 08 16:35:40 EST 2018,YouTube
WXVO5961,krisb460,braunt897,Tue Dec 15 11:27:47 EST 2015,Instagram
BVDJ8068,starkj482,connj208,Sun Sep 18 09:26:00 EDT 2016,LinkedIn
VZVH9366,wizak289,reillyb222,Sat Nov 19 05:12:20 EST 2022,Discord
YTQZ4390,baileyj807,bartelld504,Tue Aug 10 23:57:38 EDT 2021,LinkedIn
TYDD4222,ullrichm257,konopelskib664,Fri Mar 29 17:55:50 EDT 2019,Facebook
IUSZ6321,hackettw506,huelp872,Wed Jun 26 08:48:33 EDT 2019,WhatsApp
XQOS1921,daniels962,lowee126,Wed Oct 05 07:51:00 EDT 2022,Instagram
RETY5333,gorczanyc831,mclaughline351,Mon May 17 11:35:41 EDT 2021,WeChat
IZDH7204,schusters503,orni799,Tue Oct 28 04:24:17 EDT 2014,Instagram
PGXA6763,pricea529,murrayj401,Tue Sep 18 10:54:52 EDT 2018,Telegram
DQLZ1741,cartera249,renneri831,Sun Jul 09 08:26:42 EDT 2017,LinkedIn
OTJU1540,boylem407,marksj627,Wed Feb 20 12:03:57 EST 2019,LinkedIn
YBYP2591,hettingerm170,ebertl213,Mon Apr 30 09:43:04 EDT 2018,WeChat
ZGBN7232,leuschked16,beattyr959,Tue Jan 29 08:02:53 EST 2019,Twitch
XFQI6910,larkinr762,johnss507,Mon Apr 16 21:46:25 EDT 2018,Instagram
TZFI6629,turcotted115,strackeg739,Tue Apr 28 01:35:11 EDT 2015,Pintrest
REWZ0148,danielt312,corwing191,Thu Feb 05 15:06:17 EST 2015,TikTok
LTDN7956,swaniawskiq389,simonisr801,Wed Sep 27 22:18:36 EDT 2017,Telegram
MTQR2168,schimmelf901,larkinb426,Thu May 05 22:29:02 EDT 2016,Reddit
VODE5528,dibberts121,braunl951,Thu May 09 17:54:45 EDT 2019,WeChat
RNWK6765,feeneyn505,kreigerh850,Sat Jun 21 19:53:24 EDT 2014,WhatsApp
EKHF9197,kautzerj757,ryank249,Thu Nov 04 14:03:53 EDT 2021,YouTube
OFIK7416,rodriguezc860,goyetteh351,Tue Oct 25 22:02:45 EDT 2016,Snapchat
JPPY1440,bednarb288,spencerc745,Sat Jan 06 23:25:03 EST 2018,Pintrest
BSZG1477,wintheiserj226,schusters503,Sat Sep 14 12:08:59 EDT 2019,WeChat
IXJP5005,abbottl793,johnsm397,Sat Oct 10 05:40:30 EDT 2020,Instagram
TPDW9501,johnsonp280,hartmanns757,Fri Jan 29 20:44:28 EST 2021,Telegram
JEIM4046,lednero343,hellerd694,Thu Dec 04 18:37:58 EST 2014,TikTok
IINU0737,dickinsont706,walkerf4,Thu Sep 11 04:16:47 EDT 2014,LinkedIn
ZXLE5415,hackettt422,priced778,Sat Jun 02 14:06:01 EDT 2018,Twitter
VOAA4255,emmerichn600,deckowv443,Sun Jun 21 03:09:11 EDT 2015,Snapchat
LYCG4854,wolffs163,balistrerig283,Thu Nov 08 04:10:30 EST 2018,YouTube
YXUW9526,kleinv388,braund456,Sun Jul 22 09:34:33 EDT 2018,YouTube
RGIY9702,rempelm394,lueilwitzr504,Fri Sep 13 06:22:59 EDT 2019,Twitter
MZXL1662,durganl911,gaylords362,Tue Aug 20 22:19:33 EDT 2019,Reddit
JPAH1610,koeppc524,ryanb712,Fri Jul 29 03:33:11 EDT 2016,LinkedIn
FOAH2002,daughertyd309,simonise339,Sat Dec 27 13:40:39 EST 2014,WhatsApp
OAMO4938,mcclurer632,prosaccob829,Fri Jul 16 23:53:14 EDT 2021,Reddit
IPKY3297,macejkovicr126,schmittl118,Tue Jan 24 03:56:45 EST 2017,Telegram
MRUR8608,zemlaks683,braunl951,Mon Aug 12 18:51:56 EDT 2013,Twitch
MAXD8926,hilperta772,ferryb81,Mon Mar 30 18:27:16 EDT 2020,Reddit
AABF5125,schultza808,ondrickao280,Sat Jan 11 07:21:10 EST 2014,Twitter
BFSN6675,kochc130,weissnatj944,Tue May 05 07:38:30 EDT 2020,Discord
WRIN4405,kihnw85,townea17,Thu Jul 07 08:26:49 EDT 2016,Snapchat
GYVS0880,wuckertf156,lyncha417,Mon May 03 07:18:09 EDT 2021,Discord
DEOH5754,volkmanm867,funkg672,Mon Oct 06 19:20:11 EDT 2014,Facebook
BGCQ5819,pourosa902,mrazn725,Sun Sep 12 21:27:11 EDT 2021,LinkedIn
CHQW2411,kihnl13,barrowsr415,Tue Aug 27 05:42:41 EDT 2013,Telegram
TWUJ9188,crooksm525,bashiriana817,Thu Sep 09 21:38:03 EDT 2021,WeChat
ZYMD9175,wolfv601,toyt585,Sun Apr 25 08:22:14 EDT 2021,WeChat
SSRT7431,bergev18,feeneyh683,Wed Oct 15 01:02:19 EDT 2014,Snapchat
DXUB9400,vandervortk695,swaniawskim137,Wed Mar 24 02:17:49 EDT 2021,Pintrest
LBQO2824,sauerb684,schmittm332,Wed Jan 30 09:26:35 EST 2019,Instagram
EXLM8338,kilbackr743,towner596,Wed Apr 28 01:03:02 EDT 2021,Twitch
RTKG4124,o'harac485,goldnerm916,Sat Jul 13 16:38:19 EDT 2013,YouTube
JNUR5035,gerlachl500,emmerichl410,Sun Aug 24 14:29:13 EDT 2014,YouTube
AFQO9542,macejkovich809,ondrickae433,Wed Nov 27 13:48:56 EST 2013,Twitter
GGRV4612,gaylorda783,stoltenbergs623,Sun Apr 16 06:41:31 EDT 2023,Reddit
UDYZ4173,ryank249,ortizt568,Mon Feb 23 16:37:33 EST 2015,Reddit
KLLX2454,howellb617,gerholdm547,Thu Oct 19 08:12:28 EDT 2017,Instagram
UAXU1098,hagenesi416,hudsonc317,Wed May 03 13:36:42 EDT 2023,Reddit
OSYR9991,weberh559,mantes13,Sat May 07 05:10:35 EDT 2016,LinkedIn
FLEB2578,wuckertc963,cristk320,Wed Sep 03 22:24:54 EDT 2014,YouTube
WETI4087,mantee968,wehnerp466,Fri Dec 05 07:56:04 EST 2014,Twitch
DNWN9480,ziemea870,deckowc251,Sat Dec 01 12:54:30 EST 2018,LinkedIn
VMPX4756,hauckm376,lefflerc100,Thu Jan 17 20:15:45 EST 2019,WeChat
MZGA8630,mohrd613,macejkovicg59,Fri Sep 10 22:54:30 EDT 2021,WhatsApp
CSJK8707,gleasony218,schinnerd386,Mon May 23 15:12:19 EDT 2016,Reddit
NYSI9948,yostb851,uptons928,Thu Mar 03 05:40:04 EST 2022,Discord
TWIP3625,buckridged847,blockb826,Sat Feb 18 14:01:14 EST 2017,Twitch
ZRUS8159,schillert523,donnellyg877,Fri Apr 07 20:38:26 EDT 2023,Instagram
XHPE0141,o'keefeg485,westl60,Tue Nov 05 07:32:21 EST 2019,Instagram
QWID3902,blickw191,kuhlmanj207,Sun Jan 19 00:52:22 EST 2020,WhatsApp
TVRD7305,littlev824,hyattd970,Sun Dec 28 13:38:23 EST 2014,Twitter
IMPM6287,casperr390,reichelg91,Mon Nov 13 22:00:53 EST 2017,Pintrest
NJJK9057,rosenbaums324,mitchelld390,Fri Nov 25 15:40:00 EST 2022,TikTok
QLKU5287,stiedemannf373,russels458,Tue Mar 07 21:49:43 EST 2017,WhatsApp
BBYG1949,hodkiewiczl729,durganc928,Wed Jun 23 12:19:58 EDT 2021,WeChat
LXVF3728,sengerk445,rowen221,Tue Apr 08 16:52:17 EDT 2014,WhatsApp
PSLO5703,kovaceks647,schultzk424,Fri Jan 17 15:15:07 EST 2020,LinkedIn
KXZR5047,nolanm504,gerholdj142,Sun Jul 28 03:28:30 EDT 2013,YouTube
RBJU4909,bogisichs379,wolfg519,Thu Sep 01 00:28:47 EDT 2016,Telegram
KYSD3538,kemmerf7,schultzf366,Wed Sep 09 07:20:00 EDT 2020,WhatsApp
AKOP6674,reillyd530,nolanc254,Tue May 10 16:52:44 EDT 2022,TikTok
WONV3717,o'harar862,bartolettil363,Mon Oct 07 17:26:27 EDT 2019,Telegram
BHBR8634,farrellg381,conroyf458,Thu Feb 23 15:54:28 EST 2017,Twitch
PZIR2686,altenwerthl143,predovicj189,Tue Oct 29 21:34:55 EDT 2019,TikTok
SCQC2291,browne651,olsonk197,Tue May 16 14:56:47 EDT 2017,Twitch
JMQI8573,volkmanc805,jaskolskid528,Fri Jul 17 07:09:49 EDT 2015,Twitch
TKIR0339,schroederk792,greenholtr29,Sun Dec 20 09:46:37 EST 2015,Snapchat
KMAK5456,gusikowskic185,willmsj292,Sat May 10 01:35:57 EDT 2014,WeChat
RIFL7452,gulgowskil130,o'keefel102,Fri Nov 20 12:27:19 EST 2020,TikTok
BKGO8022,beahanb745,lemkee872,Tue Jul 01 17:30:01 EDT 2014,Telegram
QNRD9724,jenkinsa433,creming731,Sun Jan 26 17:05:39 EST 2020,WhatsApp
FUZZ4011,predovicj189,schambergero87,Fri Jun 17 12:08:10 EDT 2022,Snapchat
IZWS8610,rippinl266,wiegande108,Fri Sep 12 23:15:26 EDT 2014,Instagram
RRQI2547,ritchier273,kozeyj374,Fri May 04 21:22:26 EDT 2018,Snapchat
VZHB7238,kutchs159,greenf56,Wed May 24 19:25:31 EDT 2023,Facebook
RUTL7661,kiehnj723,bodes695,Tue Feb 10 14:19:20 EST 2015,LinkedIn
MJMS1338,lebsackn350,reillyl973,Thu Jan 01 16:22:09 EST 2015,Twitch
MIGC1684,beckerh829,deckowa611,Tue Feb 02 02:29:35 EST 2021,Telegram
POSU3729,abernathyx416,wolfv601,Wed Aug 19 00:43:10 EDT 2020,WhatsApp
XQHR0438,collinsm832,balistreril266,Sun Jan 17 10:19:47 EST 2021,Pintrest
KYBJ9321,borerg452,champlint638,Thu Jan 25 02:07:09 EST 2018,Instagram
FTUP1530,kutchj794,donnellyg877,Wed Nov 20 07:15:47 EST 2019,Pintrest
XAVM4633,skilesg431,langm925,Thu Sep 22 18:14:01 EDT 2016,Pintrest
MSKG5947,cartwrightm562,stamml952,Sat Feb 06 21:06:34 EST 2016,Telegram
BJPK5743,langoshm4,framig598,Sat Jun 27 21:23:37 EDT 2015,Snapchat
VIRX2253,harveya917,keelingg844,Tue Oct 24 10:17:42 EDT 2017,WeChat
LIOF0364,huelp872,gibsont359,Mon Jan 18 21:24:13 EST 2016,Telegram
HXDZ2420,gottliebj415,fadelt690,Thu Dec 09 00:51:10 EST 2021,Snapchat
GWEU2491,lescht678,hansenk171,Fri Mar 18 10:21:42 EDT 2016,Telegram
TDLW5228,lefflerz621,welchm226,Thu Aug 30 07:32:58 EDT 2018,Snapchat
JMKS1984,kuhlmans394,beattyh177,Sun Dec 15 15:29:40 EST 2013,Facebook
GXNH5107,kohlern456,stiedemannm900,Mon Jan 09 09:14:57 EST 2017,Snapchat
MMFE4824,dibberth482,hermannd789,Fri Apr 03 23:01:14 EDT 2015,WeChat
IWTS8903,strackeg739,krajcikc622,Fri Jun 19 18:23:42 EDT 2020,Facebook
OZJU4353,farrellc248,hettingere961,Wed Sep 18 01:05:50 EDT 2013,Snapchat
ZUYB6579,treutelm311,o'haraa588,Fri Dec 27 13:22:01 EST 2013,YouTube
ZYOB2610,russele498,ziemew68,Sun Jul 09 18:15:15 EDT 2017,Instagram
RXXI9828,blickb562,parkerr724,Tue Apr 24 07:08:42 EDT 2018,LinkedIn
JKSR9989,hudsonj970,dickim905,Tue Jul 16 08:15:03 EDT 2013,Discord
NYGB6396,bechtelare148,harveyj374,Mon Feb 11 21:29:03 EST 2019,WeChat
EFRY0865,hahnc897,halvorsonw263,Sat Aug 26 01:19:11 EDT 2017,WeChat
EBML4536,durganw317,strosins528,Thu Jul 13 01:10:55 EDT 2017,Snapchat
DCLZ2104,bartolettir235,johnstonj138,Thu Sep 25 09:59:09 EDT 2014,LinkedIn
NUHH7476,cronaa656,reillym623,Sat Apr 05 20:23:03 EDT 2014,YouTube
PEVT7044,welchm697,vandervorts126,Mon Apr 22 16:38:02 EDT 2019,Discord
MXWR3528,quitzonh482,binsj440,Mon Oct 03 18:43:00 EDT 2022,Telegram
HFLE8569,morissettep111,muellerb794,Mon May 21 07:04:55 EDT 2018,Snapchat
VMHX2902,howella87,deckowp62,Sun Jul 05 06:53:25 EDT 2020,TikTok
XXPE7882,shanahana528,harrise800,Fri Jul 15 12:03:08 EDT 2022,Discord
VPPW2628,zemlakl109,abshirej284,Sat Apr 09 10:38:01 EDT 2022,Twitter
GNTE7002,hintza538,harbers459,Tue Oct 11 21:35:22 EDT 2016,Discord
ZXIY4302,douglasb298,kihnm569,Fri May 15 07:23:35 EDT 2015,Instagram
NLKV5366,leuschkel257,swaniawskik277,Wed Jan 31 13:06:13 EST 2018,Discord
TIAX8208,faheyt912,gusikowskig908,Mon Apr 30 00:10:03 EDT 2018,Telegram
SHOH1475,goodwine599,lakint410,Fri Sep 11 03:24:40 EDT 2015,Pintrest
BXBA2221,volkmanm329,mitchelld390,Sat Dec 06 20:58:35 EST 2014,Snapchat
ECPH8669,ortizm401,buckridgep530,Wed Feb 12 14:29:09 EST 2020,Instagram
NUIT6080,kinge599,kiehnm734,Thu Mar 06 06:18:10 EST 2014,YouTube
EFUX1918,yundtv694,kuhnj104,Tue Sep 12 06:04:43 EDT 2017,Instagram
CYYI1429,strosint640,sauerl360,Fri Jun 26 16:44:00 EDT 2015,Snapchat
VZVN2860,andersone611,watsicap3,Mon Sep 17 00:34:42 EDT 2018,YouTube
RFEO4653,corkeryj569,wildermanv905,Mon May 03 06:18:42 EDT 2021,Instagram
XIVU1754,rathd461,russelj932,Tue Apr 06 01:10:57 EDT 2021,WhatsApp
MUNM2377,schadene213,padbergd697,Thu May 28 13:44:18 EDT 2015,Facebook
MWWP3660,kilbackk593,hesselc230,Sun May 31 08:57:23 EDT 2020,Reddit
GJZD5962,heidenreichh574,ziemanna314,Tue Jan 23 20:37:10 EST 2018,Facebook
DLJH5847,mcglynnc649,altenwerthc499,Fri Dec 15 14:36:47 EST 2017,TikTok
BURX2392,schmidtm705,collierm36,Mon Jan 06 02:14:57 EST 2020,WeChat
QUGG4208,millerr391,tremblayc218,Sat Apr 16 05:45:45 EDT 2022,Twitch
HLBP6057,luettgenb815,murphyv218,Sat Oct 22 20:25:26 EDT 2022,Reddit
WINS5278,flatleyk522,rohand638,Mon Oct 28 00:51:42 EDT 2013,YouTube
XFVY7080,mertzm641,turners625,Mon May 25 03:07:54 EDT 2015,WhatsApp
WOJT4278,kshlerinm534,kossi489,Sun Sep 30 11:37:23 EDT 2018,WhatsApp
QZRK8581,stiedemannd284,boehmr932,Sun Jan 25 07:39:36 EST 2015,TikTok
WNSF4342,ullrichw26,kautzerj817,Sun Jan 08 14:34:07 EST 2023,Instagram
AFQC9979,nadera464,toyk464,Mon May 23 12:32:22 EDT 2022,Telegram
BXWY0684,heathcoted399,kohlerf264,Sun Jan 02 17:05:06 EST 2022,Pintrest
CLME9102,ferrym888,reingerd457,Fri Dec 24 16:38:17 EST 2021,Twitch
CVVP4378,uptonc398,schultzd188,Sat Nov 04 09:29:56 EDT 2017,Facebook
NJEH6376,jenkinsa433,cristh639,Sun Jul 09 01:19:28 EDT 2023,WeChat
LGSD7449,keelingb160,moorer825,Thu Dec 26 05:15:50 EST 2013,WeChat
IIFK9603,starkr728,cartwrightf709,Sat Mar 03 19:57:55 EST 2018,WhatsApp
RTCC4259,beert857,bogisichs823,Mon Dec 19 11:04:30 EST 2016,Reddit
DYPE8308,farrellc248,hellers468,Wed Jun 15 15:25:44 EDT 2022,Twitch
CDTQ2250,steubers103,flatleyl878,Sun Jul 02 17:06:30 EDT 2017,LinkedIn
GNUY9263,prosaccog32,rodriguezk550,Sun Sep 23 18:04:01 EDT 2018,Pintrest
SBNM1724,funks746,lakinh185,Mon Mar 17 05:01:18 EDT 2014,Telegram
WNHD0442,wittingl366,gerholda290,Sun Apr 06 09:44:00 EDT 2014,Pintrest
BKYR3620,wolft451,farrells951,Sat Jul 29 15:49:08 EDT 2017,Instagram
FXKE6252,corwins813,hamills644,Fri Oct 04 09:24:31 EDT 2013,Reddit
XBVG1466,conroyg286,brownw449,Mon Apr 15 23:24:14 EDT 2019,Discord
UYDS6735,paucekc182,erdmanm295,Sun Aug 21 07:32:32 EDT 2022,WhatsApp
FKNJ8974,tremblaya866,lefflerc100,Tue May 02 12:30:24 EDT 2023,Twitter
RMBY5462,schowaltera665,baumbachb604,Mon Sep 26 18:17:30 EDT 2016,Twitter
GODO3923,grahamd103,mayertw196,Sun Nov 12 15:09:31 EST 2017,Pintrest
USXJ2312,abbottl417,grahamr495,Tue Oct 12 13:00:48 EDT 2021,Snapchat
SSLT5137,lakinm971,hellert376,Sat Sep 08 09:14:45 EDT 2018,Discord
ONKY2454,gerholdi153,erdmano109,Fri Feb 02 00:56:22 EST 2018,Twitch
KVVH1137,bednarb288,keeblers435,Sat May 29 17:05:58 EDT 2021,WhatsApp
PSMK4600,beckera474,ricef692,Thu May 08 07:45:02 EDT 2014,Discord
CQAT0962,dooleyk542,hudsona670,Wed Jul 13 20:23:49 EDT 2016,Pintrest
JNFW4228,toym831,jenkinsa433,Mon Nov 08 10:42:58 EST 2021,Discord
LYHN1009,daughertyb13,kubt478,Tue Feb 18 05:35:58 EST 2020,WhatsApp
ZFBY8670,watersc722,hettingerb977,Wed Dec 25 07:32:26 EST 2019,Reddit
CMFR9700,thiell169,ankundingl169,Thu Aug 04 11:00:14 EDT 2022,Telegram
QIRP8595,jastc467,wardn174,Thu Feb 23 22:43:06 EST 2017,Reddit
UFCW9445,abshirer846,fadelb497,Mon Sep 14 14:06:47 EDT 2015,YouTube
MGMC3667,binss223,hudsona670,Wed Jun 01 18:50:17 EDT 2022,TikTok
MVFO2734,monahand131,binss223,Fri Feb 23 22:46:03 EST 2018,LinkedIn
IQLK6337,pourosr959,tillmang127,Tue Jan 18 02:57:23 EST 2022,Twitter
ITNT9844,collinsm832,yostd387,Wed Feb 26 00:19:49 EST 2020,Pintrest
JVLI8907,conne583,nienows311,Fri Nov 04 19:58:13 EDT 2022,Instagram
IEQR7973,corkerye38,howellm130,Wed Dec 17 06:06:18 EST 2014,Twitch
QDAU3279,beattys310,luettgenj814,Fri May 19 01:43:06 EDT 2017,YouTube
OAFV3471,hilpertm276,dachl761,Thu Nov 06 15:37:08 EST 2014,WeChat
UMQE5557,muellerk233,klockom771,Wed Jul 10 07:13:04 EDT 2013,Reddit
QWLJ6001,howellk375,mayerte756,Thu Sep 19 18:02:39 EDT 2019,WhatsApp
LBKE7919,hillst147,considined969,Sun Oct 13 21:51:51 EDT 2019,LinkedIn
GUGE2224,skiless435,friesenr732,Fri Apr 27 01:17:47 EDT 2018,WhatsApp
PQMQ9597,schadend308,reynoldsj149,Sat Jul 24 12:23:41 EDT 2021,Reddit
BSAM4025,prohaskac607,schaeferl201,Sat Mar 15 15:56:55 EDT 2014,Twitter
MQFK1748,turnerc506,hilpertl814,Sun Jun 05 19:13:20 EDT 2016,Pintrest
PNDX1861,douglasd722,rogahnz172,Mon Apr 28 01:53:53 EDT 2014,Twitch
NRNV9736,rathn711,pagach500,Mon Jan 08 13:39:32 EST 2018,Instagram
NBSM3114,mrazn614,marquardtf609,Thu Jun 30 07:58:24 EDT 2022,Twitch
KGMJ7767,pricef612,leuschked16,Sat Aug 31 18:01:20 EDT 2019,TikTok
SKVJ3978,monahana797,krajcikc771,Sun May 08 06:30:24 EDT 2022,Pintrest
POGV6618,lindd823,shanahane328,Sun Feb 02 02:55:09 EST 2014,Telegram
VMJZ0759,dickinsonc152,pricec698,Tue Jun 14 08:47:41 EDT 2022,Instagram
EHQK7627,stiedemannc609,hettingerp97,Tue Mar 11 16:54:35 EDT 2014,Snapchat
STIZ1777,stromanc418,lowee126,Mon Sep 12 04:24:47 EDT 2022,Discord
VEQB1483,luettgenj540,kirlinj350,Fri Apr 21 10:00:59 EDT 2017,YouTube
WZUA6930,raup648,schinnerc900,Wed Feb 06 21:15:10 EST 2019,LinkedIn
WJEX7147,o'connellb547,carrollw78,Wed Aug 10 15:38:12 EDT 2022,YouTube
WJKB2135,brownl802,feilh860,Wed Nov 11 10:59:32 EST 2020,Reddit
GFKB7118,bodeb327,gleasony218,Wed Feb 05 09:13:12 EST 2020,Telegram
HRQL5894,smithb176,schummr639,Sun Sep 25 11:21:19 EDT 2022,LinkedIn
WNUB6226,stromand735,sauerm909,Sat Nov 23 19:37:41 EST 2013,Instagram
OSXJ2153,ricec215,wiegandf336,Thu Apr 03 10:16:57 EDT 2014,Telegram
PRWA1035,toym831,dibbertf790,Sun Nov 12 04:48:01 EST 2017,Snapchat
TBGQ8545,daniely644,ratkej310,Wed Jan 22 02:56:11 EST 2014,Twitch
KXKF0036,ankundingr22,schulistw970,Thu May 30 23:00:37 EDT 2019,Telegram
TCUV9306,stokesd149,fishers465,Sat May 16 12:41:31 EDT 2015,LinkedIn
ROYT3789,rutherforde401,fayb537,Tue Oct 20 13:42:33 EDT 2015,LinkedIn
RPAA8585,littelg369,howec740,Sun Nov 20 16:03:19 EST 2016,Instagram
XEPZ8057,kilbackc924,tremblaye211,Tue Jun 25 20:47:58 EDT 2019,YouTube
RTNE0261,beahane853,walterr226,Sun May 03 17:12:22 EDT 2015,Twitch
WVSC7081,fadeld215,jonese189,Tue Apr 19 12:53:34 EDT 2016,Twitch
QMZB8491,prosaccob829,reingerl234,Mon Sep 02 16:46:56 EDT 2013,WhatsApp
HPHC4950,tremblaye211,predovick884,Sun May 21 05:03:14 EDT 2017,Telegram
ZEHU8941,ziemea870,grimesu644,Tue Sep 12 03:38:08 EDT 2017,YouTube
ZHXT9150,sengerb692,mckenzier304,Fri Jul 12 17:35:58 EDT 2013,LinkedIn
PISQ6327,conne583,stoltenbergn569,Sun Jan 31 13:41:26 EST 2021,Twitter
IAJR7680,stoltenbergd248,dickinsons777,Mon Apr 20 18:49:56 EDT 2015,YouTube
BCOY4535,harbere69,haneb367,Mon Jan 31 12:16:49 EST 2022,Instagram
HDBX5016,uptonl748,andersone611,Sun Sep 30 05:00:10 EDT 2018,Pintrest
YSNQ4403,blickk488,smithama391,Fri Mar 04 16:23:01 EST 2016,Twitch
ODRL3184,hegmannk753,considinej734,Fri Jun 30 21:02:01 EDT 2017,Reddit
IEBS7124,bahringerb51,thielk889,Thu Mar 15 19:52:15 EDT 2018,Snapchat
WSWA1395,auers898,kohlerc684,Thu Sep 17 05:07:49 EDT 2015,Discord
DZNR6899,feilb403,jacobsa575,Thu Nov 20 05:26:23 EST 2014,Twitter
ESNR3241,hammesb843,framig598,Sun Jun 26 23:54:29 EDT 2016,TikTok
OMEQ1528,macejkovicg59,corwinh510,Sat Nov 27 07:03:21 EST 2021,Snapchat
HWCP9235,schummn254,wisozkd37,Mon Sep 02 00:46:21 EDT 2013,Discord
PGRK9892,schmidtw697,stammg140,Thu Mar 16 15:30:14 EDT 2023,TikTok
RAIZ7572,harrisb126,haaga652,Fri Sep 29 07:01:13 EDT 2017,WhatsApp
PPDB9440,faheyg573,flatleys774,Sat Nov 15 14:53:55 EST 2014,LinkedIn
INEZ3177,keelingb178,shieldss65,Mon Oct 02 21:07:05 EDT 2017,Facebook
EING9011,wuckertc963,o'reillyr573,Mon May 01 11:41:57 EDT 2023,Twitch
YSLE6236,yostl198,cronaa656,Tue Jun 20 02:02:37 EDT 2017,LinkedIn
CWIT2400,streichc287,wizar745,Thu Aug 14 00:43:16 EDT 2014,LinkedIn
SJUI8309,aufderharr91,osinskig771,Tue May 08 03:32:55 EDT 2018,WeChat
JNKS6539,mertzo808,moent404,Wed Jan 10 17:05:51 EST 2018,Telegram
XBQC3909,ferrym888,rempelm394,Fri Dec 02 21:16:43 EST 2022,Instagram
FYYC5199,lueilwitzr504,doylem849,Thu May 10 00:02:17 EDT 2018,Instagram
YEEK5170,d'amorem833,mcdermotth802,Fri Oct 24 05:33:44 EDT 2014,TikTok
KAFC6413,wisokyj122,dachn200,Tue Jan 02 11:40:10 EST 2018,Snapchat
ZEAD9870,faheyf502,bechtelare725,Wed Oct 25 23:48:03 EDT 2017,Twitter
WCUF8975,dachc705,ricec215,Fri Mar 31 22:05:32 EDT 2023,Facebook
RQRR9215,funke830,lefflerm171,Thu Jul 02 22:05:56 EDT 2015,Snapchat
ETRX4971,gleasons960,bechtelarp529,Tue Nov 06 00:08:26 EST 2018,Twitch
LDGJ5890,mckenziee4,muellers202,Sat May 04 17:17:07 EDT 2019,Reddit
EWJE6893,mertzg630,mrazt645,Thu Jan 25 15:31:46 EST 2018,Reddit
OXFD8817,gleichnerw481,dickinsons677,Mon Sep 19 11:11:56 EDT 2016,TikTok
THFP7335,howellx746,gusikowskij405,Tue May 10 05:26:37 EDT 2016,Discord
QKQT9311,funks746,jenkinss811,Fri May 23 19:56:37 EDT 2014,LinkedIn
NSZX8703,bartella445,blickl637,Tue Aug 11 15:01:32 EDT 2015,TikTok
XGDH0822,conne583,gutkowskij412,Mon Nov 12 06:57:25 EST 2018,Telegram
XHPP0270,schusterb588,lefflerm744,Sun Feb 06 05:03:32 EST 2022,WeChat
ZMYP8553,prosaccok299,borers822,Fri Feb 11 12:57:49 EST 2022,Reddit
WYXH4079,kunzed907,douglasr240,Sat Jun 19 05:04:56 EDT 2021,Facebook
UIUK0721,torpd271,osinskic148,Wed Nov 20 03:37:37 EST 2019,Facebook
YQQD8318,vono247,dietrichw757,Sun Jun 08 06:04:53 EDT 2014,Snapchat
IYUW2271,shieldsm917,nicolasj954,Mon Mar 13 17:47:17 EDT 2017,Twitter
WAFX5653,okunevab512,flatleys774,Sat Jan 18 01:51:56 EST 2014,Facebook
UKAL9731,cassinw182,shieldsm431,Tue Oct 20 09:35:51 EDT 2020,WeChat
NYZL8529,schumms486,buckridger506,Wed May 03 15:10:51 EDT 2017,WeChat
GCVF9187,fadelr134,nadera464,Wed Jul 01 12:00:20 EDT 2020,Twitter
MFOY0922,powlowskii395,cassino417,Thu Sep 13 00:33:08 EDT 2018,Instagram
MMXG3449,schulistk59,creminj478,Mon Jan 27 05:35:53 EST 2014,LinkedIn
NACX3591,stehrj425,erdmanf210,Fri Dec 16 20:30:04 EST 2022,Twitter
ZZSN1766,legrosc211,murazikk63,Thu Oct 09 21:53:25 EDT 2014,WeChat
PVKZ5705,stantonn560,hesselo817,Thu May 02 15:37:27 EDT 2019,Instagram
PASG7920,bartolettil363,pfannerstilll146,Fri Sep 25 13:51:42 EDT 2020,WhatsApp
SYTP0820,wardm417,nienowe371,Wed Jun 24 13:14:46 EDT 2015,YouTube
MMJA2731,krajcikd131,kertzmanna539,Wed Jan 08 03:33:08 EST 2020,Telegram
NBQC6546,parisianp812,johnstonm240,Wed Apr 13 02:35:15 EDT 2022,Telegram
EEVO4813,gaylords362,kunzer424,Mon May 14 05:20:50 EDT 2018,TikTok
BDGZ0802,millsl876,hagenesl324,Tue Dec 24 11:31:42 EST 2019,Instagram
EJVI7693,considinem505,shieldsk685,Fri Oct 09 16:29:07 EDT 2015,Reddit
UMMZ9872,strackel239,mertza397,Tue Aug 10 14:49:23 EDT 2021,Instagram
HWLX0370,macgyverp347,stokesn76,Wed Jul 07 18:10:19 EDT 2021,Telegram
LCXH8204,boyler967,o'keefeb578,Sun May 24 20:25:04 EDT 2020,Facebook
VQOT5444,ziemea870,hahnj56,Mon Dec 08 06:38:03 EST 2014,WeChat
ZFOA9721,gerholdj822,russelj932,Wed Feb 22 09:42:23 EST 2023,Instagram
XKES2743,heathcoted399,rowej576,Wed Nov 18 13:06:05 EST 2020,TikTok
JWNP9449,rowen465,schultzk424,Mon Jun 08 13:31:19 EDT 2015,WeChat
TSXB5982,schmidtn419,beahanl457,Sun Aug 11 05:41:03 EDT 2019,TikTok
TFST5225,labadied204,hettingerw641,Sun Dec 23 23:25:05 EST 2018,Telegram
VMPD6385,streichm827,reingeri728,Tue Mar 30 11:57:50 EDT 2021,Instagram
TQCA2395,aufderhark309,hayese50,Sun Mar 02 09:19:48 EST 2014,Twitch
QEMP2737,baileyr865,mclaughlina632,Sun Apr 09 16:35:54 EDT 2017,LinkedIn
HGLM3701,muellere489,feestr488,Mon Mar 28 07:53:12 EDT 2016,YouTube
WZXU5494,kleinh961,rosenbaums324,Thu Sep 15 10:31:03 EDT 2022,WhatsApp
BMWC4216,windlern612,gleasonr379,Sat Aug 03 02:46:25 EDT 2013,Reddit
ECHX6671,rohana458,runter182,Mon Oct 07 07:56:00 EDT 2013,YouTube
XUMJ2999,kautzerj757,franeckib257,Fri Sep 29 13:50:23 EDT 2017,Telegram
BZTS2377,quigleym241,conroyd704,Tue Mar 28 22:53:14 EDT 2023,WhatsApp
JKOE0981,dacha793,turcottea464,Tue Oct 13 09:35:22 EDT 2015,LinkedIn
XYXF4643,balistrerii197,stoltenbergs623,Fri Feb 11 14:15:45 EST 2022,Instagram
IPWV5481,brownw732,watersc722,Wed Jun 09 12:52:56 EDT 2021,WeChat
CDHR9300,pourosr676,pfefferm539,Fri Oct 07 16:35:01 EDT 2016,Twitch
LWKX3987,pauceki405,faheyc501,Tue Jan 25 07:43:57 EST 2022,Twitch
QEAX8367,monahanf913,hickleg97,Fri Aug 22 12:30:12 EDT 2014,Twitter
YYUN1559,gottliebs132,mclaughlinm256,Mon Jul 11 10:23:08 EDT 2016,Twitter
LSWP8112,kuhlmanc260,larsonn384,Sun Jul 29 06:30:25 EDT 2018,Facebook
WQKM5769,collinse34,schillere434,Wed Feb 28 14:11:01 EST 2018,YouTube
TBGR6216,dache955,hettingerm231,Sat Nov 27 20:17:05 EST 2021,Discord
PZCI3638,mcdermotta50,stoltenbergd248,Tue Dec 20 03:34:39 EST 2016,Telegram
SVAY5419,handr597,davism307,Wed Jul 01 08:46:51 EDT 2015,Twitch
MNYQ9771,bodeo864,beckerb28,Fri Mar 10 09:07:26 EST 2023,YouTube
SQBQ8417,deckowl175,wisokyt385,Sat May 06 02:32:04 EDT 2023,WeChat
JKPC9539,cristm242,faheye847,Mon Dec 07 07:37:30 EST 2020,Twitch
WXCW5011,runolfsdottirk457,ferrym322,Mon Aug 04 09:52:25 EDT 2014,Reddit
TMMW4267,pagaca449,ferryb81,Wed Jul 03 00:02:06 EDT 2019,Discord
CQSS1722,starka960,skilesm741,Sat Feb 12 22:04:40 EST 2022,Instagram
FHYW8529,cronan601,grantb760,Sat Mar 28 17:56:47 EDT 2015,TikTok
KHIE8158,hellerb104,wuckertc963,Wed Dec 08 12:26:18 EST 2021,Twitter
LJET7929,schultzg517,blickw191,Mon Aug 02 19:58:46 EDT 2021,Snapchat
SNOI9126,osinskit932,padbergn113,Thu Jul 18 06:14:06 EDT 2013,Twitch
NWAX0883,o'harar730,swaniawskit63,Sun Feb 13 12:19:40 EST 2022,Instagram
WYLS9838,abernathyl652,friesenr196,Sun Jun 09 18:55:02 EDT 2019,TikTok
CHAP2518,tremblayi74,parkerl486,Sun Dec 30 11:39:55 EST 2018,YouTube
EDUY0568,abbotty815,o'haras271,Fri Sep 04 04:16:28 EDT 2015,LinkedIn
YIJL1420,larsonb220,o'keefel102,Tue Mar 11 09:26:38 EDT 2014,Instagram
AXME8635,faheym885,franeckim485,Tue Mar 19 05:53:13 EDT 2019,Pintrest
YGCN2355,kutchj794,kutchk289,Tue Jan 29 01:09:36 EST 2019,Facebook
LHLR3716,rutherforde401,beattyk689,Sun Jan 14 13:56:32 EST 2018,Twitter
IIZV9847,wymand687,binss223,Sun Oct 10 11:14:18 EDT 2021,LinkedIn
RJRZ9143,leuschkem257,thompsonl788,Mon Jul 29 19:04:41 EDT 2019,Telegram
PSNE0559,harveym58,labadiec859,Sun Apr 05 02:06:05 EDT 2015,Reddit
BYXO8587,mannt96,tremblayz259,Sun Jun 26 23:41:57 EDT 2022,Discord
RGEN2896,paucekc72,corkeryl751,Mon Sep 02 08:07:37 EDT 2013,Twitch
ZHJX5738,powlowskib869,kozeyj803,Sun Aug 18 17:28:17 EDT 2019,Twitch
JAMR6767,thield387,rohans74,Thu Apr 27 07:19:31 EDT 2017,Telegram
ZMPE9284,wintheiseri487,o'keefef868,Mon Jul 16 04:17:40 EDT 2018,Twitter
ORJD7675,emmerichf438,keeblers435,Sat Dec 07 05:09:44 EST 2019,Instagram
QCOJ1977,beckerw475,shanahanm152,Wed Sep 13 14:19:19 EDT 2017,LinkedIn
JQJB2380,binsg238,treutell730,Fri Mar 28 21:55:26 EDT 2014,WhatsApp
ZITF5844,brakust637,hillsv753,Sun Apr 05 07:23:47 EDT 2015,Twitch
LUPB2433,danielt312,nienowk422,Sat Aug 08 08:25:18 EDT 2020,TikTok
ATMJ3587,hyattm902,gradyi94,Wed Apr 04 17:46:51 EDT 2018,Instagram
DHRR2401,hermane230,jakubowskip202,Thu Jan 31 05:58:52 EST 2019,Pintrest
HDWH7388,hudsonn502,watsicaf341,Mon Jun 29 07:05:31 EDT 2015,Facebook
UCQC5111,champlins635,hirthel546,Fri Jan 08 14:19:34 EST 2016,WeChat
CPIO3072,lynchj877,zemlakl109,Mon Feb 17 18:20:49 EST 2020,Twitch
PECC8272,huelh203,gleichners273,Fri Feb 14 19:30:24 EST 2014,WhatsApp
MVPB7615,bernierj653,littlem521,Fri Jul 26 21:39:28 EDT 2013,Pintrest
FKNT8162,armstrongc628,rodriguezm359,Tue Apr 29 22:11:01 EDT 2014,Twitch
XQPS6123,wisokyb90,hegmannb577,Mon Oct 02 05:52:02 EDT 2017,Snapchat
FMUM7007,kossf40,cummingse715,Sat Jan 11 20:10:13 EST 2020,Discord
YUCT2387,bashirianl445,vandervorts126,Thu Apr 01 09:48:43 EDT 2021,Pintrest
KRPI7118,langworthe439,beahanl201,Thu Dec 27 08:56:25 EST 2018,Pintrest
VUAS1110,dachy621,zemlakt960,Fri Jul 08 04:40:01 EDT 2022,Telegram
XFZR8124,mantek531,jerdew564,Mon Dec 28 11:40:16 EST 2015,WeChat
JLBC0927,mcglynng864,nadern526,Fri Oct 30 02:58:03 EDT 2015,WeChat
LMWF2987,bartonk415,reingerk206,Sat Feb 09 01:41:17 EST 2019,Twitch
IYKI7822,johnsm397,hansene161,Mon Dec 23 07:21:11 EST 2019,Facebook
DITV4184,gradyk54,lindgreng734,Sat Dec 08 17:06:54 EST 2018,TikTok
YNWD5482,mosciskim847,hartmannl93,Fri Jul 03 22:52:52 EDT 2015,YouTube
ONRI7401,langoshe23,kuvalisb698,Wed May 29 03:56:59 EDT 2019,Twitter
RMYZ0459,metzj258,baileyc917,Mon Sep 27 08:35:28 EDT 2021,Twitter
ARRS2419,durganl911,wardb97,Fri Dec 01 05:16:49 EST 2017,Instagram
USAJ9066,gerholdj142,lindc215,Mon Jul 29 14:37:43 EDT 2013,YouTube
HYUT8647,cassinj955,nolane165,Mon Aug 03 15:59:23 EDT 2020,Telegram
WKWS9712,mayertw196,funkm438,Tue Jun 12 08:43:22 EDT 2018,Facebook
ECRB5154,sawaynt503,collinsm65,Wed Apr 12 10:35:31 EDT 2023,Reddit
ZZSG9210,wymanc800,swiftj922,Sat Oct 24 01:15:22 EDT 2020,Reddit
OPBE3779,cummeratar420,conroyf458,Mon Nov 25 05:23:15 EST 2013,Facebook
WXNQ1167,sanfordt128,towned825,Sun Apr 22 13:30:35 EDT 2018,Instagram
BLFK4606,schoena945,romaguerat895,Mon Dec 02 08:31:27 EST 2019,Facebook
TZRE2335,casperk978,collinst328,Wed Nov 04 03:26:03 EST 2020,Facebook
JFGM7467,lednerc39,cummeratag101,Thu May 21 03:31:38 EDT 2015,WhatsApp
UWMU4502,shanahanm152,langj278,Tue Feb 25 06:52:59 EST 2020,Telegram
QZYN0881,dickinsont735,smithl816,Mon Jan 31 18:19:46 EST 2022,YouTube
KLHC1938,corkeryf331,quitzons260,Sun Feb 22 14:11:02 EST 2015,Facebook
QZKN2104,mooret918,handb249,Mon Nov 30 13:13:48 EST 2015,Discord
GGYI5686,kovacekk293,rutherfordj496,Wed Jun 03 06:40:18 EDT 2020,Instagram
KMSU1408,rosenbauma574,beattyi592,Sat Sep 27 23:28:03 EDT 2014,Instagram
IQPV3056,cormiery343,hyattj268,Thu Feb 22 09:29:48 EST 2018,TikTok
IFMU4913,howells610,zulaufs474,Thu Apr 02 23:29:11 EDT 2015,LinkedIn
MHQZ0794,bartelld308,dickensm581,Fri May 13 11:32:58 EDT 2016,Telegram
TCYL9497,schadene213,hackettv90,Sat May 17 15:56:49 EDT 2014,LinkedIn
KCQJ2556,franeckis433,skiless724,Thu Oct 10 07:00:20 EDT 2013,Twitter
WZBX2773,dooleya184,pfefferm77,Wed Nov 28 22:33:31 EST 2018,YouTube
ZSRC4074,weberc592,rogahno192,Thu Feb 11 13:33:19 EST 2021,LinkedIn
SMUA0338,lakinc423,marvinm630,Fri Sep 18 19:56:53 EDT 2015,WeChat
KLPY6651,kutchb46,tillmanr597,Fri Sep 30 23:23:34 EDT 2016,Telegram
GSHM0249,doylem849,bednaro877,Sun Nov 30 18:52:20 EST 2014,TikTok
PDCA5494,barrowsr415,gleasonc943,Fri Nov 27 12:48:13 EST 2020,Pintrest
XIAD2154,prosaccow920,kubs978,Sun Aug 18 08:48:08 EDT 2019,Reddit
YBDA8704,littlea599,bodes695,Thu Aug 19 21:06:30 EDT 2021,YouTube
FCRL1086,murphyf471,boylet199,Tue Jul 21 06:03:49 EDT 2020,TikTok
RHQZ2785,blandah56,herzogy102,Tue Aug 27 12:35:26 EDT 2013,Pintrest
AMQG0318,borerd976,cristw93,Thu May 19 02:43:45 EDT 2022,Twitch
HUMF4436,smithk680,rennerc274,Wed Oct 06 23:28:09 EDT 2021,Facebook
PPHA1786,crooksk188,boganr506,Thu Sep 22 15:15:04 EDT 2016,Telegram
NTKG8848,cruickshanka217,hilpertn689,Sat Dec 31 21:00:24 EST 2022,Twitch
XBSY4785,sipesd126,durganj147,Wed Oct 02 04:05:21 EDT 2019,Telegram
LHDG3305,pourosc916,cruickshanks191,Mon Mar 22 00:47:53 EDT 2021,LinkedIn
TKEL6518,berniera830,beckera474,Wed Feb 26 07:10:09 EST 2020,LinkedIn
EVNI6254,labadiew868,huelsm154,Thu Jan 13 22:17:57 EST 2022,Discord
SUQA9191,wehnerl445,wildermana483,Tue May 11 19:28:18 EDT 2021,WeChat
OOTW6424,tremblayt115,metzg66,Wed Jan 26 06:29:34 EST 2022,Twitch
ZXTF2504,thielk889,gutkowskia808,Thu Apr 21 14:56:01 EDT 2016,Snapchat
MQUD1887,uptonl748,stoltenbergd248,Fri Apr 15 07:31:18 EDT 2016,WhatsApp
MZTZ9450,ondrickan793,lakinc423,Wed Sep 18 12:17:43 EDT 2013,Instagram
LQMK7609,carrolll235,luettgena576,Sat Apr 29 16:39:45 EDT 2017,Twitter
FOUC1856,goldnera24,renneri831,Thu Sep 04 21:33:06 EDT 2014,Snapchat
JJZX9452,homenickj634,lynchn828,Wed Dec 26 01:24:06 EST 2018,WhatsApp
OQRA6035,pfefferm539,douglasj896,Fri Dec 08 14:42:42 EST 2017,Twitch
EGLV1523,schadend91,gulgowskik783,Tue Mar 31 14:20:52 EDT 2015,Telegram
YVVX6329,mckenziea733,cristc92,Thu Aug 14 23:15:34 EDT 2014,YouTube
YCGQ0383,faheyb587,daniels962,Thu Jan 16 18:07:45 EST 2020,WeChat
DBUZ5536,veumj337,andersonb664,Tue Apr 18 13:58:01 EDT 2017,Reddit
NRBW3006,jonesk110,faheyc501,Fri Jan 29 15:59:03 EST 2016,Discord
CPIO9869,hamilla309,marvinh889,Sat Aug 28 19:08:06 EDT 2021,Telegram
QSLG8404,carrollc250,schinnerd380,Sat Jan 24 21:03:45 EST 2015,WhatsApp
BHLW5779,harrisd939,marksj978,Sun Apr 28 13:42:07 EDT 2019,Twitch
BNRZ4410,baumbachc305,beahane853,Sun Apr 16 21:32:10 EDT 2017,Pintrest
AQVT7794,kirlint899,jastc506,Mon Feb 27 07:58:15 EST 2023,Snapchat
NXHH4705,goldnera24,bergep609,Sun Aug 11 08:43:59 EDT 2013,Telegram
LJBW0719,dooleym846,feilm429,Wed Sep 14 23:10:04 EDT 2016,WhatsApp
NNMF8052,volkmanc805,d'amorec890,Mon Apr 10 21:23:37 EDT 2017,Instagram
TJBL5450,russelc130,faym403,Fri Jun 02 16:55:44 EDT 2017,Twitch
KKMT5411,bodes975,sporerv763,Sun Sep 16 18:05:11 EDT 2018,WhatsApp
XYZU5674,beierr412,cartwrighte351,Sat Dec 09 21:36:10 EST 2017,Reddit
ROSF7492,cronam781,harveyj374,Sat Feb 08 22:40:04 EST 2020,TikTok
ULHM5201,kreigerr946,zemlakc305,Sun May 10 06:47:27 EDT 2015,Twitter
ILKO0572,wilkinsonp31,raynorb505,Mon Sep 28 05:35:46 EDT 2015,Pintrest
WJYT3400,shieldsv291,schinnerc848,Sun Mar 23 05:09:59 EDT 2014,Snapchat
FRHJ5259,wittinga373,colliers293,Tue Sep 10 21:51:25 EDT 2013,LinkedIn
FNHA8921,uptonm495,blocks442,Thu Mar 10 00:33:20 EST 2022,Instagram
EGBS0533,wittingn435,beerj869,Fri Jul 12 04:36:46 EDT 2019,Discord
GLET6632,turcottet306,jerded587,Fri Aug 10 22:41:57 EDT 2018,LinkedIn
XDXZ6820,gulgowskic35,donnellyo328,Wed Jul 03 18:26:54 EDT 2019,Facebook
OVZP8988,terrya559,dickinsons677,Tue Nov 03 04:34:55 EST 2015,WeChat
TTKP3689,goodwinl863,torphye523,Wed Aug 03 11:09:29 EDT 2022,Instagram
WAQP6764,ernserv539,mayertr98,Tue Jun 24 22:27:29 EDT 2014,WhatsApp
RECT6671,rempels437,crooksf495,Thu Apr 23 08:13:47 EDT 2020,TikTok
WJQE3487,lefflerj330,yostr841,Sat Jun 30 04:31:01 EDT 2018,TikTok
GSRO4979,bradtkeq787,daughertyk207,Sun Jun 09 23:48:54 EDT 2019,Snapchat
PPCR7217,hackettw506,streicht647,Sun Sep 15 21:18:05 EDT 2013,WeChat
CHQQ7599,o'connerd819,hesselm451,Mon Dec 05 21:12:55 EST 2022,TikTok
ADCP5261,ziemanna314,greene773,Thu Apr 30 07:26:35 EDT 2015,Facebook
PGLO7275,labadieb836,hermane230,Thu Mar 31 23:51:40 EDT 2016,Pintrest
YXVZ9267,friesent190,metzs778,Mon Jul 01 04:45:52 EDT 2019,TikTok
CNTE8339,terrya360,davisd404,Sat Feb 01 09:10:48 EST 2020,YouTube
VHHU6886,kiehnj723,sporers124,Thu Nov 27 12:43:22 EST 2014,WhatsApp
IDLC2405,abbottb41,simonisj847,Wed Aug 19 18:30:17 EDT 2020,Snapchat
VFOV7563,bashirianb535,muellerh126,Sat May 19 00:37:55 EDT 2018,Instagram
AIXQ9754,greenc776,borerd976,Sat Jun 14 19:08:03 EDT 2014,Pintrest
XSIE0256,kochk456,faheyd484,Sat May 15 18:49:31 EDT 2021,Snapchat
ABLE0132,mullerg201,trompd888,Mon Jun 04 01:20:58 EDT 2018,Telegram
XWOK9029,wittingb722,jonesm163,Wed Sep 22 15:26:11 EDT 2021,YouTube
KWMD4846,stiedemannm489,schusterk309,Wed Apr 18 04:05:17 EDT 2018,TikTok
EPMZ5166,cartwrightd720,rempels440,Wed Sep 05 05:33:30 EDT 2018,Facebook
RBBW8092,reicherte760,robertsc630,Sun Dec 29 23:15:58 EST 2013,Twitter
WPFA3549,johnso140,larsona856,Wed Oct 13 11:44:55 EDT 2021,Twitter
SEVD0686,konopelskib664,nitzschel831,Sun Oct 30 04:01:28 EDT 2016,Facebook
PRYW0197,mannt96,treutelm311,Fri Apr 08 05:39:27 EDT 2022,Twitch
HTGP8255,kiehnm448,kuhnn410,Fri Aug 26 11:36:47 EDT 2022,Pintrest
IENU0155,vandervortk695,robertsl408,Mon Nov 06 05:54:35 EST 2017,Snapchat
VENP2937,hilpertl814,treutelf912,Fri Jul 14 16:58:30 EDT 2017,LinkedIn
IOVH7998,carterr131,wymanp733,Sun Jun 04 21:54:45 EDT 2023,LinkedIn
TFVX4894,shieldsm917,rohanc63,Sat May 13 13:39:21 EDT 2023,Discord
NJYO8228,glovern820,durganw828,Tue Dec 27 15:25:33 EST 2022,Twitch
WQFO5192,o'haraa446,renneri448,Sat Oct 05 08:36:23 EDT 2019,Twitch
OMPY7757,kohlerf264,kirlinc959,Sun Oct 04 17:28:47 EDT 2015,Discord
VERA8733,zemlakb334,willmse514,Fri Nov 30 05:30:04 EST 2018,Instagram
BAAJ5577,townej419,kossf40,Sun Nov 25 10:08:00 EST 2018,Twitch
XILB0946,hackettv339,turnerk71,Wed Mar 03 14:49:31 EST 2021,LinkedIn
IBYI4009,murazikl47,connv599,Wed Mar 20 08:04:53 EDT 2019,WeChat
DZGM6117,caspert656,pagacm244,Mon May 22 19:58:07 EDT 2017,Reddit
PLMR9157,bogisichs379,borera904,Fri Apr 25 06:47:52 EDT 2014,TikTok
CYHD5866,vandervorts173,krisb460,Sun Dec 20 03:27:16 EST 2020,Discord
UDDF3317,halvorsonl871,swaniawskiv975,Thu Mar 01 23:35:53 EST 2018,Pintrest
GOKO2305,johnsm397,waelchit348,Sun Sep 11 10:33:43 EDT 2016,YouTube
XNMH9575,dietricha442,westa627,Sat May 26 04:00:24 EDT 2018,Discord
WJXN4569,jerdel859,hermana873,Sun Nov 29 16:42:49 EST 2020,Telegram
JLFV2550,hirthel546,rennerk60,Sat Dec 28 09:39:29 EST 2019,YouTube
ENXZ9783,collinsr943,o'connerm819,Thu Sep 02 19:50:49 EDT 2021,WhatsApp
CZJH8873,stokesr311,konopelskiw379,Sun Apr 08 01:09:22 EDT 2018,Twitch
OZOB5460,kerlukel780,andersone641,Tue Nov 15 09:51:19 EST 2022,Snapchat
BLTJ5534,kilbackc516,lowei494,Tue Jul 26 01:55:49 EDT 2022,YouTube
GFYG9583,stiedemanng654,welchn30,Mon Mar 04 08:57:49 EST 2019,Discord
CBAD2943,sawayns601,linde119,Mon Jun 21 21:08:29 EDT 2021,YouTube
YVLD9438,morart436,greenf56,Fri Sep 25 10:52:16 EDT 2020,TikTok
YGRY3342,moeng134,bashirianf745,Thu Oct 13 16:32:56 EDT 2016,Twitch
JTWG5058,greenfelderj324,hillst147,Sat Oct 30 08:19:38 EDT 2021,Twitch
MIRU3912,harveym401,funkn483,Thu Feb 25 16:59:29 EST 2016,Reddit
AKXQ6795,buckridgez433,creminl254,Mon Mar 22 14:27:30 EDT 2021,WeChat
XABS3799,rempela846,weissnatm957,Sun Apr 10 05:20:47 EDT 2022,WhatsApp
IFCD4889,bradtkel74,mcculloughm583,Tue Aug 26 21:14:13 EDT 2014,LinkedIn
MQIZ0361,johnsn484,rosenbaumy270,Sat Nov 26 03:27:08 EST 2016,Telegram
SDAF6720,medhurstv795,baileyb884,Sat Sep 17 23:21:16 EDT 2016,Twitter
DRYC8043,lindgrene547,millsl876,Wed Oct 03 16:54:40 EDT 2018,Facebook
KRPO4532,haucka470,leschg214,Fri Aug 20 17:18:28 EDT 2021,YouTube
ITOM2439,millert670,stokesr311,Sun Nov 01 03:45:00 EST 2020,TikTok
MXSF9732,skiless724,bartonr477,Thu Oct 17 09:35:35 EDT 2013,TikTok
FZNW3547,roobg537,kovacekv501,Fri Sep 24 05:38:54 EDT 2021,Telegram
FTDX3934,gutmannb84,mosciskim130,Sat Apr 28 23:06:09 EDT 2018,Twitch
YAZC6468,wittingn435,shieldss65,Wed Apr 19 23:33:58 EDT 2023,WhatsApp
JAMF2668,d'amoreg966,goodwinm568,Sat Jan 02 16:13:48 EST 2021,Instagram
EIZI8469,powlowskih60,kreigert543,Sat Feb 08 09:52:59 EST 2020,Instagram
YWAX5590,littlep687,stantonn560,Sat Apr 08 07:35:13 EDT 2023,YouTube
KIZY8833,faheyb587,carterl956,Wed May 07 13:35:01 EDT 2014,Twitter
UCSR9524,schaeferh642,luettgenl533,Sun Jul 11 03:13:42 EDT 2021,Instagram
ILDD2823,armstronge215,kingr364,Tue Mar 30 05:12:16 EDT 2021,TikTok
QYKV4163,lehnerr792,rippinl266,Fri Jul 17 03:24:59 EDT 2020,TikTok
FNUJ4047,rodriguezn585,marksj741,Wed Jun 11 01:13:32 EDT 2014,Twitter
DAAV5501,beahane853,paucekc182,Thu Sep 14 15:12:59 EDT 2017,Discord
TTWB5782,rutherforda509,pfefferj814,Wed Mar 04 21:01:11 EST 2015,Discord
YSQR1608,hudsont444,shieldss65,Thu Feb 16 12:25:14 EST 2017,Discord
LDFM2391,leschb231,schinnerd380,Mon Nov 06 05:39:35 EST 2017,Reddit
KYZJ8868,criste486,starkl558,Thu Sep 22 05:02:22 EDT 2016,Twitter
ESVY1793,monahanu938,beahane83,Fri Sep 30 03:10:44 EDT 2022,WeChat
AVIX2283,lowes342,pricec698,Fri Oct 18 11:14:32 EDT 2013,LinkedIn
DMLJ1212,russelc964,nolanj129,Tue May 03 23:54:50 EDT 2022,YouTube
QIVZ5889,abshirec522,schulistj786,Sat Nov 21 15:19:39 EST 2015,Instagram
OJRL5034,collinsa35,bergstroma928,Mon Jan 02 02:53:53 EST 2017,Snapchat
VLSI8098,mckenziet155,schmelerl534,Tue Nov 10 22:29:04 EST 2015,Instagram
JKIZ7612,greenfeldert286,beierl264,Sat Mar 29 19:40:55 EDT 2014,Reddit
FWTC1812,schinnerx46,shanahanj189,Sat Jun 10 10:24:16 EDT 2017,Snapchat
ENYW6807,blockb826,hirthet80,Sun Aug 13 07:18:25 EDT 2017,TikTok
GRKD2088,schinnerg707,millsj347,Mon Sep 09 08:53:00 EDT 2013,Telegram
NXUU5849,hanej657,koelpinl954,Thu Nov 25 00:04:55 EST 2021,YouTube
EAYY7933,leschs123,howec740,Sat Nov 09 02:45:35 EST 2019,YouTube
XGHR1475,ratkem3,yostd387,Wed Dec 05 00:26:17 EST 2018,LinkedIn
MSMB4715,hackettc689,feeneyr661,Fri Oct 11 02:58:11 EDT 2019,LinkedIn
GPAA2385,schillere434,predovicm939,Mon Aug 02 01:09:17 EDT 2021,Telegram
DYAY7980,rutherfordb478,considinec207,Sun Jul 16 05:30:10 EDT 2017,Reddit
TSGK4094,wisozka156,schillerl880,Sun Sep 25 06:47:17 EDT 2022,Telegram
XXHQ6397,doylet645,kriss260,Tue Oct 13 22:24:38 EDT 2020,Telegram
GEXZ3797,sengerk445,dacha793,Tue Jan 03 20:59:17 EST 2023,Twitter
ESXG0281,ernserv539,koelpind356,Fri Jul 13 20:24:20 EDT 2018,Snapchat
OEGM1348,mrazr567,kuvalist715,Thu Jun 11 14:43:28 EDT 2015,Facebook
XNCW7125,cummingsr436,schambergera86,Wed Feb 08 23:02:53 EST 2023,Instagram
OJFU8354,o'connerj592,bergstromm221,Sun Aug 02 21:16:25 EDT 2020,Pintrest
OYXW9619,reillyb54,bodel190,Fri Mar 27 20:06:18 EDT 2015,Twitter
OUQO4045,rowej491,fisherk57,Thu Mar 27 23:40:22 EDT 2014,Instagram
GVJO2875,hermannt763,baumbachl554,Wed Sep 30 00:33:49 EDT 2015,Facebook
CRSM5120,kohlerc684,dachr94,Sat Jun 19 22:15:48 EDT 2021,Pintrest
UYEH1804,okunevat54,effertza627,Thu May 12 11:48:44 EDT 2022,Facebook
OLAV2606,schimmela119,schowalters332,Sat Sep 24 04:12:51 EDT 2022,Instagram
SUSZ6900,schuppej408,daughertyc281,Sat Dec 05 20:08:55 EST 2020,WeChat
JZGM3128,d'amoref128,emmerichj804,Sun Aug 22 10:14:03 EDT 2021,Twitter
GJOZ6200,balistreril266,flatleyk522,Sat Apr 04 12:42:18 EDT 2020,Twitter
WSNK3469,lueilwitze968,altenwerthr150,Tue Apr 30 23:24:17 EDT 2019,Pintrest
SZGA6981,collierd651,goldnera24,Wed Dec 31 13:53:15 EST 2014,Reddit
WYXN8043,trantowt608,armstrongt800,Fri Jun 15 21:08:53 EDT 2018,Twitter
IHBK1331,kiehnj34,cruickshankk316,Fri Mar 28 18:42:28 EDT 2014,WeChat
LKYD9697,rempelr643,kilbackc447,Sun May 13 00:52:10 EDT 2018,LinkedIn
KODX4062,pfefferm77,mertzj580,Thu Apr 25 06:26:02 EDT 2019,Twitter
GJJG2081,uptond863,jacobsm252,Mon Feb 12 14:43:46 EST 2018,Pintrest
QBRK8590,bradtkel74,larkini402,Sat May 08 22:01:27 EDT 2021,TikTok
CRRZ6717,raul567,gradyj953,Thu Feb 18 17:17:29 EST 2016,WhatsApp
SYED5965,ryank249,volkmanr483,Sun Nov 03 03:06:35 EST 2013,Twitter
UIMZ8301,wehnera204,heidenreichd536,Sat May 26 11:12:44 EDT 2018,Telegram
AFEK1165,manns58,batza119,Tue Mar 02 17:47:10 EST 2021,Discord
APCX3131,mohrb476,donnellyj193,Sat May 13 18:01:03 EDT 2017,Instagram
QWEF1960,strosins220,beattyb117,Thu Dec 02 11:08:24 EST 2021,TikTok
YAZQ7590,torphyb909,gerholdo62,Thu Apr 11 15:42:34 EDT 2019,Facebook
KDBV3255,howev833,turcottel123,Mon May 09 13:03:14 EDT 2022,Pintrest
PHQI6521,kilbackk239,considinec207,Sun May 01 08:46:18 EDT 2016,WhatsApp
OLFJ0466,lueilwitzf120,ernserj949,Wed Sep 22 03:15:37 EDT 2021,Twitter
JNEJ8361,kohlert483,flatleyk522,Wed Jun 03 08:03:58 EDT 2020,YouTube
BJPB4492,kirlinj350,jonesk190,Thu Jul 30 03:34:00 EDT 2015,Snapchat
XNBY5708,skiless435,hintza538,Wed Mar 18 21:40:09 EDT 2015,Telegram
SIVN2502,weberm438,torpj134,Sat Feb 04 22:36:56 EST 2017,WeChat
AHCL5833,brakuse887,jacobsg38,Thu Aug 22 21:02:27 EDT 2013,Twitch
FTDL6231,leuschkes702,marksj557,Sun Nov 09 06:32:15 EST 2014,TikTok
FPCD7116,hyattm902,wintheiserj226,Tue Apr 18 01:31:52 EDT 2023,Twitter
DBBM7430,dibberth459,labadiec859,Tue Jun 28 19:55:00 EDT 2016,Pintrest
IRIM3161,torpd271,mitchelld390,Thu Nov 14 17:26:56 EST 2019,Telegram
RNGV0073,lowee126,kshlerine377,Thu Apr 30 03:14:53 EDT 2020,WhatsApp
TXCH1846,hermannc132,wilkinsonm23,Wed Aug 22 09:55:56 EDT 2018,Instagram
MEHE6096,jakubowskic187,pfannerstilla89,Mon Nov 18 01:52:23 EST 2013,WhatsApp
GZGO1513,swifte388,schambergera86,Wed May 25 17:14:08 EDT 2016,Twitch
QAPL3703,townet632,hackettw506,Wed Oct 16 16:42:05 EDT 2013,Snapchat
PXLT9644,jacobsd415,greena291,Mon Jan 01 13:15:18 EST 2018,Instagram
LXTU5311,larsond102,mcclured753,Thu May 18 10:46:51 EDT 2023,Instagram
JULZ2579,hansenr391,conroys68,Fri Jan 13 11:32:29 EST 2023,Instagram
RTRK0531,monahans754,kilbackk239,Tue Feb 13 08:00:58 EST 2018,TikTok
KGLL3499,reynoldsm716,lefflerb344,Mon Jan 20 14:54:08 EST 2014,Discord
QMSJ2360,trantowl344,rathm157,Fri Oct 18 21:11:04 EDT 2019,Telegram
FZUD5544,schultzs218,streichs930,Fri Dec 27 02:56:45 EST 2019,Reddit
VPLF0342,corwinv518,dooleyk542,Wed Jul 29 02:18:41 EDT 2020,Pintrest
VZXY5454,westc247,nolana584,Tue Aug 30 15:05:24 EDT 2016,LinkedIn
URHR1410,johnsw902,walkerg63,Tue Dec 06 20:16:10 EST 2016,Facebook
AXJA9756,gislasonj723,lockmana187,Thu Oct 01 03:19:35 EDT 2020,Discord
TLRR1600,kulask535,kleinc924,Mon May 19 11:12:36 EDT 2014,Facebook
HJZA2206,kovaceka47,johnsa576,Fri Aug 21 00:19:16 EDT 2020,WhatsApp
OVUT1620,blickj730,rosenbauml809,Fri Jun 29 02:33:01 EDT 2018,LinkedIn
PGYZ0014,pfeffere935,heaneys599,Thu May 05 21:18:34 EDT 2022,LinkedIn
JJTO4213,ondrickab779,lesche264,Sun Aug 30 22:53:33 EDT 2015,Reddit
QSLE2767,weissnatr74,kautzerj738,Fri Apr 26 04:10:34 EDT 2019,Reddit
ICDB7689,treutelc672,gusikowskin136,Sun Aug 13 14:44:57 EDT 2017,Telegram
VBUK7481,wymanl803,jacobsone460,Sat Mar 28 15:04:30 EDT 2020,Twitch
RJEM0869,swifte388,thiels189,Sat Jun 06 16:37:30 EDT 2015,Telegram
PSHS2746,hillsw365,abshires961,Mon Jun 23 20:53:32 EDT 2014,WeChat
RWYY0062,ortizb573,marksd679,Sat Jun 03 00:19:22 EDT 2017,Pintrest
RLAA9637,hoegerk533,barrowsw139,Mon Jan 04 09:27:47 EST 2016,WeChat
MZFZ5225,brekkeh699,lednerr527,Fri Feb 07 13:21:31 EST 2014,Twitch
KWOQ0026,bartonl84,nikolausm902,Mon Jan 20 00:15:40 EST 2020,Reddit
WIAX7121,kiehnt247,hillld235,Fri Jan 15 09:57:43 EST 2016,Pintrest
CTVR6157,heaneys599,blickb689,Sun May 04 03:12:32 EDT 2014,Snapchat
ISDJ7409,bashirianc220,greend306,Thu Jan 23 05:53:16 EST 2014,WhatsApp
QASS6946,wildermanv905,gaylorda783,Mon Feb 02 23:41:47 EST 2015,Instagram
ZHVI0254,walkerj752,ratked924,Sat Jul 11 15:47:09 EDT 2020,Discord
QQOC1746,schultzr101,jastc467,Mon Feb 12 23:44:10 EST 2018,Pintrest
NJBA4587,lowem84,maggioa348,Sat Aug 08 15:08:16 EDT 2015,Instagram
ICXH7155,denesikg970,leuschked16,Fri Aug 06 20:24:45 EDT 2021,Twitch
LNRZ0425,langoshy869,schmitte342,Wed Oct 12 10:18:10 EDT 2016,YouTube
YYAQ9227,wizar781,kingt770,Fri Nov 09 01:47:42 EST 2018,TikTok
MFVQ6372,ebertb706,hettingerp97,Tue Jun 15 00:25:27 EDT 2021,LinkedIn
QEAB6958,mertzp77,jaskolskid764,Mon Jan 21 09:10:12 EST 2019,TikTok
PSZJ6742,kiehnj34,effertzb409,Thu Mar 02 03:08:29 EST 2017,TikTok
CDUN7735,carrollr978,howellf24,Wed Nov 27 09:13:29 EST 2019,Reddit
QHEG9124,braunm883,smithamd385,Sun Jul 31 20:39:06 EDT 2016,YouTube
LOBO4405,morarj884,bashirianw435,Sat Nov 16 17:06:09 EST 2019,TikTok
QBME0699,huelsc434,mohrd613,Mon Jun 19 04:23:44 EDT 2017,Twitter
AOIA7713,abernathyc636,schoena732,Thu Aug 13 05:11:24 EDT 2015,WhatsApp
FTUD1069,bergep609,pricea529,Sun Oct 27 01:08:59 EDT 2019,Reddit
GHGC8001,lebsacka327,funkm589,Wed Jul 05 02:07:08 EDT 2023,Pintrest
IXPG6350,koepph31,rowej491,Sun Oct 11 20:17:44 EDT 2015,Reddit
BLUW5085,nolanc254,muellerd25,Tue Oct 29 03:50:11 EDT 2013,Twitch
UCUE4233,watsicas585,parkerj608,Tue Apr 24 08:52:40 EDT 2018,WhatsApp
ZYFZ1662,sengerk671,haagd684,Fri Jul 01 20:49:22 EDT 2016,Instagram
QZSG1526,hicklee253,welchm864,Fri Nov 22 10:33:18 EST 2013,Pintrest
OCGO8866,ullrichm257,greenc776,Tue Nov 01 03:00:38 EDT 2022,Instagram
KPYC2222,gibsonk107,gutkowskih324,Wed Jul 28 19:31:21 EDT 2021,Telegram
RZRW3074,pacochal703,hackettr122,Tue Jun 21 01:07:33 EDT 2016,Facebook
CACX1054,deckowc251,parkerv916,Mon Jul 06 21:43:41 EDT 2015,WhatsApp
VNKC7198,kunzed907,wunschs846,Fri Sep 25 12:20:40 EDT 2020,WeChat
KWII5561,ornm961,gerlachc316,Wed Jul 05 10:05:05 EDT 2023,Facebook
GFZW3476,glovern820,trompm510,Wed Dec 13 22:44:53 EST 2017,Facebook
YYMA9340,cruickshankj949,towner596,Tue Jan 19 08:05:15 EST 2021,TikTok
OCJN6133,breitenbergo739,botsfordp406,Wed Apr 20 07:37:39 EDT 2016,YouTube
UGYE9183,gerlachl500,brakusa743,Tue Oct 09 10:37:19 EDT 2018,Twitch
LCMT9776,luettgena576,wunschg158,Thu Apr 21 05:51:58 EDT 2016,Snapchat
WQEV4678,leschs123,orns649,Sat Oct 31 23:00:41 EDT 2020,WhatsApp
NVTR3363,herzogl515,lehnera621,Sat Mar 14 09:02:48 EDT 2020,Snapchat
THPZ3176,welcht419,litteld22,Mon Jan 26 15:45:27 EST 2015,WhatsApp
LMZW1791,kuphala17,schummr639,Tue Aug 25 10:51:30 EDT 2015,Snapchat
ZVPP5484,schmelerl534,zemlako406,Wed Aug 30 00:54:27 EDT 2017,Telegram
MWCV1354,lednero343,metzm820,Sun Jan 08 19:10:36 EST 2023,Instagram
FYQO7870,mertzr786,bechtelarl500,Thu Mar 12 01:58:22 EDT 2020,Telegram
CLJT0739,gerholda290,cruickshankj949,Sat Nov 23 10:58:12 EST 2019,LinkedIn
WHZA9595,faheyb587,ernsert592,Tue Dec 27 16:46:57 EST 2016,Discord
UHRP5189,stehra127,stiedemanns138,Tue Sep 16 09:14:44 EDT 2014,Pintrest
KVAD5051,bashiriano20,wintheiserj226,Wed Nov 04 12:56:25 EST 2015,WhatsApp
UPYU8755,wunschc973,schulisty279,Wed Jul 15 07:13:25 EDT 2015,WeChat
KZVD3736,lowei494,lefflerc100,Fri Sep 08 03:25:57 EDT 2017,Facebook
DKRE6237,murphyd160,zulaufs474,Tue Feb 15 14:36:07 EST 2022,LinkedIn
HSDE7897,bernhardc212,weissnati704,Thu Apr 11 00:52:18 EDT 2019,Instagram
CIFY8691,friesens328,mooret552,Tue Jan 23 05:32:23 EST 2018,Reddit
HGLZ7668,swiftv235,zboncakt490,Thu Mar 28 11:11:23 EDT 2019,TikTok
OUWC0317,robertsk151,bergev18,Sat Nov 25 19:42:37 EST 2017,Telegram
EMJK8917,townej419,schummw168,Fri Jun 02 15:24:55 EDT 2017,Snapchat
PABL1880,kirlina210,schadenj598,Sun Feb 20 08:16:19 EST 2022,YouTube
HHNM1878,starkr728,emmerichl410,Sun May 21 09:47:21 EDT 2023,Telegram
TLSZ0426,pfannerstillg500,farrelld826,Sat Sep 09 15:54:29 EDT 2017,Reddit
QYSR4255,kemmert338,gerholdc729,Thu May 09 22:27:01 EDT 2019,Discord
GBYA2347,gibsonc741,schoens642,Sun Jun 23 12:19:13 EDT 2019,Discord
COVD3315,barrowsa585,bartonl84,Fri Jun 28 15:23:04 EDT 2019,Telegram
IAIA5813,bogisichl6,hirthet80,Fri Feb 06 14:42:53 EST 2015,WhatsApp
MIJX5373,shieldss65,harveyp666,Mon Feb 18 15:58:22 EST 2019,TikTok
PGOW1351,ondrickad959,baumbachl554,Mon Aug 06 14:22:05 EDT 2018,Pintrest
ZBMH2374,schroederr943,cummingsj585,Sun Feb 25 09:07:14 EST 2018,Snapchat
ICAI0981,trantowr478,buckridgez433,Thu Sep 13 06:07:55 EDT 2018,Twitter
BFXG7875,funks746,parisiane741,Tue Sep 17 22:36:25 EDT 2019,YouTube
PRFW8060,osinskia634,hansenp491,Sun Jul 21 09:52:37 EDT 2019,YouTube
NFFU1155,blicks772,donnellyj193,Mon Apr 07 16:38:49 EDT 2014,TikTok
LWXJ9577,hermans844,corwing191,Sat Jul 08 14:47:39 EDT 2023,Snapchat
FQVW8380,osinskit932,brakust637,Thu Apr 25 15:34:48 EDT 2019,Twitter
VGZR6959,ricec40,steuberb864,Sun Jan 29 00:54:03 EST 2023,Discord
ZVWM7011,larsonl552,hettingere961,Wed Jul 29 16:48:43 EDT 2015,Twitch
IVUJ5781,mullerd430,bernhardc212,Thu Jan 28 09:26:40 EST 2016,Discord
YRDF6224,o'reillyr573,bodes695,Sun Jul 04 05:43:49 EDT 2021,Snapchat
MDEM5996,feilk686,o'keefen223,Fri May 23 17:55:22 EDT 2014,WeChat
AKUZ9247,caspers501,mertzg630,Sat May 21 10:49:47 EDT 2016,WeChat
RVOV7900,handj657,corwinj204,Mon Apr 20 03:21:02 EDT 2015,Discord
SKLO4436,schulista862,gottliebd50,Tue Mar 21 10:10:58 EDT 2023,Twitch
KYFR2145,kochk456,weberh559,Mon Oct 21 18:26:25 EDT 2019,YouTube
SQNY2470,robertsm925,vonruedenr56,Fri May 19 10:05:34 EDT 2023,LinkedIn
MMSI0168,dickinsonc152,nicolasj158,Sat Dec 12 10:45:47 EST 2020,Snapchat
SYWM5773,zboncakf90,wolfv601,Fri Jun 16 08:53:24 EDT 2017,Snapchat
JHYE5804,nolant810,erdmanm295,Sat Feb 01 16:47:04 EST 2020,Telegram
KUOW8316,schoenr253,pourosf631,Sat Jun 24 22:33:30 EDT 2017,Pintrest
OKCJ9513,bednaro953,o'connerp524,Sat Aug 25 02:29:05 EDT 2018,YouTube
YPHK5114,sengerk671,brekked554,Fri Sep 15 15:29:34 EDT 2017,WhatsApp
UWJA1411,maggioa348,o'kona367,Tue Feb 23 02:31:33 EST 2016,Instagram
DFUD5066,kunzec452,batzv759,Tue Nov 27 12:56:52 EST 2018,Reddit
XYOH3102,dietricha442,kilbackt32,Fri Jun 16 08:59:20 EDT 2023,LinkedIn
EONK1165,kulasw278,spencerd88,Thu Oct 15 18:35:15 EDT 2015,Pintrest
ZZCI6842,cummingsr118,marksp25,Mon Mar 06 06:01:34 EST 2017,Twitter
QBGT2265,feeneyc360,moorem612,Thu Jun 02 20:23:35 EDT 2022,LinkedIn
IJEO5493,harveyb936,lebsacke580,Wed Oct 21 13:55:25 EDT 2020,Discord
RVZC5787,bruenh589,bodej711,Tue Dec 30 05:22:21 EST 2014,WhatsApp
SHIX9372,wizak194,gorczanyd323,Thu Jan 05 11:14:13 EST 2023,WeChat
ZNKI2942,wisokya525,jacobit321,Mon Sep 15 05:18:33 EDT 2014,Twitter
ZJDA8387,mertzr786,sanfordj931,Mon Nov 30 01:59:22 EST 2020,WhatsApp
GLRB4427,schoenr952,hermannp931,Sun Mar 12 18:06:50 EDT 2023,YouTube
AFGC5375,vonm912,keeblers435,Tue Jan 03 17:49:50 EST 2017,Discord
YPQR5934,danielv77,watsicas124,Thu Aug 04 23:30:02 EDT 2022,Twitch
EKQC5394,fritschc173,treutels102,Fri Oct 17 13:31:53 EDT 2014,Facebook
IGAB1314,thompsons878,kassulkek527,Thu Nov 18 23:05:43 EST 2021,Snapchat
QPMB9752,kovacekc410,stoltenbergs623,Mon Jan 07 01:20:33 EST 2019,Reddit
TLNH6221,muellerd25,strosins528,Sun Mar 08 21:25:20 EDT 2020,Twitch
HMNF7548,watsicas719,russelj932,Sun Apr 10 00:57:52 EDT 2022,Instagram
ACTQ5097,boehmg482,collinsa805,Sat Oct 13 01:38:23 EDT 2018,Pintrest
HAHD6055,cummingse715,davisk490,Fri Dec 04 08:55:32 EST 2015,YouTube
FVBT2334,larsonb220,mohrd613,Sun Mar 11 20:49:54 EDT 2018,Telegram
TGKC1051,ullrichj356,weberb744,Thu Mar 24 16:18:59 EDT 2016,Twitch
OJOQ9751,lakinj432,reingerg889,Sun Mar 10 05:37:40 EDT 2019,WhatsApp
NIEF5527,osinskit868,feesta846,Wed Mar 25 11:37:54 EDT 2015,Twitter
BDNM7374,connellyt599,friesenc665,Thu Sep 16 05:36:21 EDT 2021,Reddit
CCUF2156,rowej491,blickk488,Sun Jan 12 13:51:31 EST 2020,Twitch
GGRH2395,howellk375,rutherfordl18,Thu Jan 09 00:16:09 EST 2014,Instagram
TZGZ6568,mckenziep140,bradtkec800,Mon Dec 21 21:54:05 EST 2020,Telegram
NPVQ8591,danield810,moorem612,Thu Nov 14 03:02:31 EST 2013,Pintrest
XFJA8647,lindgrene547,gulgowskim637,Thu Jun 03 13:00:00 EDT 2021,LinkedIn
EJJB2572,parkerr724,trompc612,Tue Aug 31 16:48:30 EDT 2021,Snapchat
OJOA6362,cummeratag101,skilesa767,Tue Jul 15 16:43:52 EDT 2014,TikTok
IBSX2320,wolfr244,sawaynm933,Thu Sep 25 21:52:40 EDT 2014,Discord
EYTY4761,millsl876,marvina451,Tue Nov 05 23:07:23 EST 2019,WeChat
EHVJ4431,bruenp530,franeckit637,Sat Jun 07 01:37:00 EDT 2014,Discord
ISVG7831,schambergerl155,willj191,Fri Sep 30 06:42:54 EDT 2022,Reddit
JIPN9938,koepph360,swifte18,Tue Apr 06 18:07:56 EDT 2021,WeChat
TPUT3105,bergstroml329,stiedemannc197,Thu Jul 31 14:14:23 EDT 2014,WhatsApp
KXSB5444,handc127,trompr462,Sat Mar 06 16:10:43 EST 2021,Telegram
FGUM3087,aufderharl959,o'keefew250,Fri Jun 10 17:38:52 EDT 2016,Discord
LAFW0580,gleasonc943,kilbackr482,Thu Jan 02 19:29:09 EST 2020,WhatsApp
GMQH5300,quitzont311,daviss523,Sun Oct 12 20:26:22 EDT 2014,YouTube
RVRY1578,metzm820,starkf602,Sun Nov 24 10:37:14 EST 2019,TikTok
HIMU9772,brekkea958,langoshm304,Thu Feb 11 23:43:31 EST 2021,Telegram
VISG3953,kuhicj206,feestf506,Thu Nov 10 20:44:59 EST 2016,Twitter
JKXH8494,kuhnn410,daref972,Tue Nov 07 14:27:13 EST 2017,Reddit
XUSL4376,gusikowskir686,carrollv89,Tue Jul 16 04:53:04 EDT 2019,Snapchat
UBBO2302,mantes13,weimannc557,Tue Jan 10 14:57:10 EST 2017,LinkedIn
WUAC8501,lehnerk712,bayers293,Thu Feb 04 02:57:25 EST 2016,Twitter
YKWW9394,hoppeb167,bernhardl387,Mon Jun 22 22:41:23 EDT 2015,Discord
JZSX6600,naderk754,sawayns406,Sat Nov 26 22:29:04 EST 2022,Reddit
LXYG6180,hermistond741,fishers465,Tue Jul 02 23:00:12 EDT 2019,Snapchat
FRVH3213,oberbrunnerm938,bechtelarm501,Mon Jul 27 23:04:59 EDT 2015,TikTok
LWTG7377,rempelm394,wisokyc586,Thu Jun 23 04:17:51 EDT 2016,Facebook
OBSI1013,donnellyr682,wolfy390,Mon Nov 26 19:33:51 EST 2018,WhatsApp
TMJF3395,mosciskip237,wuckertj84,Thu Aug 24 10:58:55 EDT 2017,LinkedIn
EIKV7099,abernathyc636,metzs13,Sat Oct 26 09:50:21 EDT 2013,Reddit
UBSK3959,mantec384,greenl965,Sat Apr 11 00:39:56 EDT 2015,WeChat
MOAQ6390,kulasa222,bechtelarl500,Wed Oct 23 01:36:30 EDT 2019,Snapchat
ODFE4468,kunzet741,weissnate568,Sun Dec 09 20:19:24 EST 2018,Reddit
DEUT0485,harveym401,uptonj665,Sat Nov 13 12:40:41 EST 2021,Reddit
VLQD6446,nolane165,walkerk709,Tue Oct 24 03:43:30 EDT 2017,WhatsApp
DLCR7703,botsfordn302,macejkovico953,Thu Sep 09 00:13:32 EDT 2021,WeChat
TAJU1787,kohlers726,turcottea464,Thu May 05 06:17:22 EDT 2016,Reddit
KSFV3001,gleasond627,johnsonh154,Fri Nov 22 01:59:48 EST 2013,Twitter
GWMA2236,shanahand966,klingj51,Tue Mar 05 21:25:58 EST 2019,Telegram
IRGJ5466,boylem164,keelingd175,Sun Feb 04 19:18:10 EST 2018,TikTok
SXNF7857,johnstonn282,vandervorte259,Wed Sep 09 13:30:57 EDT 2015,Twitch
DNTC7259,kutchb46,feeneyk148,Sun Dec 14 00:42:39 EST 2014,Snapchat
NQDB1150,kuhlmanc260,haucka609,Tue Dec 06 10:43:06 EST 2022,YouTube
UVQM4960,littlea599,hintzj517,Sat Nov 06 19:50:37 EDT 2021,Snapchat
FHYN9361,bashirianl445,larsonn641,Sun Feb 09 18:46:54 EST 2014,Snapchat
EAVU4008,nienowt120,schulistt414,Sat Feb 22 11:46:04 EST 2014,Twitter
LLJD1371,gulgowskik783,starka605,Mon Dec 13 06:21:59 EST 2021,Telegram
GGYU5836,terryt578,jenkinss811,Mon Sep 19 20:49:44 EDT 2016,LinkedIn
NWRJ9271,creminl254,altenwerthl461,Sun Jul 04 06:18:55 EDT 2021,Discord
UVGZ7297,torphyk64,williamsone924,Sat Nov 26 19:57:57 EST 2022,Twitch
GLCU3650,whited292,swaniawskin812,Fri Jan 04 01:25:51 EST 2019,Twitch
XJYX7928,rohanj820,hyattn167,Wed Nov 22 13:03:15 EST 2017,Twitch
CNTT6147,nitzschel831,aufderhary913,Wed Oct 13 18:44:10 EDT 2021,Pintrest
HSAW3533,champlins635,conni220,Sat Dec 04 22:07:18 EST 2021,LinkedIn
DBUZ1095,mcglynng864,schaeferf579,Thu May 19 13:11:22 EDT 2022,Twitter
GAKX8770,jacobsa575,mckenzied35,Sun May 01 13:42:19 EDT 2016,Twitch
JJXN8109,volkmank651,toyk187,Tue Dec 18 00:26:08 EST 2018,TikTok
WHHP9551,harrism357,blockr612,Sun Feb 04 19:17:54 EST 2018,WeChat
ZAQI2438,luettgenm252,grante884,Mon Dec 28 03:44:11 EST 2015,Snapchat
VILR2492,batzv759,schultzk424,Mon Apr 19 02:51:09 EDT 2021,LinkedIn
TLOS2010,dibbertv114,doylem849,Sun Aug 28 20:18:36 EDT 2022,Pintrest
CBWI1030,lebsacks784,bartellj132,Fri Sep 01 20:39:09 EDT 2017,Facebook
WJIA1830,beahane853,stehrl923,Thu Jun 22 10:39:42 EDT 2017,Snapchat
PYRF2634,handj657,cassinr46,Fri Dec 09 22:55:59 EST 2022,Pintrest
JAKU7336,stamml824,sauerm909,Sat Apr 25 06:07:13 EDT 2015,Twitter
KKXE9436,pourosl410,mooret552,Fri Sep 23 11:32:31 EDT 2016,WhatsApp
YKFW2031,larsonr298,dooleyb130,Thu Oct 07 13:04:36 EDT 2021,Facebook
MBPE9739,stehra127,beattyg122,Sat Jan 11 22:32:52 EST 2014,Twitch
FATY4932,pfannerstillm464,hansenr391,Tue Dec 14 01:39:06 EST 2021,Twitch
OYPJ1197,tremblayn748,douglasv45,Thu Jan 19 09:32:01 EST 2023,Reddit
IWRW3996,gottliebe814,beattyn916,Fri Jul 07 10:14:49 EDT 2017,Discord
CZLQ3135,bergek930,beierr412,Mon Nov 07 02:55:01 EST 2016,TikTok
GJQF3545,sporerv763,mitchelld390,Mon Nov 11 20:18:39 EST 2013,Instagram
HBJW0617,kautzerj817,carrolld393,Tue Jun 23 10:54:39 EDT 2020,Facebook
TYEH9600,kutchr482,kirlino934,Mon Nov 05 19:32:46 EST 2018,Pintrest
TTBJ6740,waelchic884,heidenreichh574,Mon Sep 20 12:28:44 EDT 2021,Twitter
WAEC0739,jerder592,lemkee481,Thu Mar 27 04:26:39 EDT 2014,Telegram
RFRE6059,ornh316,larsonl552,Wed Jun 26 01:12:14 EDT 2019,Twitch
VZEY4035,goodwine599,bodea388,Sat Oct 19 05:12:08 EDT 2019,Twitch
MDSW5720,bartolettib191,greenholtg508,Sat Nov 08 21:34:55 EST 2014,Reddit
NKYY4049,ernserd949,yostt213,Mon Jun 25 04:49:11 EDT 2018,Twitter
MOAT7395,steubern848,reillyb222,Fri Dec 24 01:26:00 EST 2021,Snapchat
VJKI3088,borers822,quitzone410,Mon Mar 21 12:48:12 EDT 2016,Instagram
ZXRD3110,breitenbergl132,dickinsonh222,Mon Apr 17 00:46:47 EDT 2023,YouTube
WNEG3396,kilbackr482,tremblayr386,Sun Jan 19 13:31:40 EST 2020,Twitch
JQLP3992,o'harah256,gottliebs132,Mon Jun 08 01:12:56 EDT 2015,Pintrest
TKAQ5637,kerlukel383,schmittt445,Mon May 09 19:36:26 EDT 2022,Twitch
OCYY3895,runolfssonk240,uptond388,Fri May 11 00:19:50 EDT 2018,Discord
MBQS6040,kohlern456,yostf235,Mon Jul 27 06:12:48 EDT 2020,Discord
ALCN8473,hirtheu309,framim574,Tue Jun 14 18:08:46 EDT 2016,Twitter
WRLO3516,rogahnm668,harberd978,Fri Dec 08 01:33:57 EST 2017,Snapchat
CFSI5790,blickb562,beckerw475,Sun Feb 03 05:11:52 EST 2019,Twitter
YXSS9850,herzogs765,walterd842,Mon Dec 10 15:01:36 EST 2018,Reddit
IPOK6165,smithamm420,reillyl973,Mon Aug 12 18:11:12 EDT 2019,Telegram
EHDS2015,rogahnm738,keelingg844,Mon Mar 17 07:13:50 EDT 2014,Reddit
JAXH4388,mckenziet550,haagc245,Wed Jan 16 12:26:50 EST 2019,Twitter
JPCN6035,cruickshankf266,morissettep111,Thu Aug 18 12:42:11 EDT 2022,LinkedIn
YSLB5965,schowalterd518,ebertd852,Sun Oct 23 11:41:11 EDT 2016,LinkedIn
DSKG1468,keelingb689,hammesj556,Wed Nov 13 10:10:24 EST 2019,Telegram
UHZL1890,rolfsond405,kossd570,Thu Nov 14 00:31:05 EST 2019,Facebook
AOJB2366,lednerr527,adamsa838,Mon Apr 22 03:37:57 EDT 2019,Facebook
HRTM6728,metzs13,luettgenm252,Wed Mar 29 18:27:16 EDT 2023,Telegram
CHNW5627,kohlern456,muraziks733,Thu Aug 11 12:19:24 EDT 2022,LinkedIn
MSYZ8686,funkm438,beahanl448,Sun Sep 24 07:43:39 EDT 2017,Snapchat
IFFU4688,osinskia187,willmse932,Wed Jan 16 16:09:32 EST 2019,Twitch
DKFH8271,walsht213,starkf602,Mon Mar 04 13:11:44 EST 2019,Instagram
DQKN5539,starkj482,russels458,Tue Jul 15 03:59:07 EDT 2014,Discord
IUOB1252,bodea388,johnsonh154,Wed Dec 16 06:55:20 EST 2015,Instagram
AQKV4889,conna244,wuckerta359,Mon May 26 03:38:44 EDT 2014,TikTok
OCRF9996,emmerichm137,walshc229,Tue Oct 13 02:47:58 EDT 2015,Instagram
NIRA0321,luettgenk219,bechtelarj109,Fri Jan 21 12:24:44 EST 2022,Snapchat
PEKS2983,cristw256,dickim905,Sat Oct 01 04:57:39 EDT 2016,Reddit
MEGS3324,welchm864,littlem387,Fri Jul 01 14:56:04 EDT 2016,Facebook
CDGE8721,langm140,hagenesj545,Wed Dec 21 21:15:47 EST 2016,LinkedIn
LBJD6872,schmitts264,millsj347,Thu Oct 11 04:53:22 EDT 2018,Twitter
VDCP3866,bergstroma928,rosenbauma91,Sat Dec 02 22:58:39 EST 2017,TikTok
FCOS2779,rempels770,johnsw902,Mon May 08 19:56:32 EDT 2023,Pintrest
PFMR2583,flatleyj333,nicolasf773,Fri Jan 29 03:36:58 EST 2016,Twitch
ZCHM9255,schuppet634,lindgreng734,Thu Dec 01 11:21:44 EST 2022,Twitter
VYIZ5041,hansens352,herzogt364,Wed Oct 19 21:47:59 EDT 2022,LinkedIn
VFVL0231,corkeryt329,fritschs844,Sat Dec 26 04:47:54 EST 2020,Facebook
FKJJ8510,dibbertm649,bruenv697,Sun Mar 25 06:54:41 EDT 2018,Instagram
KPUZ0812,schmelerj970,aufderharr91,Thu Oct 30 11:21:42 EDT 2014,Reddit
TPTS0087,rathm157,gusikowskif163,Mon Jun 24 04:18:00 EDT 2019,Facebook
XNCO4749,reichertl687,ryanp178,Sat Oct 20 01:14:44 EDT 2018,Instagram
DVKY3753,fritschp590,binsh305,Fri Mar 31 14:00:27 EDT 2023,Snapchat
HMQY0595,stehra271,pfannerstillg500,Wed Sep 26 20:18:13 EDT 2018,Discord
XCMO2318,gutmannc704,schroederr943,Sat Oct 20 20:34:23 EDT 2018,YouTube
UWXU8089,zemlaks683,harbera319,Wed Mar 01 08:52:46 EST 2023,Telegram
CTFG9831,ebertd852,prosaccot696,Mon Jul 31 03:58:06 EDT 2017,LinkedIn
QWOM4015,kirlino124,larsonr27,Wed Mar 26 14:09:56 EDT 2014,WhatsApp
JJLT3721,greens943,dubuquee968,Sat Apr 02 11:23:48 EDT 2022,Twitch
NINL7119,hintza538,casperm923,Sun Jun 14 15:15:20 EDT 2020,Discord
DNKM0999,danielt312,hammesj907,Fri May 22 19:59:45 EDT 2015,TikTok
IMXN6305,rempels937,o'harar862,Fri Jan 06 02:24:19 EST 2017,YouTube
OCTT3461,brueny310,auerw479,Tue Jan 14 07:11:19 EST 2014,YouTube
HEJQ4901,bruenh589,wisozka156,Wed Oct 02 17:06:47 EDT 2013,Instagram
RQQF0312,klockom195,blickj730,Tue May 09 23:36:29 EDT 2023,WeChat
FATQ6337,doylem849,roweg654,Tue Oct 03 05:13:21 EDT 2017,LinkedIn
TWCK8452,quigleyr239,uptonl748,Tue Aug 18 06:10:01 EDT 2015,TikTok
SDWO5214,shanahanm471,kshlerint711,Tue Nov 08 17:31:35 EST 2022,WeChat
XKEW2726,kochc130,yostd387,Mon Aug 15 03:31:33 EDT 2022,TikTok
VAXN4335,browne651,hoegerh780,Thu Nov 12 11:24:00 EST 2015,Twitch
FDBF1482,beahanh826,rowef68,Fri Aug 30 17:36:58 EDT 2013,Facebook
QVQN0300,satterfieldk493,johnstona137,Thu Oct 22 13:06:40 EDT 2015,LinkedIn
BHRG2245,bergev18,koeppk567,Tue Feb 22 13:45:30 EST 2022,TikTok
THYF0144,kilbacke707,veumd560,Sun Dec 08 06:11:30 EST 2013,TikTok
RPPF4295,welchm864,wolft451,Wed Jan 05 12:42:13 EST 2022,TikTok
PNVK7875,howellw500,larkinc830,Sat May 05 18:17:19 EDT 2018,Telegram
YJMG4951,mertza397,mcclurer632,Wed Dec 06 01:34:07 EST 2017,Twitter
ELPF2852,rogahnd204,wizat175,Tue Oct 02 04:40:37 EDT 2018,Facebook
FJVT7813,starkm455,rogahnz172,Fri Mar 06 03:38:19 EST 2015,Twitch
QXKO1682,rempela892,riced384,Fri Sep 13 14:06:25 EDT 2013,YouTube
JBSR2305,predovics295,krisd573,Tue Jan 14 08:51:23 EST 2020,YouTube
LQKZ3222,reichelb901,larkini402,Wed Jun 08 03:36:13 EDT 2022,Pintrest
FWTT6700,toyt585,blockb826,Tue Feb 18 22:26:53 EST 2020,Pintrest
GNVU0991,ortizb573,altenwerthw723,Fri May 13 17:28:23 EDT 2022,Twitch
MZDZ4148,flatleye843,thompsonm631,Sat Feb 18 22:01:41 EST 2017,Facebook
MJQL0113,sanfordx51,osinskir519,Sun Aug 24 12:46:48 EDT 2014,Snapchat
QPWY7332,mccullougha97,reillyb53,Fri Oct 27 17:43:15 EDT 2017,LinkedIn
VFTA0583,eberts358,hicklee253,Mon Jan 06 04:54:40 EST 2020,Reddit
JRUZ4896,beckerh829,beattye640,Mon Apr 12 21:28:47 EDT 2021,Telegram
DQEH9915,kingr364,creminn810,Fri Nov 15 04:53:54 EST 2019,YouTube
EQQH3215,handb249,bechtelarp529,Tue Dec 03 19:30:53 EST 2019,Facebook
TBPH4137,treutelc672,walterj486,Wed Feb 02 11:53:06 EST 2022,Twitter
BCON1191,tremblayn748,lefflerd830,Tue Apr 27 09:33:48 EDT 2021,TikTok
FKHH4504,collinse34,priced778,Fri Mar 26 12:48:11 EDT 2021,Snapchat
HWJQ9127,tromps375,breitenbergy676,Wed Dec 03 05:19:15 EST 2014,Facebook
QLBH3872,flatleyl800,haucka470,Fri Oct 19 13:08:37 EDT 2018,Instagram
MYCL2786,framil943,effertzn648,Fri Nov 26 03:34:41 EST 2021,Discord
QXKG6385,swaniawskin812,kertzmanns947,Wed Sep 13 03:41:07 EDT 2017,Twitch
TQVQ9376,simonise339,boehme480,Mon Aug 22 14:24:29 EDT 2016,WeChat
RUHP6306,cummeratac853,faheyd484,Fri Nov 06 03:30:51 EST 2020,YouTube
YPMB9649,lehnerb46,mohrt975,Fri Jan 12 08:52:57 EST 2018,Twitch
YJYP5896,bartolettil363,yoste256,Sat Oct 19 15:46:15 EDT 2013,WeChat
MSTY1132,fayr938,smithamm110,Sat Jan 25 23:35:54 EST 2020,TikTok
FUDA2266,rowej576,rodriguezs460,Thu Feb 12 16:21:40 EST 2015,YouTube
NIQL8702,ratkej118,robertsj84,Mon May 04 04:24:39 EDT 2015,Twitch
WKFF6406,faheyb587,muellerk233,Fri Jul 26 20:17:43 EDT 2013,LinkedIn
QIOE4669,d'amorec80,pacochaj444,Sun Nov 20 20:51:51 EST 2016,Snapchat
LMJH6640,leannonf740,koeppn352,Tue Aug 14 04:13:24 EDT 2018,TikTok
BMCO5920,boehmk901,schulistj658,Thu Dec 17 00:13:47 EST 2015,Reddit
NPRM1184,satterfieldl260,nikolausl767,Fri May 01 23:15:12 EDT 2015,WeChat
DJKQ2876,lefflerc100,kerlukew765,Sun Aug 18 05:06:33 EDT 2019,Facebook
HOML1476,blickl637,mckenzier304,Sat Jan 25 10:13:10 EST 2020,TikTok
VIIT1151,hermana873,schowaltera665,Thu Apr 18 19:46:07 EDT 2019,Telegram
RJMC7317,lefflerf787,barrowsw139,Sun Feb 15 16:02:10 EST 2015,Twitch
DJMF0828,andersonl762,tremblayn748,Mon Oct 14 01:01:26 EDT 2013,YouTube
SGPY0958,kerlukel780,danielp196,Mon Jan 04 23:46:47 EST 2016,Pintrest
PGHW6059,dooleya167,goyetteu461,Thu Sep 10 00:51:46 EDT 2015,Twitter
XWMT9463,morissettes242,beattyr959,Tue Mar 28 12:26:44 EDT 2017,Telegram
YUSG6737,gulgowskii668,mckenziee4,Tue Dec 29 14:24:05 EST 2020,Discord
GHVO9845,bodel190,waelchic912,Fri Nov 22 14:37:04 EST 2013,Facebook
EWAZ0152,durganl473,danielc347,Tue Nov 19 17:14:49 EST 2019,WeChat
MFEX5138,beierl598,littlem443,Wed Feb 08 20:49:40 EST 2023,WhatsApp
OHHI9440,bartonl231,kovaceka47,Sun Jan 18 20:39:55 EST 2015,Telegram
JGIG7781,effertzm499,handl320,Sat Dec 21 20:19:10 EST 2019,LinkedIn
KURA8468,gleasonc943,krajcikt95,Tue Aug 18 03:42:00 EDT 2020,Twitter
SHKY2793,hilllf276,emardb977,Wed Jun 17 22:27:30 EDT 2020,Telegram
OEFN9005,bahringerr384,larkinr762,Tue May 23 11:57:03 EDT 2023,Pintrest
EXGG6755,schmidtn603,lehnerl207,Tue Jun 28 07:56:41 EDT 2022,Telegram
WTYM2200,smithk796,townej419,Fri Nov 20 12:21:26 EST 2020,Reddit
GFUU7281,welchw439,sauerk498,Fri Nov 10 08:20:26 EST 2017,Twitter
QQRU1001,osinskit932,erdmans229,Thu Jul 21 00:11:45 EDT 2016,Facebook
EOVE4471,baumbachc305,champlinc489,Sun Nov 02 10:04:19 EST 2014,YouTube
SRDZ1639,greenw624,colliers293,Wed May 18 12:43:12 EDT 2022,Instagram
JEVD1397,koelpint788,robertss644,Mon Nov 09 02:31:46 EST 2015,Telegram
RGDP0647,rathn711,turcottet586,Mon Oct 30 19:38:47 EDT 2017,Instagram
CJTE4815,gislasond880,borera904,Wed Jul 18 08:28:50 EDT 2018,Reddit
YPQG6172,rennerc274,jacobsond717,Thu Nov 19 22:40:04 EST 2015,Instagram
NXGV7089,mohru243,hegmannb577,Wed Jan 18 09:24:35 EST 2023,Instagram
HXHJ5007,sipesp342,quitzonv804,Sat Jul 23 04:36:04 EDT 2016,Discord
WKZD3438,framid459,pourosl410,Sat Nov 12 22:23:18 EST 2022,Discord
WAQV2304,boehmr932,botsfordp406,Fri Jun 27 17:20:13 EDT 2014,Pintrest
WJPY2903,langoshe23,feesto886,Mon Apr 24 09:59:42 EDT 2023,Instagram
GWGQ8833,schulista862,buckridgep530,Fri Oct 29 12:12:12 EDT 2021,Instagram
UWIG9415,ernserv539,ullricht31,Thu Oct 30 22:42:55 EDT 2014,Pintrest
QDOG3872,thompsonl209,bahringert55,Thu Mar 31 07:46:29 EDT 2016,Telegram
ECSU2125,herzogj877,torpd271,Wed Jul 28 08:45:17 EDT 2021,Discord
GEYU8206,kassulkek527,abernathyc636,Wed Oct 25 19:18:11 EDT 2017,Twitter
UXUO8011,bogank215,mantem479,Sat Feb 21 16:46:19 EST 2015,WhatsApp
CBPQ8804,waelchic554,goodwinj274,Sat Sep 07 19:06:52 EDT 2019,Reddit
FGVF0275,konopelskib664,lefflerl559,Mon Jun 20 17:14:03 EDT 2016,YouTube
RFET2686,halvorsonw263,botsfordd341,Sun Jun 30 22:23:41 EDT 2019,Snapchat
BMCC0680,schneiders457,howellf24,Mon Feb 22 10:57:27 EST 2016,LinkedIn
YHRB4845,reillyb222,labadieb836,Wed Jul 27 22:34:54 EDT 2022,Twitter
TMTV0710,feestd358,cummingsn750,Mon Feb 08 02:41:43 EST 2021,WeChat
KOAY0728,harbers818,schusters503,Fri Jun 07 13:59:37 EDT 2019,Twitter
UMWU9152,botsfordd341,lednerc944,Sat Jun 17 12:35:25 EDT 2023,WhatsApp
RVJH0755,reingerd476,renneri831,Sun Jul 25 02:35:20 EDT 2021,Reddit
JUGU1390,schmelerv288,marksj741,Tue Feb 26 05:02:44 EST 2019,WhatsApp
GZMV4784,gulgowskid482,danielz473,Tue May 10 02:31:18 EDT 2022,Snapchat
OPPJ7738,labadieb836,townej419,Mon Jul 13 21:40:58 EDT 2015,Discord
SBLJ7770,russels435,dibbertm699,Fri May 30 20:41:41 EDT 2014,LinkedIn
MSDF6973,thompsons878,goldnerf54,Sun Sep 27 02:12:06 EDT 2020,Pintrest
QNZC0598,mertzj541,kuhicf467,Mon Mar 02 00:15:52 EST 2015,Reddit
OGXD5148,koelpinl759,conroye497,Sun Nov 03 18:25:37 EST 2019,Instagram
QEBJ4956,gerlachl412,volkmanm329,Sun Oct 18 13:51:29 EDT 2015,Pintrest
EITH4818,ortizd160,trantowg633,Mon Feb 24 00:28:26 EST 2020,Reddit
HWJZ1403,gleasons960,goodwinl863,Mon May 08 02:50:36 EDT 2017,TikTok
TSNS0276,kuhnd306,lueilwitzf120,Sun May 08 15:25:27 EDT 2022,Instagram
NBGG5392,hintzv96,schulistj786,Mon Dec 23 00:40:23 EST 2013,Twitch
GWYT9874,steuberb864,larking153,Sun May 13 17:29:27 EDT 2018,Reddit
CUEZ6236,wintheiserk44,heidenreichd536,Sun Nov 30 17:38:46 EST 2014,Discord
JTCP6941,predovici184,monahand131,Sun Feb 04 20:56:11 EST 2018,Facebook
HOZS8981,bechtelarl500,goodwinc757,Tue Jun 23 07:36:23 EDT 2020,LinkedIn
YKDZ9707,hayesw955,parkerj608,Sun Mar 01 05:55:40 EST 2020,Discord
VBJX8577,keelingl696,conroyc796,Wed Dec 16 17:17:02 EST 2020,Reddit
JQZT5550,marvinl928,corkeryj569,Sun Jun 30 12:56:25 EDT 2019,Instagram
BCUA1378,connellys821,grahamw404,Mon Oct 16 12:34:29 EDT 2017,Twitter
DAWY2605,cormierd103,watersm293,Fri Nov 22 05:50:27 EST 2019,Discord
JITZ9475,rodriguezb151,gleichners273,Sun Feb 01 21:34:09 EST 2015,WhatsApp
QVSF1812,watsican270,greenw624,Tue Mar 18 22:05:30 EDT 2014,Pintrest
ZUZS6649,doylew925,wehnera700,Thu Jan 22 09:12:51 EST 2015,Telegram
CJME3438,swaniawskim137,hessela940,Sat May 07 16:28:34 EDT 2022,Telegram
QGVY1882,corwinv518,raynord666,Fri Feb 24 16:00:40 EST 2017,Pintrest
ENDR2410,gleasonc943,conroyj225,Tue Jan 05 21:33:13 EST 2016,Pintrest
IDOQ5580,krish879,conng602,Tue Mar 14 01:33:11 EDT 2023,YouTube
OKWJ7709,swaniawskik653,rippinr511,Sat Dec 03 21:35:20 EST 2016,Instagram
JWGP5864,bogisichr41,creminj478,Sat Aug 13 10:12:46 EDT 2022,WeChat
SJUD2919,towner596,schimmeld543,Mon Mar 22 12:31:25 EDT 2021,WeChat
GCRZ6507,ornb665,lockmant631,Thu Feb 16 13:53:24 EST 2023,Snapchat
FDWA4304,lubowitzd901,corkeryh331,Thu Jul 16 20:54:39 EDT 2020,WhatsApp
BMYU6075,kubs978,reichertr4,Mon Mar 31 10:49:23 EDT 2014,TikTok
ADKP4870,stoltenbergl936,feeneyk969,Wed Oct 28 07:20:09 EDT 2015,TikTok
XALE9522,conroyk451,hilllw265,Fri Feb 11 21:45:08 EST 2022,Telegram
XIGA8618,jacobit321,altenwerthb20,Wed Jul 29 00:27:32 EDT 2015,WhatsApp
VWIT3808,prosaccob829,caspert656,Thu Jun 04 09:27:12 EDT 2020,Telegram
PBEZ7046,danield810,rathn711,Wed Dec 18 06:10:50 EST 2019,Instagram
VXQP6419,jakubowskic869,framim574,Fri Apr 03 02:50:45 EDT 2020,Pintrest
GGNM2664,kleinh961,cormiery343,Mon Dec 27 04:00:07 EST 2021,Facebook
VHGG0698,wizat175,beierr412,Mon Nov 14 16:40:16 EST 2022,Facebook
IIMK8091,kovaceka47,spencerc118,Tue Feb 11 01:31:10 EST 2014,Snapchat
HENP1456,andersonm844,kinga843,Wed Nov 23 04:58:04 EST 2016,WhatsApp
GVYX5269,kuhnd306,marksj741,Sat Jul 08 02:51:38 EDT 2017,TikTok
ZDMC7263,bahringerl332,spencert441,Mon Nov 02 16:47:51 EST 2020,YouTube
VTTB6577,spencerl554,larsonr298,Thu Aug 20 15:33:20 EDT 2020,Twitch
JCUL3926,schmitth513,dooleya184,Fri Nov 29 16:21:35 EST 2013,Pintrest
OKOG2764,thompsonm631,kossc826,Thu Aug 25 16:00:39 EDT 2016,YouTube
THSD6571,harveym58,abshireb519,Wed Apr 09 01:20:51 EDT 2014,Telegram
BGUM8223,rennerl844,kuhicl706,Sat May 15 06:51:40 EDT 2021,Instagram
YPYU9496,whitej626,raynorb337,Fri Sep 21 20:21:01 EDT 2018,WhatsApp
JXME8698,littleb139,streichs577,Wed Mar 02 13:27:41 EST 2022,Twitch
QOJI9466,purdyb193,andersonm844,Thu Mar 01 12:33:38 EST 2018,WhatsApp
DNSV8555,schultzm721,boehmr686,Tue Aug 20 16:58:17 EDT 2019,Facebook
VBYL9590,wisozkd37,beattyr959,Fri Jul 17 14:37:23 EDT 2020,LinkedIn
VQJA6342,kihnf661,boscod955,Tue Jun 13 17:37:43 EDT 2017,Instagram
MITH9065,toyt585,bartonl84,Sat Jul 29 17:54:13 EDT 2017,YouTube
EHBL2290,ullrichm257,koeppg814,Sat May 01 07:40:08 EDT 2021,Discord
BAIA0835,millsj347,huelsh276,Wed Jul 20 03:23:32 EDT 2022,LinkedIn
VXLV4541,stromanb934,westc171,Wed Sep 09 20:20:30 EDT 2020,Discord
DASU6911,kreigerk176,beert857,Fri Dec 27 04:37:52 EST 2013,Twitch
SSLT0106,grimesu644,feila293,Thu Feb 25 09:49:06 EST 2016,YouTube
BOHL1118,rodriguezs460,braunw175,Wed Sep 27 15:20:38 EDT 2017,Pintrest
CNDR6255,orni799,torphyg947,Fri Aug 29 23:50:36 EDT 2014,WhatsApp
RINR7064,crooksk158,blocke800,Sat Nov 09 03:21:02 EST 2013,Twitch
DRJQ2336,medhurstv795,monahanc297,Thu Oct 17 12:33:52 EDT 2013,WhatsApp
DSNC7781,kshlerine377,hillsg552,Sun Sep 25 17:05:39 EDT 2016,Reddit
DIGZ0692,leuschked317,lakinj432,Sat Apr 25 03:11:30 EDT 2015,WhatsApp
AXXO4300,raynord303,lubowitzd714,Sat Sep 24 00:02:08 EDT 2022,LinkedIn
WMQF8040,cronai10,torpd40,Fri Sep 13 13:36:13 EDT 2019,Reddit
GYSC5634,boscof703,whitec782,Sat Oct 23 19:28:19 EDT 2021,LinkedIn
QXSG1702,hicklep393,mcdermotto355,Sun Aug 05 10:15:49 EDT 2018,Twitter
KTXT5440,daughertyb13,spencerk235,Fri Mar 13 11:38:35 EDT 2020,TikTok
XFAH8082,blockr373,blandal216,Tue Oct 01 18:09:00 EDT 2013,Facebook
ETZU1834,hudsons343,schultzm721,Thu Oct 21 10:27:31 EDT 2021,Discord
ETOK2193,powlowskii395,leuschkec388,Wed Jun 01 04:50:30 EDT 2016,Snapchat
QYEA7521,bruens221,jastd796,Thu Dec 05 14:46:21 EST 2019,YouTube
WSRS3072,shanahanj189,jenkinsd233,Fri Mar 25 01:17:14 EDT 2022,Reddit
CCCU4793,jerden53,gibsonr346,Sat Jul 28 12:30:00 EDT 2018,TikTok
IURB8786,andersond809,dickinsont706,Mon Feb 10 09:33:35 EST 2014,Instagram
JQXS7910,kube210,kossm481,Thu Aug 19 16:35:22 EDT 2021,Reddit
PUSD6329,wisozks659,uptons928,Tue Oct 31 19:27:53 EDT 2017,Discord
TODH3510,langoshv212,okunevag301,Fri Dec 19 04:07:19 EST 2014,Twitter
LSVO8902,nikolaust241,jenkinss162,Mon Jan 27 12:31:51 EST 2014,WhatsApp
QCVA0127,macgyverm591,okunevab512,Fri Feb 26 12:56:29 EST 2016,LinkedIn
QZCI5025,jacobsona969,trompc612,Sun Dec 16 02:05:46 EST 2018,Discord
TBVA0258,raynorl302,lakinh185,Sun Nov 08 02:08:06 EST 2015,Reddit
PBBQ4907,vonk609,hackettt422,Fri Apr 14 23:24:01 EDT 2023,Twitter
HWQE7050,reingerl234,champlinr71,Sun Oct 16 00:05:42 EDT 2022,WeChat
JCNA5278,sporera36,powlowskii395,Wed Dec 05 09:15:23 EST 2018,WhatsApp
NVKU9869,trompm609,okunevag301,Wed Aug 01 01:16:24 EDT 2018,Twitch
ZERU0636,lefflerj330,braunw175,Thu Feb 16 05:04:54 EST 2023,Facebook
SZCF3304,medhursti771,leannonf740,Sun Jan 07 15:46:30 EST 2018,Instagram
CPBW2054,millsc856,gerlachr787,Sun Aug 20 04:52:54 EDT 2017,YouTube
NVNH9044,ricea352,dachr94,Sun Apr 24 10:03:53 EDT 2016,Snapchat
PRLH3695,mohrs741,simonisj853,Sun Dec 08 07:38:47 EST 2013,Instagram
VSWQ0160,hegmannk753,keelingb689,Fri Apr 10 11:22:35 EDT 2015,Snapchat
HYOB0530,wisozkb679,goodwinl863,Tue Dec 03 11:06:26 EST 2013,Pintrest
JGAG9373,stromane4,beckerh829,Sat Apr 01 20:20:46 EDT 2017,Telegram
VNFT5237,caspert656,mohrb476,Sat Sep 16 20:39:04 EDT 2017,WhatsApp
ZXGV9026,treutelw618,raur518,Tue Apr 04 08:48:01 EDT 2023,Twitter
NGYJ5114,baileyc917,abshireb519,Tue Apr 14 15:18:21 EDT 2020,Reddit
UJNM7618,smithami143,keelingr731,Sun Jun 21 11:45:12 EDT 2015,LinkedIn
DFAC3610,rolfsonm146,brekkes120,Fri Jul 26 10:42:14 EDT 2013,Pintrest
CNXQ2695,grahamw404,nadera464,Wed Sep 16 07:46:59 EDT 2020,Twitter
ANOS8310,sengero369,lefflerk388,Thu Sep 01 02:05:23 EDT 2016,Instagram
BXYU6657,lubowitze97,kirlina210,Fri May 22 06:03:04 EDT 2020,WhatsApp
THKN3873,swiftr469,kirlins857,Sun Sep 06 00:49:19 EDT 2020,Twitter
EZPH7864,mckenzied35,lowel264,Wed Dec 13 10:21:29 EST 2017,YouTube
FOUO3865,lehnere607,osinskic148,Mon Feb 14 02:08:22 EST 2022,Snapchat
UAKZ3272,toyf907,binsh305,Sat Feb 15 02:49:26 EST 2020,Instagram
EFGG4921,effertzh847,gaylordd433,Thu Mar 30 22:22:38 EDT 2017,TikTok
YWEI8902,bodeb327,fayl107,Wed Dec 30 16:14:57 EST 2015,Instagram
WEKK8732,schmidtn419,johnstonj138,Wed Mar 26 10:29:01 EDT 2014,Pintrest
DCNI6191,jonesc934,vandervortb918,Sat May 07 20:32:19 EDT 2022,YouTube
HJSY1420,williamsonc591,muellere489,Sat Oct 26 15:35:25 EDT 2019,Twitch
URKI2437,murazika100,boscop307,Fri Dec 25 19:25:40 EST 2020,Twitch
ZRMR0106,smithk680,robertse980,Mon Feb 22 04:58:05 EST 2021,Discord
FEQO9952,schadenk149,o'kony142,Sat Nov 24 21:45:10 EST 2018,Discord
OMOW7463,greenfelderd685,millsr603,Sun Nov 24 03:46:48 EST 2013,Facebook
PRXH8653,ortizd160,fadelc25,Sat Jun 23 16:02:55 EDT 2018,Reddit
SHWE3903,oberbrunnera141,kutchr482,Thu Oct 15 12:15:29 EDT 2020,Discord
MOUD1751,jastd796,swiftj922,Wed Jun 04 07:04:55 EDT 2014,WeChat
ABMF5769,harveym289,robertsk151,Sun Mar 02 17:20:57 EST 2014,YouTube
SHKY3413,braunt897,kilbackt32,Sun Aug 30 01:59:29 EDT 2015,Telegram
TVUN8042,faheyn616,hodkiewiczl729,Fri Jul 22 13:57:34 EDT 2022,Twitter
RXTC9340,kshlerint711,corkeryl751,Fri Aug 08 15:46:04 EDT 2014,Telegram
WMFD1511,paucekm295,bogisichs379,Tue Jan 05 08:24:02 EST 2016,Discord
TUXN6468,muellerd25,rempela892,Thu May 16 20:51:02 EDT 2019,Discord
PJYU8489,wests226,o'reillyh16,Thu Jun 18 16:24:36 EDT 2020,Facebook
AJFL3365,roobg537,dache955,Sun Jun 05 23:10:27 EDT 2016,LinkedIn
SCLX8204,framig598,kshlerinc820,Thu Sep 29 20:46:05 EDT 2022,TikTok
HWPB4931,watsicas124,terrym471,Wed Mar 29 13:46:55 EDT 2017,Telegram
XDPD7436,stehrt241,pourosa902,Fri Sep 17 10:40:54 EDT 2021,Twitch
QIUE6602,franeckig492,conroyk451,Sat Jul 25 06:12:05 EDT 2020,WeChat
SJXB8323,pricef218,stiedemanns138,Sun May 08 02:36:54 EDT 2016,YouTube
CMQR2698,bahringerr531,colem443,Fri Jan 29 08:19:52 EST 2016,YouTube
EELU2057,dachl761,funkm589,Sun Mar 19 04:51:19 EDT 2023,WeChat
YPTH2454,mayery3,huelc130,Mon Apr 23 18:53:17 EDT 2018,Discord
WGLT7444,walterd842,handl320,Tue Jul 26 02:19:16 EDT 2022,Pintrest
TDMK8099,kuhnn410,sengerk671,Fri Nov 28 16:08:54 EST 2014,LinkedIn
QZHT8601,konopelskis761,cristw256,Sat Dec 07 07:16:10 EST 2019,LinkedIn
UURV2513,schuppet534,walterf551,Fri May 29 13:09:22 EDT 2020,Facebook
ESCG4742,kundet760,weissnatp304,Wed Aug 28 21:46:13 EDT 2019,Facebook
BYBH0784,grahamc114,ornb665,Sat May 13 11:46:14 EDT 2023,Discord
APCX4763,douglasl588,kohlerc684,Tue May 26 07:30:54 EDT 2020,Instagram
GXYS7172,mannb489,wisozkj89,Sun Nov 11 15:47:31 EST 2018,Twitter
RUTO5077,feeneyc360,muellerd803,Sun Oct 29 11:55:20 EDT 2017,Snapchat
QSBF0687,kerlukew765,franeckim232,Fri Jul 10 17:41:52 EDT 2020,Twitch
CEGU6807,gutkowskic411,adamsv664,Thu Feb 11 18:15:14 EST 2016,Twitter
XXRK6786,gradyl672,lakinm855,Fri Jun 21 11:44:32 EDT 2019,Snapchat
AOZA8229,williamsonj612,cartwrightd720,Thu Jul 16 07:23:32 EDT 2020,Facebook
YRDQ7675,goodwins15,gutkowskil893,Mon Apr 04 04:30:52 EDT 2022,WeChat
XSNX1476,bartona577,rueckerr189,Tue Jun 20 16:02:01 EDT 2017,Reddit
WMVG2880,wisokym720,spencerd88,Fri Jun 26 13:04:22 EDT 2015,Facebook
RETO6490,rodriguezs661,hudsonw634,Tue Feb 19 10:07:47 EST 2019,Facebook
EBCQ7851,bartolettia725,morarr19,Fri Feb 21 09:15:24 EST 2020,YouTube
UINQ2932,wuckertj101,walshr948,Thu Dec 10 21:53:15 EST 2020,WhatsApp
KCCY7040,kubd622,bergstroml329,Thu Apr 14 05:25:12 EDT 2016,Instagram
PPBR1387,gleasonc848,kesslerc400,Thu Jul 27 07:18:33 EDT 2017,Pintrest
WHFQ1493,murphyd160,kovacekm103,Wed Sep 14 16:21:58 EDT 2016,Telegram
VWTI9775,haleyl257,rempelo125,Fri Oct 05 12:59:20 EDT 2018,WhatsApp
ZZCQ9081,doylet645,heidenreichm76,Sat May 28 12:05:00 EDT 2022,Instagram
BEMQ2698,jerded71,johnsonp280,Thu Jul 11 22:04:06 EDT 2019,Telegram
CHPN8792,buckridgej617,harveyj374,Sun Sep 25 18:11:24 EDT 2016,Twitch
XOCK8956,reynoldsj149,quigleyl187,Wed Dec 02 20:24:20 EST 2020,WhatsApp
ABWT7175,kreigerk176,powlowskii395,Sun Feb 18 04:33:58 EST 2018,Snapchat
SFHI4402,yundta301,jerdel859,Tue May 11 07:57:28 EDT 2021,Instagram
BCVL9071,fadelt690,braund456,Tue Jul 28 17:24:17 EDT 2015,Reddit
ZUCT2245,moorew357,kovacekk293,Sun Sep 20 18:59:19 EDT 2020,Snapchat
HTFI6650,kingk507,franeckit637,Fri Oct 07 19:46:31 EDT 2022,Snapchat
BWHQ7392,emmerichd119,mcglynnc649,Wed Apr 10 06:42:54 EDT 2019,Instagram
SPIN7916,strackeg739,doylew925,Tue Feb 26 04:43:54 EST 2019,Twitter
FYTT0282,schultza123,donnellyr682,Fri Sep 18 18:46:44 EDT 2020,Twitch
TWUR4288,krisg285,dachy621,Sat Mar 20 19:42:18 EDT 2021,Pintrest
ZQYH6608,hyattt125,harberr549,Sat Jan 13 20:59:20 EST 2018,WeChat
KUJJ7185,harberd438,kuphala17,Thu Dec 10 03:40:03 EST 2015,Facebook
KJTY2099,toys297,hayese690,Fri Aug 17 12:25:55 EDT 2018,Reddit
FLEQ6330,dietriche182,skilesh188,Mon Mar 05 23:25:59 EST 2018,Pintrest
EHBS6021,robertse980,metzf476,Sun Aug 09 04:17:38 EDT 2020,Telegram
IZRV2895,weimannr509,gradyi94,Mon Jun 30 04:02:59 EDT 2014,LinkedIn
OTLR9020,schinnerc900,pacochac117,Sun Mar 11 12:36:12 EDT 2018,Twitch
WZCO3933,jacobit321,champlint638,Fri Jul 07 22:01:42 EDT 2023,Facebook
YERY7250,streichm827,jonesm701,Sat Aug 01 15:58:56 EDT 2015,Reddit
ERMO6846,altenwerthe6,bechtelarp529,Sat May 28 12:31:58 EDT 2022,Reddit
ERYC4978,huelc130,hettingers878,Sat Oct 17 10:56:52 EDT 2015,WeChat
THKZ2871,starkl558,weberj952,Thu Feb 27 23:48:01 EST 2014,Twitter
EZXY3363,cummeratag101,greenl721,Sat Jan 18 16:07:43 EST 2014,Discord
JUYM6978,hudsons976,nitzschea967,Mon Feb 01 16:54:20 EST 2016,Discord
XBKW4965,kuphala17,rippinc153,Sun Apr 09 21:16:02 EDT 2017,Twitch
RAPU6383,bahringerd883,haagl121,Tue Feb 07 13:41:02 EST 2023,Twitch
BZIE6340,harrise800,wittingl366,Wed Jun 29 05:33:03 EDT 2022,LinkedIn
WFBP1861,oberbrunnerc453,conna244,Sun Jun 08 05:07:17 EDT 2014,LinkedIn
HTVZ1224,cruickshanke262,cronas62,Tue Dec 27 02:24:10 EST 2022,Discord
QUAQ4827,walterj864,emmerichj804,Thu Nov 15 05:34:03 EST 2018,Snapchat
GMMB6963,funkm669,koelpinw426,Fri Feb 24 10:10:13 EST 2017,Twitter
IQWR0288,rutherforda509,cronas62,Tue Jan 02 16:54:29 EST 2018,WeChat
JKMR2407,farrellc248,hoppej120,Sun Feb 14 22:16:12 EST 2016,WhatsApp
YSVY4018,steubern16,jaskolskie133,Sat Dec 04 14:41:01 EST 2021,WeChat
WLIH3337,fritschs844,hackettv339,Sat May 13 01:17:30 EDT 2023,WeChat
BDBA6689,hicklem152,ziemer323,Thu Oct 13 07:51:01 EDT 2016,Facebook
MMUF1022,krisk826,krish879,Sat Apr 30 09:50:06 EDT 2016,Twitch
UUCS3409,bahringerd883,torpj134,Sun Dec 07 16:31:21 EST 2014,Pintrest
YUTG2871,monahanc297,vandervortk695,Tue Dec 03 09:00:45 EST 2019,Telegram
AITR2134,dubuques579,blocke538,Wed Sep 14 14:09:57 EDT 2022,WhatsApp
UFQF1382,harberm479,bartonl231,Tue Oct 03 02:05:35 EDT 2017,Pintrest
EGYI4652,mayertl106,haage585,Mon Oct 11 14:25:14 EDT 2021,Twitch
DDNY2280,warde637,considinem337,Fri Aug 20 00:37:01 EDT 2021,Reddit
NMXI2031,bartellw90,kesslerc672,Fri Mar 22 01:30:11 EDT 2019,Pintrest
CZUC5221,manted345,harbere69,Mon Jul 03 07:52:31 EDT 2023,Twitch
BGOU1400,waelchic554,kutchr482,Sun Oct 01 04:01:38 EDT 2017,Facebook
URHR8127,nolanc254,collierd651,Mon Dec 02 07:45:21 EST 2013,Telegram
WIQM4096,corkerye38,hintzc56,Thu Jan 02 22:11:02 EST 2020,LinkedIn
BVLQ8234,pourosc887,hermistons756,Wed Nov 09 17:15:30 EST 2016,LinkedIn
GAWB1447,kovacekk273,prohaskac607,Sun Jul 08 01:40:50 EDT 2018,WeChat
ZLBV7096,kihna229,klockom771,Fri Feb 05 23:22:21 EST 2016,WhatsApp
YXLV5464,smithama976,skilesg431,Wed Jun 25 07:44:47 EDT 2014,Twitch
MKIP6191,vandervortl665,millerr135,Fri Nov 28 12:40:52 EST 2014,Snapchat
VPOF2252,connellym642,brekkec853,Mon Apr 14 14:03:17 EDT 2014,Twitter
SXOY9800,rennerc704,rippinm200,Mon Oct 05 17:00:43 EDT 2015,Facebook
SYKG1328,robertsc564,oberbrunnerm938,Tue May 16 18:34:36 EDT 2023,Snapchat
SKMY4931,kemmert338,reichele791,Fri Mar 12 17:05:55 EST 2021,LinkedIn
KCMT2375,gutkowskih324,mckenziec506,Fri May 27 02:45:42 EDT 2022,LinkedIn
ZNGF1470,haucki829,casperm923,Mon Dec 09 05:29:16 EST 2013,Telegram
JMJV9879,wiegandv611,kutchj794,Tue Dec 15 03:10:04 EST 2015,WeChat
ENJD2644,gleichnerb676,kuhicj522,Sun Jan 28 09:39:27 EST 2018,Instagram
JREI1667,jerdew564,metzm820,Tue Jun 14 02:00:06 EDT 2022,Instagram
HPWR6152,blickj730,stromanb934,Sat Aug 18 08:30:28 EDT 2018,WeChat
VRUV9753,murphyi609,uptond388,Sat Jan 02 13:48:03 EST 2016,Facebook
NFVU3142,kossf40,kirline92,Fri Oct 12 01:07:36 EDT 2018,Instagram
EAME3288,kovacekt477,jacobia858,Wed Apr 06 10:33:22 EDT 2022,Pintrest
SSRV2653,padbergk362,lefflerj330,Mon Nov 01 12:07:29 EDT 2021,Facebook
JTIK1370,lefflerj741,welchk862,Wed Oct 07 11:49:26 EDT 2020,Pintrest
IEIJ6369,volkmanm867,beattyg122,Sat Jul 13 05:22:45 EDT 2019,Twitch
URPD3156,strackef839,beckerh829,Sun Jul 14 21:16:11 EDT 2013,WeChat
MMZN6829,johnsoni105,rowek702,Wed May 21 12:21:22 EDT 2014,WeChat
WJKK6620,erdmanh437,langoshc171,Sun Dec 06 01:39:38 EST 2020,Pintrest
JTID1898,klockom771,marvind613,Thu Apr 14 23:36:30 EDT 2016,Pintrest
PNEA2286,prosaccob829,torpj215,Thu Jul 25 12:13:44 EDT 2013,TikTok
ZDLK3959,cormierh916,kuhicn166,Thu Dec 03 15:48:16 EST 2015,Twitter
JMEK0926,wizar745,balistrerie2,Fri Sep 15 18:56:39 EDT 2017,Telegram
AZBZ8736,donnellyg877,thiels170,Tue Feb 18 07:41:12 EST 2014,WhatsApp
LDLT1931,bahringerj687,mclaughline351,Wed May 10 04:13:38 EDT 2023,TikTok
APXK8342,okunevab203,schaeferd552,Sat Sep 14 04:58:16 EDT 2013,TikTok
HIDI6890,rohand407,hyattm951,Sun Aug 10 12:27:28 EDT 2014,Instagram
QHCM9377,gerholda211,pricej329,Thu Feb 09 07:39:34 EST 2023,Facebook
IZBT0555,emardb977,whitem399,Tue Jun 16 13:16:13 EDT 2015,Snapchat
ENNM0123,bartona816,nienowk422,Sun Feb 27 03:45:03 EST 2022,Twitch
ZOZN0630,luettgent586,wardh524,Sat Dec 11 05:24:46 EST 2021,WhatsApp
VTWP3964,gerlacht494,strosine469,Sun Mar 12 12:57:48 EDT 2017,Facebook
ZHGS1795,lockmana187,lindgrene547,Mon Jun 24 02:12:25 EDT 2019,Pintrest
FSVY9979,hettingerr570,johnss841,Fri Jul 01 05:28:03 EDT 2022,WeChat
SWRJ6695,effertza627,tremblaye305,Fri Jun 21 07:39:38 EDT 2019,Telegram
LXBR7568,kreigerr946,lindz192,Thu May 17 15:15:13 EDT 2018,Facebook
SJGZ2801,skilesg431,tremblaya866,Mon Feb 04 17:51:20 EST 2019,Twitter
ZPGM7021,lubowitzb31,friesenr241,Mon Feb 19 03:40:17 EST 2018,LinkedIn
IMFM3385,corwinh510,breitenbergs703,Tue Jul 07 23:03:49 EDT 2015,Twitch
GOPZ0097,rempels440,rippinm200,Mon Apr 05 18:26:33 EDT 2021,Snapchat
LFYO0329,treutelt674,jonesb881,Fri Jul 28 05:26:08 EDT 2017,Facebook
XVAV4948,herzogs247,lindgrena413,Thu Oct 01 15:11:01 EDT 2020,Telegram
YANV0020,brownb130,wizal237,Sun Mar 06 23:45:20 EST 2022,Instagram
ZJJU1795,breitenbergs157,caspera471,Tue Mar 31 11:31:01 EDT 2020,YouTube
BWFM5487,maggioa348,jonesk110,Tue Nov 09 13:47:55 EST 2021,Instagram
RTMD5761,reillyb222,hudsonl394,Wed Dec 18 10:24:54 EST 2019,Discord
SSHB2107,armstrongh159,bashiriano20,Fri May 01 12:16:26 EDT 2020,Pintrest
HEAN2163,ziemew68,herzogm499,Sun Apr 07 13:38:41 EDT 2019,TikTok
CJGP8821,schmitth513,townet632,Fri Jun 23 20:45:45 EDT 2017,Snapchat
TVVR0922,prosaccog32,auers898,Thu Aug 31 23:00:59 EDT 2017,Twitch
JZVI4479,moenw954,robertsl408,Wed Oct 24 04:17:07 EDT 2018,Twitter
QREC9634,kulasw278,monahana797,Tue Oct 11 17:14:20 EDT 2022,TikTok
QZRJ8489,buckridgea733,skilesh188,Mon Nov 21 02:17:09 EST 2022,Snapchat
NPFW5109,kulasp695,terrya360,Sat Mar 08 05:51:27 EST 2014,Snapchat
VVRA7891,kirlina210,rosenbaumd793,Mon Jun 12 08:22:53 EDT 2023,Discord
AJXY7887,welchh444,wymanp733,Fri Mar 26 19:14:25 EDT 2021,WhatsApp
GPLV4371,hettingerw641,kihna229,Fri Mar 07 11:08:41 EST 2014,WeChat
YMTE2072,ornm961,kerlukew765,Mon Oct 17 09:00:59 EDT 2022,Telegram
ESZW2503,lefflerj741,starkj917,Fri Sep 09 12:58:17 EDT 2016,Reddit
TCIW5958,abbottc266,gradyl641,Fri Aug 12 19:51:47 EDT 2016,WhatsApp
MCHM5513,faheyd964,tremblayt115,Thu May 19 07:18:56 EDT 2022,Twitter
EUQW8004,beckerh724,paucekc72,Mon May 15 09:54:48 EDT 2023,Pintrest
VWEV8770,dachd718,treutelc672,Fri Feb 20 03:56:45 EST 2015,WeChat
XSAE4360,rower394,osinskit868,Sun Oct 31 20:48:41 EDT 2021,Instagram
IVYH3352,greenl965,considinem337,Tue Nov 09 18:07:51 EST 2021,Twitter
TUZF5241,wittingj933,lowes129,Wed Jan 14 20:04:42 EST 2015,Discord
TWVT3618,jerder592,grahamw404,Tue Nov 12 01:32:56 EST 2019,Instagram
NZPK1699,balistrerih524,o'harar730,Sat Aug 29 06:47:55 EDT 2015,WhatsApp
RWRN0253,weimannr509,bergnaums115,Sat May 25 05:46:27 EDT 2019,Facebook
BXFL5464,emardd533,d'amoref128,Sun Oct 20 08:49:43 EDT 2013,TikTok
NNYQ2368,greenw624,cormierd103,Tue Aug 08 17:29:45 EDT 2017,Telegram
OVZR2871,runolfsdottirp154,ratkej118,Wed Jul 05 13:50:08 EDT 2023,Facebook
KRSJ5471,conroyk451,rueckerk915,Tue Sep 12 23:16:28 EDT 2017,Instagram
KVHT4900,lefflerw26,d'amorea729,Sat Aug 24 16:42:34 EDT 2019,Instagram
KIDY3047,rodriguezs501,ziemanna314,Mon Mar 16 01:31:23 EDT 2020,TikTok
FNQP5100,jakubowskic869,oberbrunnere358,Thu May 13 07:52:28 EDT 2021,Twitch
APFL0502,dachr94,hermannp931,Wed Jul 05 15:23:29 EDT 2017,LinkedIn
SCAS6625,beattyd811,lefflerk679,Sat Apr 06 09:19:14 EDT 2019,WhatsApp
VOEO3259,langoshw296,jastd796,Wed Sep 01 03:58:31 EDT 2021,Discord
JMZV8783,vandervortk695,conroya628,Tue Jul 10 04:02:48 EDT 2018,Telegram
TWRF5098,klingf115,carterr588,Sat May 14 07:37:24 EDT 2022,Snapchat
FRAX2436,strosins220,lubowitzb31,Sat Oct 10 00:42:40 EDT 2015,Pintrest
GUQQ5693,langoshj945,reynoldss931,Tue Feb 08 20:49:33 EST 2022,Instagram
XKLG3331,faheyj973,kovacekt477,Mon Jan 22 11:17:05 EST 2018,TikTok
VMDL3705,ziemannc278,corwinl376,Wed Jan 11 09:52:40 EST 2023,Snapchat
TRTS3892,collinsm832,bahringerd475,Sat Dec 30 19:40:17 EST 2017,Snapchat
CADW9347,rices433,kinge599,Thu Dec 01 14:38:32 EST 2022,WeChat
IDHX4997,ernserl521,bechtelarl853,Sun Nov 05 00:15:57 EDT 2017,Reddit
RQLY2232,torpj215,auerb784,Thu Nov 27 19:43:17 EST 2014,Facebook
VWPC5647,boylel222,o'keefeb578,Mon Aug 03 13:53:03 EDT 2015,WhatsApp
HYSB4173,sipesa18,dickit951,Wed Aug 18 07:31:57 EDT 2021,WhatsApp
WAEQ3013,farrelld826,daughertye436,Mon Jan 23 05:20:41 EST 2017,Pintrest
FBCR8073,lemkec533,doylem282,Tue Feb 25 11:13:30 EST 2014,Instagram
DLHN6971,jerdeg121,littelm663,Sun May 31 02:46:28 EDT 2015,WhatsApp
HWEW7223,nolane165,skiless724,Thu Oct 20 09:30:41 EDT 2022,TikTok
YZIY9311,connellyt599,wildermana483,Thu Jan 09 21:53:06 EST 2014,Snapchat
AMMK8431,gleasonr379,kirlink283,Tue Sep 29 01:41:12 EDT 2015,WhatsApp
GCBS8379,hermannd34,feilh860,Tue Mar 17 18:49:24 EDT 2020,Snapchat
PCGR4592,starkl558,wunschs974,Mon Nov 22 07:15:21 EST 2021,WeChat
GURD1601,osinskir519,bahringerd475,Mon Jan 27 21:45:32 EST 2014,Snapchat
NFVT4326,dickiw605,mayertg314,Tue Apr 30 14:47:13 EDT 2019,Facebook
BMHV7640,erdmank856,corwinb491,Mon Sep 20 20:23:57 EDT 2021,Facebook
VWWD9159,lueilwitze968,willmse514,Fri Sep 07 21:36:18 EDT 2018,Snapchat
JGMH9953,whiteo656,marvint5,Thu Mar 07 09:17:16 EST 2019,LinkedIn
FZUS2071,haagl121,yostd387,Mon Jul 09 14:44:26 EDT 2018,Twitter
NXKP6675,stehrm586,prosaccot696,Thu Nov 02 03:40:30 EDT 2017,Twitter
JNBU4365,swaniawskil814,johnstonb259,Sun Jun 22 05:09:35 EDT 2014,Telegram
UPRH3446,johnstona137,abbottr114,Fri Aug 16 00:52:06 EDT 2019,YouTube
PONJ8927,schulistj658,prosaccou466,Thu Jul 07 02:34:00 EDT 2022,Discord
KOMN3584,botsfordd341,stromanc440,Thu Jul 04 21:34:17 EDT 2019,Snapchat
ENQU5328,bahringert55,schmitts264,Sat Sep 17 15:38:31 EDT 2022,Telegram
TDJZ1737,parkerb930,kautzerj757,Tue Oct 24 14:46:09 EDT 2017,Discord
IGWS1090,kuphalb441,lindc729,Sun Aug 31 10:42:24 EDT 2014,Snapchat
PZCW5187,sauerk498,dickensw108,Sat Aug 04 16:31:43 EDT 2018,Instagram
BWMC8848,wolfr244,pollichi612,Sat Sep 12 02:53:45 EDT 2015,Pintrest
MRPA7306,kohlerf264,conns881,Wed Oct 20 02:48:31 EDT 2021,Snapchat
RBVK6721,marksc525,maggior333,Thu Mar 28 20:31:02 EDT 2019,Twitch
PMEP2223,legrosb920,mertzr786,Tue Aug 19 12:41:54 EDT 2014,Telegram
JKFE1608,d'amoreg966,aufderharl780,Thu Dec 30 08:54:32 EST 2021,Reddit
YYJR5026,litteld22,hoppej120,Fri Nov 30 08:12:56 EST 2018,Reddit
NWJU0553,goldnerd114,connellyl685,Sun Aug 21 13:02:40 EDT 2016,Facebook
IPXG3761,wuckertf156,schultzs218,Fri May 27 17:08:38 EDT 2022,Twitch
EZTI2287,sauerm909,mantes769,Mon Feb 20 14:46:13 EST 2017,Facebook
MMNJ4493,denesikr246,reillyb54,Wed Sep 11 20:55:14 EDT 2013,LinkedIn
UNOB7412,stoltenbergn569,whitec782,Thu Mar 24 17:09:30 EDT 2016,YouTube
ETJC1161,satterfieldd337,kutchb46,Sun Jan 13 02:48:10 EST 2019,TikTok
SNKX1642,thiell169,kuhlmani556,Tue Jun 09 11:39:24 EDT 2015,Snapchat
YENG2439,howelll830,krisw834,Mon Feb 22 21:36:59 EST 2016,Twitch
OMVB7445,mantes13,goodwink309,Thu Dec 15 14:09:42 EST 2016,Twitch
VHZS6184,colee50,koelpinl954,Thu Apr 11 08:27:58 EDT 2019,LinkedIn
QOLE8932,lednerr527,hackettk209,Wed May 06 11:12:53 EDT 2015,Telegram
SDOK6081,millsj347,blickl637,Wed Aug 26 11:23:18 EDT 2020,WhatsApp
BZDH4627,dickinsonv63,johnsw902,Wed Feb 20 19:57:02 EST 2019,WeChat
UHAC2757,donnellyg877,reillyb54,Sat Jan 29 23:53:57 EST 2022,WeChat
MQCE8254,hackettk209,creminj478,Mon May 02 08:58:04 EDT 2016,YouTube
MLAR9702,ornl593,harberb87,Tue Sep 20 04:21:18 EDT 2022,Telegram
ZXOG1394,muellerb794,wunschs846,Wed Jan 27 03:49:14 EST 2016,TikTok
MLPI7403,effertzn648,schadene213,Fri Feb 16 14:16:46 EST 2018,TikTok
MVUK6694,weimannf71,jakubowskih755,Thu Dec 01 21:15:52 EST 2016,Twitch
AGJB2738,stehra271,lefflera539,Tue Apr 30 10:31:03 EDT 2019,Snapchat
UAIO9508,mertzp77,crooksm525,Sat Oct 09 14:15:42 EDT 2021,Reddit
ECDJ0243,trantowr567,marvinh889,Wed Jul 30 05:46:12 EDT 2014,Telegram
SWLC1037,jerdet293,shanahane328,Fri Oct 09 15:25:17 EDT 2015,WhatsApp
WJNP4125,hellert376,framid459,Fri Nov 02 09:12:06 EDT 2018,WeChat
ZZWR3636,bergstromg265,weimannb942,Wed Mar 26 22:16:17 EDT 2014,WeChat
CJFM2977,gusikowskic185,gutmannk510,Sun Dec 04 11:35:45 EST 2016,Facebook
DFUD3215,sawaynb377,weberc484,Sat Jul 04 13:35:51 EDT 2020,Instagram
ETBN6753,towned825,bogisichr41,Tue Sep 13 17:26:28 EDT 2022,Twitch
AKIF6440,wunschs974,walkerg306,Fri May 14 11:29:40 EDT 2021,Pintrest
HDTH4442,o'konn275,wymand179,Mon Sep 21 22:49:08 EDT 2015,Snapchat
UCGK8879,wintheiseri487,roobh480,Fri Jun 23 04:11:23 EDT 2017,Discord
UQVG4595,ziemannt295,kochd911,Fri Dec 18 09:06:31 EST 2015,Twitch
SUGL4588,pricea529,rodriguezg468,Thu Oct 31 17:52:59 EDT 2019,Twitter
DSBR3871,kuhice264,watsican270,Tue Mar 28 18:43:38 EDT 2017,TikTok
KGOS2300,krisn341,wintheiserk44,Wed Nov 07 16:50:01 EST 2018,Twitter
MHRA9272,osinskic184,grahamw404,Mon Jul 27 06:16:28 EDT 2020,Pintrest
FIOE7507,grimesl55,kreigerk176,Mon Dec 30 03:07:07 EST 2019,Instagram
ZPQW5985,nicolasd910,russels458,Sun Jul 25 02:56:38 EDT 2021,Pintrest
XQRH4673,corwina905,koche569,Thu Mar 16 20:47:17 EDT 2017,Discord
IIVD6442,watsicak915,kunzec452,Sat Mar 01 23:54:24 EST 2014,WhatsApp
WYBB9345,aufderhara910,satterfieldk493,Sat Jun 04 02:36:18 EDT 2016,WeChat
XEVY4333,schadenj598,bashirianc263,Mon May 26 14:14:40 EDT 2014,Snapchat
NLAY1982,walkera553,leuschkes702,Thu Aug 16 18:11:40 EDT 2018,Pintrest
FLIG6349,hartmannd375,luettgent790,Thu May 06 01:39:37 EDT 2021,Telegram
SLCP5383,hyattm902,klockoa545,Sun Nov 12 10:13:20 EST 2017,Reddit
DNIX7874,bergstromm97,littelm539,Wed Nov 06 11:13:58 EST 2013,Telegram
EKGS8032,kreigerr94,wittinga373,Thu Aug 16 23:35:36 EDT 2018,TikTok
VUWF8432,mohru243,mayerm129,Sun May 15 22:14:45 EDT 2016,TikTok
FMIU4740,stiedemannc609,koeppm301,Sat Nov 30 05:29:36 EST 2019,YouTube
JRDG3217,koelpinr180,bernierj653,Wed Oct 27 19:13:39 EDT 2021,Discord
OOCK0074,koelpind356,faheyd484,Fri Apr 01 00:11:06 EDT 2022,WhatsApp
HCPJ3218,wittingm968,pourosg486,Wed Jun 08 00:35:53 EDT 2016,LinkedIn
XRUY2549,keelingd175,whitej626,Sun Mar 22 12:39:12 EDT 2020,WeChat
ZGUI0224,starkj917,mertzj580,Thu Apr 05 04:14:18 EDT 2018,YouTube
YVZX9556,vonb53,okunevag301,Fri Jan 06 01:27:07 EST 2017,WeChat
DBOP2726,millerj156,franeckis433,Sat Oct 15 16:29:51 EDT 2016,LinkedIn
BKIN6983,andersonb664,kirlina210,Sun Jan 01 12:45:43 EST 2017,Snapchat
IAZR3814,abbottb41,kuphalt164,Wed Dec 28 03:46:07 EST 2016,Twitter
VUDC7237,koeppg814,mckenziet357,Fri Jun 14 12:26:01 EDT 2019,LinkedIn
FXUV3267,rempels770,tremblaya866,Tue Sep 22 14:10:36 EDT 2020,Snapchat
XRYU7783,toyf907,hermannd789,Tue Jan 22 02:43:58 EST 2019,LinkedIn
TBRG5280,mclaughlinf476,pricec612,Wed May 25 07:15:44 EDT 2022,Twitch
XDCL4585,quitzonv804,simonism819,Mon Jul 29 15:45:08 EDT 2013,Snapchat
EJJW5512,connellyg289,lefflerj330,Fri Sep 09 17:59:27 EDT 2022,Discord
RBTT0802,funkc282,whited292,Sun Jan 22 01:06:12 EST 2017,WeChat
AGVL0702,robertse980,thielr529,Fri Jul 08 17:31:42 EDT 2016,WeChat
RNBH7724,gerlachc316,rohand407,Fri Dec 11 17:24:19 EST 2020,WeChat
SPQP8886,gorczanym139,hackettb187,Sun Jun 19 17:53:07 EDT 2022,Discord
SQUG1430,schaeferh642,croninn840,Thu Jun 30 02:19:39 EDT 2016,Reddit
PZVL0026,mosciskim847,ortizj589,Fri Oct 18 15:56:52 EDT 2019,Discord
WQWU5848,feeneyn505,murphyf471,Sat Apr 02 04:59:51 EDT 2022,Twitter
JMDJ0996,wardr847,haleyl172,Fri Apr 10 08:18:15 EDT 2015,Snapchat
AVBW9948,brakush780,kulasw278,Fri Mar 15 20:25:03 EDT 2019,YouTube
DQNF3619,spencerd830,turnera708,Thu Mar 04 04:16:18 EST 2021,Snapchat
QIIL7135,nikolausl767,leuschkec875,Thu Sep 25 16:32:48 EDT 2014,Snapchat
KODJ3413,pricef218,baumbachb604,Fri Apr 15 04:01:59 EDT 2022,Twitter
KFFX1920,haleyl257,beierb74,Wed Feb 24 18:07:58 EST 2016,TikTok
GCLS4256,bogank215,erdmanf210,Sat Sep 12 16:57:08 EDT 2020,WhatsApp
BEKZ7482,bahringerf697,gleichnerb676,Wed Mar 02 02:21:53 EST 2016,Twitter
MGBL4414,powlowskib869,goodwind935,Sun Nov 09 07:43:42 EST 2014,Twitch
HGLV4503,lescht326,hayese830,Tue Aug 03 12:35:57 EDT 2021,Twitch
ZEEC7236,gradyl672,stamml824,Thu Jun 23 17:09:20 EDT 2022,Discord
ILTV1933,bartellm414,mosciskim130,Wed Nov 23 16:04:16 EST 2016,LinkedIn
RQNI2296,bergstromm97,lyncha417,Sun Oct 25 10:26:25 EDT 2015,Telegram
VNZC1742,uptonh799,walterd508,Mon Jan 26 01:47:11 EST 2015,Reddit
XZWM8741,ebertd852,feeneym498,Tue Dec 03 01:55:58 EST 2019,Twitch
CRKI4065,wildermana165,langoshj945,Sun Jul 12 05:17:42 EDT 2020,WeChat
YUTW3512,krisa567,pacochan6,Sat Nov 08 13:36:40 EST 2014,Twitch
IPVP4548,schillerk968,konopelskij231,Wed Jul 19 09:14:23 EDT 2017,Twitter
RFZL1929,quitzone410,hyattc613,Sat Jan 12 09:22:50 EST 2019,Reddit
YVTM6827,harberr549,hettingers878,Mon May 15 10:42:58 EDT 2017,Telegram
EQJN2503,brekkel213,gibsont359,Tue Feb 18 17:09:54 EST 2020,WhatsApp
DLST8216,kirlins857,schuppej885,Wed Jul 24 18:50:25 EDT 2013,Facebook
SFSQ5338,grahamd103,hellerj899,Fri Mar 30 04:28:32 EDT 2018,Pintrest
EYNG4471,kubd148,langl708,Sun Sep 25 02:20:12 EDT 2022,Discord
FVXN5076,zemlakk647,rennert584,Tue Apr 12 08:02:44 EDT 2016,Instagram
IKJJ3376,barrowsr415,robertsc630,Thu Sep 23 16:49:00 EDT 2021,Instagram
OYVJ3625,hudsonw893,howel671,Wed Nov 06 19:05:40 EST 2013,Pintrest
VOAM9849,pourosg486,goldnerm916,Fri Apr 24 09:40:28 EDT 2020,TikTok
GKYR6402,gorczanyd508,langoshp624,Tue Mar 10 14:29:36 EDT 2020,YouTube
GFVS4170,carrollr687,boehmr686,Sun Jan 29 16:08:29 EST 2017,WeChat
PUSG7791,gradyk54,osinskit868,Fri Apr 21 20:02:28 EDT 2023,YouTube
DDGO6551,cartwrightd720,krisw834,Wed May 02 23:00:28 EDT 2018,Instagram
EIXE3704,gradyk54,watsicap3,Mon Dec 16 02:12:08 EST 2013,Snapchat
FYQE7300,lindz192,beerd740,Wed Apr 15 10:03:05 EDT 2015,Facebook
FPXX6998,hermana36,larsonb220,Mon Aug 03 12:06:35 EDT 2015,TikTok
DKCF2510,hamillj552,schumme813,Sun Sep 30 21:41:38 EDT 2018,Pintrest
LEHE9014,kreigerm462,adamsl758,Mon Nov 23 04:01:39 EST 2020,YouTube
NXJQ2129,raynord303,hartmannc940,Sat Nov 12 10:42:46 EST 2016,Snapchat
CQWQ1444,renneri831,flatleyj333,Mon Feb 08 04:12:53 EST 2016,Pintrest
HXLO3506,ebertk566,bechtelarr611,Fri Jan 29 10:23:27 EST 2021,Facebook
IFLK9137,ritchiev94,collierd249,Mon Mar 16 12:44:23 EDT 2015,TikTok
HWAX3948,satterfieldk493,beerj821,Mon Nov 14 23:47:32 EST 2022,Telegram
POEM4391,townel776,westg190,Fri Oct 28 14:48:28 EDT 2016,Instagram
BASE6354,kuhict770,o'keefew250,Fri Feb 05 00:34:44 EST 2021,Snapchat
MMKX4372,batze691,mohrs366,Sat Nov 01 09:01:38 EDT 2014,WeChat
HBSC2225,cruickshankx607,runolfssonl661,Thu Sep 20 01:04:49 EDT 2018,WeChat
ARXZ0322,ondrickas533,greenholtt154,Wed Dec 11 07:06:46 EST 2019,Facebook
KJNW1604,deckowb959,boylew96,Mon Feb 17 22:21:59 EST 2014,Discord
HRQI6880,d'amoref128,willj776,Mon Jun 21 17:01:20 EDT 2021,WeChat
DZRG6257,lubowitze97,jacobsd734,Mon Jan 12 09:59:04 EST 2015,Twitch
RZLE4340,zboncakj637,gibsonr346,Wed Jul 10 00:34:54 EDT 2019,Snapchat
MRHX3257,starkt292,wiegandv611,Mon Jun 17 20:09:20 EDT 2019,Telegram
ATIR3436,ankundingl169,nitzscheg608,Thu Oct 13 00:17:09 EDT 2016,Twitter
MFNL2010,wilkinsonj56,lueilwitze968,Tue Jun 13 22:34:05 EDT 2023,Telegram
YBCW9681,hahnt877,haagj457,Sun Feb 26 14:07:01 EST 2023,WhatsApp
HFSD1254,lefflerz621,balistrerib909,Mon Jan 21 21:58:28 EST 2019,Twitch
PUHW6133,caspern494,lockmans725,Sun Sep 17 10:57:22 EDT 2017,WhatsApp
GKGV3911,hayese830,hammess823,Sun Jun 23 19:41:36 EDT 2019,Twitter
OOPL4178,hettingerw641,kubt478,Sun Apr 06 21:33:49 EDT 2014,Facebook
WQWY8890,hesselc230,kovacekc410,Fri Feb 02 10:31:26 EST 2018,Reddit
ZTQU5170,kingt770,wunschj8,Sun Feb 04 21:46:18 EST 2018,YouTube
MKEL6306,bashirianm346,mclaughlinm434,Fri May 02 02:44:04 EDT 2014,Discord
OVYV5159,hermana36,bahringerd883,Mon Jan 25 03:22:09 EST 2021,Discord
ABEE2964,bartellm414,stoltenbergs623,Wed Mar 09 00:34:09 EST 2022,Facebook
NKOB0428,quitzonv804,harrisb126,Wed Mar 11 18:11:29 EDT 2020,TikTok
ETEN9057,pfefferm314,hyatte67,Tue Aug 27 05:03:34 EDT 2013,TikTok
IKJB5857,uptons499,welcht419,Thu Oct 08 22:37:56 EDT 2020,LinkedIn
NUXW3346,jerded71,buckridgea733,Sat Feb 27 15:49:02 EST 2016,Instagram
KQMJ3804,rueckerm476,kuphalt164,Tue Mar 15 07:21:39 EDT 2022,Telegram
TELB2981,stoltenberga222,nolanh54,Wed Aug 08 22:24:36 EDT 2018,Facebook
TQCQ4876,turcotted115,beattyc900,Sat Nov 10 09:59:23 EST 2018,WeChat
TRYJ8974,donnellye322,ornm961,Thu Nov 17 07:36:24 EST 2016,LinkedIn
LQPH9488,lescht326,conni220,Fri Sep 10 02:49:08 EDT 2021,Twitch
ZXXD3649,lindk373,wymanb857,Wed Jun 27 04:07:14 EDT 2018,WhatsApp
HQXV9430,feeneyh683,strosins220,Sun Mar 06 07:54:58 EST 2016,Twitch
NIJE2628,wilkinsons358,lescht326,Fri May 08 04:06:40 EDT 2015,Reddit
BICA1510,faheyb587,macejkovica793,Tue Jan 25 18:47:49 EST 2022,Snapchat
LMPX4778,hartmannw789,mcculloughc181,Thu Jan 26 21:08:15 EST 2017,Instagram
HXJS1879,haleyh61,kubd148,Fri Apr 29 01:32:52 EDT 2022,WhatsApp
ZVDV7225,creminf979,lowes129,Fri Jul 13 23:46:15 EDT 2018,Pintrest
YOYC4765,shanahand966,gutkowskig472,Wed Jan 25 22:38:18 EST 2023,Instagram
PPCG3078,zemlakm724,thompsonl788,Thu Oct 06 00:03:40 EDT 2022,Facebook
IWNM8427,o'harar730,deckowc251,Mon May 05 12:44:49 EDT 2014,Facebook
NDIY3612,schmittg525,litteld22,Mon Feb 01 06:32:16 EST 2016,WeChat
ZAEV6376,morissettel225,ryanb712,Mon Dec 02 03:46:30 EST 2013,Pintrest
ZCOE8704,zboncaks787,yostc796,Wed Jan 06 14:15:36 EST 2021,Telegram
BJZA7025,schuppej408,reichertc701,Sat Oct 24 21:04:15 EDT 2020,TikTok
LVGY0083,erdmana418,kohlert483,Thu Dec 19 03:58:28 EST 2013,Facebook
IQCI5608,walkerl243,carterd90,Sat Dec 29 03:33:12 EST 2018,Twitch
UYBB8940,kirlins857,o'keefew250,Fri Oct 31 05:16:38 EDT 2014,Snapchat
LZIW7911,lockmans413,jerdel859,Tue Jan 03 20:04:50 EST 2023,LinkedIn
TSUB9406,grantj91,osinskit932,Fri Oct 15 13:44:21 EDT 2021,WhatsApp
IQDW8957,reingerd457,moorem612,Wed Oct 28 22:57:44 EDT 2020,Twitch
YSCA1924,jenkinsl872,hermana873,Sat Apr 06 03:00:10 EDT 2019,Pintrest
OTWI2756,bodem427,kossk471,Wed Aug 28 08:53:54 EDT 2019,Twitch
NUKI7686,kassulkek527,cruickshankf383,Wed Apr 20 16:57:16 EDT 2016,Twitch
RPXK1413,barrowsc365,rosenbaumd650,Thu Apr 26 12:17:28 EDT 2018,WhatsApp
ZIUT7182,rosenbauma91,breitenbergo739,Tue Aug 21 01:46:10 EDT 2018,YouTube
PGAH2497,keelingb160,feilk686,Sun Jun 18 15:44:32 EDT 2023,Pintrest
ALRD9973,douglasi835,greenfelderc936,Sat Aug 11 23:49:24 EDT 2018,WeChat
ZWSD7189,ankundingb477,doylem369,Sat Jan 18 09:46:46 EST 2020,Discord
IKCG2248,walkerf4,willmse514,Sat Oct 08 15:35:32 EDT 2022,Twitter
FNPW9857,jerded587,shieldss65,Tue Nov 03 13:58:18 EST 2015,Reddit
LSKU9011,beerf126,swiftj922,Sun Oct 13 23:31:15 EDT 2019,Telegram
PXBW5894,bergstromm221,kreigert543,Tue Feb 19 18:41:06 EST 2019,Snapchat
WOUQ1072,rolfsond405,gerholds320,Fri Jul 31 15:16:03 EDT 2015,Telegram
ECZO1442,sporerm227,nicolasv963,Fri Sep 23 15:41:38 EDT 2022,Twitch
RHNG5948,starka605,gibsonh755,Sun Oct 08 16:22:47 EDT 2017,Instagram
OAQB1693,danieln545,durganj147,Fri Jul 03 07:41:43 EDT 2015,Facebook
JRGX4702,nicolasf773,bartolettit608,Sun Apr 10 06:01:45 EDT 2016,Pintrest
HQYX7952,hellerm956,hansenp491,Fri Feb 23 03:27:05 EST 2018,YouTube
PSBN0801,keelingl696,o'harar862,Fri Jul 12 04:14:35 EDT 2019,Facebook
SBLR7183,bartond151,wolffm32,Sat Sep 15 11:46:35 EDT 2018,Reddit
FWPR0196,gutmannb84,kossa476,Sat Jul 11 18:01:39 EDT 2020,WhatsApp
YVPE5080,lefflerm157,klockom195,Sat Jul 16 09:33:28 EDT 2016,WeChat
PWZN2840,reillyj598,pfefferj814,Mon Nov 19 05:57:43 EST 2018,Facebook
UQQV9697,johnstons881,heidenreichd536,Sun Dec 04 13:40:14 EST 2016,Snapchat
PHJU1148,sauers546,muellers928,Thu Jun 30 01:16:59 EDT 2016,Reddit
XFED0114,strosind476,kirlino124,Sat Dec 28 08:16:39 EST 2019,Discord
PJPE4270,howelll830,turcottel123,Tue Jan 28 08:44:00 EST 2020,Instagram
AOTL9094,schulistj786,stammm148,Mon Jan 07 10:18:35 EST 2019,Telegram
RHUN3578,hegmannw509,ernserb905,Sun Dec 25 13:49:13 EST 2022,Twitch
BIHL1783,vonm912,hermannk240,Tue Jan 28 07:15:47 EST 2020,Pintrest
GCBP3612,raynorb337,kuphaln621,Tue Dec 19 23:57:15 EST 2017,Snapchat
AEGY5935,kovacekk273,ernserv539,Sat Oct 12 15:02:46 EDT 2019,LinkedIn
JLKZ3460,uptons499,wizat175,Fri Oct 02 19:06:06 EDT 2020,LinkedIn
OKYO8864,schambergerl155,mayertr98,Thu Sep 04 06:06:44 EDT 2014,LinkedIn
EOHR3946,boganl198,murphyr141,Mon Jun 21 07:14:25 EDT 2021,Facebook
CDJP7845,rennerc704,reichertc701,Mon Feb 03 03:36:14 EST 2020,Pintrest
MFZU7110,danielp196,ratket223,Sat Jul 26 03:02:48 EDT 2014,Discord
FFXW2897,halvorsonh359,westc247,Thu May 21 02:08:25 EDT 2015,Instagram
KNBM6370,schowalters332,williamsonc591,Thu Nov 20 07:00:33 EST 2014,TikTok
DFIS5776,thompsonl209,muellere489,Tue Mar 29 11:47:00 EDT 2022,Twitter
BEWN7737,okunevat54,pfefferc702,Sat May 29 01:49:01 EDT 2021,Instagram
INLE3797,kulasd103,blocks404,Fri Mar 29 16:44:21 EDT 2019,Twitch
IKGO4245,tremblaya866,yoste256,Sat Sep 27 03:22:20 EDT 2014,Telegram
UEVQ6766,robertsj84,dickinsont410,Thu Feb 09 23:42:21 EST 2023,LinkedIn
FSCJ2026,lynchf301,spencerk235,Tue Oct 13 03:49:53 EDT 2015,Twitter
XILF8419,trantowk12,kerlukew765,Sat Jan 15 01:39:28 EST 2022,Telegram
OVCQ7285,gaylordd433,kuhicm681,Mon Aug 18 12:05:55 EDT 2014,Twitch
LPVJ0441,lescht678,lefflerl559,Wed Aug 06 19:01:18 EDT 2014,Telegram
KADU0229,powlowskij822,rodriguezn585,Fri Jun 23 23:26:55 EDT 2023,Snapchat
LVMU3815,mrazt645,hirtheu309,Mon Nov 25 04:44:27 EST 2019,Pintrest
BWNH0918,bartona907,rodriguezc860,Thu Oct 15 23:53:14 EDT 2015,Facebook
QOPM2962,hellerj899,reillyb54,Thu Jan 14 11:03:31 EST 2021,LinkedIn
QZIZ1564,bartonn221,konopelskiw379,Sat Apr 02 15:08:07 EDT 2016,Pintrest
YZDF7676,moorem387,kirlinp43,Sat Dec 22 16:53:46 EST 2018,Telegram
ZUYE5531,uptona138,gaylords362,Sun Nov 03 07:19:50 EST 2019,Reddit
DITK3220,nicolasj158,mitchellw217,Thu Jun 02 16:35:44 EDT 2022,Reddit
OEXM0180,schimmela119,kirlinc959,Wed Mar 15 02:07:05 EDT 2017,Reddit
MLXS6000,kuhlmanj207,cruickshanke262,Mon Oct 14 23:17:17 EDT 2019,Pintrest
BQWZ1875,gutkowskih330,schmittt445,Mon Aug 17 13:51:08 EDT 2015,YouTube
NHGE7849,harberj619,bashirianb535,Thu Dec 17 15:11:51 EST 2020,Instagram
BPAD8847,bodef336,wittinga105,Thu May 21 16:41:28 EDT 2015,WhatsApp
RTUW0234,ernserl521,wisozkr969,Wed May 05 21:58:08 EDT 2021,LinkedIn
RUKI4818,dickensl291,beattyd811,Mon Jun 07 17:51:57 EDT 2021,LinkedIn
PDYB5593,borerc699,borerp890,Thu Oct 28 06:29:48 EDT 2021,Facebook
SQBM5681,thielr529,pagacm244,Sat Jan 20 21:02:26 EST 2018,WhatsApp
ANXX0732,lebsacks784,leschb721,Sat Aug 25 04:05:33 EDT 2018,Discord
KCFM0673,lynchn828,reillym623,Sun Nov 21 01:13:02 EST 2021,Twitter
FZFJ5504,gorczanyc831,collinse34,Mon Feb 25 18:50:20 EST 2019,Twitch
QMUM3962,framij127,pagaca410,Sat May 30 12:17:26 EDT 2020,Discord
EYLI1589,kuhlmanj729,schoenh319,Wed Mar 08 07:36:12 EST 2023,Facebook
BSAI2154,harbera319,hartmannd375,Thu Jul 10 01:53:42 EDT 2014,Reddit
OKYC9221,manne180,hammesb843,Mon Jul 17 17:05:55 EDT 2017,Telegram
NWMC1554,o'haraa478,halvorsonk482,Fri Nov 29 14:50:11 EST 2013,YouTube
VPLU3744,willmsm768,kosss940,Sat Jul 29 20:17:49 EDT 2017,YouTube
KFHO2439,boded589,kshlerinc820,Mon Oct 03 03:26:32 EDT 2016,WhatsApp
NRRQ6389,gorczanye35,stantonj806,Tue Nov 02 18:20:40 EDT 2021,Twitch
GEUZ8469,lockmano932,hanee70,Thu Dec 09 16:09:23 EST 2021,Twitch
RYDC7589,predovicm939,jerdeg121,Wed May 06 14:43:31 EDT 2020,Twitch
WXNZ6216,schaeferh642,huels701,Sat Jun 21 05:23:28 EDT 2014,TikTok
HPLT8449,johnsa451,bashirianc263,Sun Oct 30 10:59:49 EDT 2016,WeChat
AUWB9897,cristl250,schoenv390,Wed Jul 07 16:14:36 EDT 2021,Reddit
NQBI1729,bartonb202,hegmannv322,Sat Mar 05 18:41:03 EST 2016,Reddit
QMLP1798,colee50,strosind476,Fri Oct 14 21:35:13 EDT 2022,YouTube
AHAU1269,daviso77,sporerm227,Sun Jun 08 02:13:34 EDT 2014,Twitch
AYDC7203,langb539,bodes975,Mon Aug 17 12:42:12 EDT 2020,WhatsApp
TPLZ4368,schummr639,kohlerc750,Fri Feb 10 18:51:55 EST 2023,Instagram
SMWE1568,wardm417,stokess498,Sun Sep 27 10:01:41 EDT 2015,Reddit
LPYL8219,grantc509,harberp117,Mon Jun 02 20:01:14 EDT 2014,YouTube
EVDI3498,bergek930,waelchic661,Sun Mar 17 14:53:02 EDT 2019,LinkedIn
NOXA2428,raul567,starka605,Thu Oct 29 10:59:17 EDT 2015,Snapchat
DLNU8517,murphyv218,franeckim232,Sat Apr 09 08:11:57 EDT 2022,Twitter
CXKD0196,windlerc749,gerholdc729,Thu Feb 06 02:56:28 EST 2014,WeChat
MTJZ9415,faheyf352,hessele895,Thu Oct 13 19:21:01 EDT 2022,Discord
WIWY7615,dickim569,bartolettit608,Tue Jun 08 06:45:11 EDT 2021,TikTok
KADI9771,halvorsons354,lefflerj741,Sun Sep 18 10:22:31 EDT 2016,Twitch
EOTT9989,hudsont444,kassulkeg547,Thu Oct 21 20:07:02 EDT 2021,TikTok
EIZD9843,goldners593,schinnerm944,Wed Aug 01 11:04:26 EDT 2018,Pintrest
OKMC3894,runter182,pfannerstillk793,Sun Jun 05 23:45:28 EDT 2022,Snapchat
DDNS9988,leannonf740,murazikk63,Mon Apr 18 09:26:21 EDT 2016,Instagram
WIOL4673,mckenziet550,yostb851,Mon Jul 14 18:47:05 EDT 2014,Snapchat
XMFC3035,mayertn55,rowej491,Sun Jul 14 04:39:26 EDT 2013,Telegram
XCUO2904,okunevab203,boylef681,Sat Dec 20 10:31:48 EST 2014,Facebook
NUMI6168,kutchc725,collinsn172,Sun Mar 21 21:12:02 EDT 2021,WhatsApp
KPNS6734,wuckerth713,walkerg102,Tue Sep 27 19:01:04 EDT 2016,Discord
FUGW3984,keelingl165,kuhicf467,Mon Feb 24 11:06:13 EST 2014,YouTube
LGHM7910,conng602,effertzb409,Wed Jan 25 15:23:48 EST 2023,YouTube
EWAP6608,morissettel225,swiftr469,Wed Jan 04 22:52:03 EST 2017,YouTube
RXZO0024,bogand913,torpd40,Sun Oct 27 01:15:40 EDT 2013,Discord
EFZP9527,blocks442,hessele895,Tue Oct 11 23:23:10 EDT 2022,Discord
AFEC5892,tremblaya866,jaskolskib260,Mon Apr 18 18:06:45 EDT 2016,Twitter
YJAV6580,hilllw265,bernhardm803,Tue Jan 16 06:48:29 EST 2018,Facebook
FBDO2777,bogisichs379,trantows848,Thu Oct 05 21:28:20 EDT 2017,Facebook
XUUX9512,raynorb505,carrolll585,Thu Apr 18 19:20:10 EDT 2019,WeChat
JYAU9513,kassulked287,gleichnera819,Wed Nov 25 16:07:13 EST 2020,LinkedIn
PQAC7295,pauceki405,russelc130,Wed Mar 25 11:49:40 EDT 2020,WeChat
TPGR9567,blickm228,wuckertj101,Fri Sep 03 21:14:15 EDT 2021,Instagram
NNHD2199,mayertn55,hermistont81,Thu Feb 03 10:26:41 EST 2022,TikTok
CEDA0359,stromans829,ortizb243,Wed Oct 16 17:35:51 EDT 2019,LinkedIn
MLFI6466,schmidtc512,langl708,Wed Feb 19 06:29:33 EST 2020,WeChat
DZEF8987,blandah56,medhurstt198,Thu Dec 19 10:20:31 EST 2013,Reddit
KFOO3491,reillyc522,hegmannv322,Tue Dec 31 01:53:07 EST 2013,Facebook
YXYR4657,ritchieg296,grahamd103,Wed Jul 26 04:35:43 EDT 2017,Snapchat
JQVZ7330,o'haras271,howel319,Tue Mar 19 20:31:58 EDT 2019,Twitter
QGQJ6755,durgane817,orne587,Sun Apr 29 15:40:45 EDT 2018,Discord
TQVP8407,murphyl200,mayery3,Thu Mar 02 08:59:33 EST 2023,Reddit
RZXA9827,robertsd848,crooksf495,Mon Aug 12 10:37:23 EDT 2019,Twitter
WIWH4341,pfannerstilll146,johnstonj138,Thu Nov 19 23:31:19 EST 2020,TikTok
PDZX5173,bauchg254,emardb977,Thu Mar 29 08:28:33 EDT 2018,TikTok
LEGA0706,bartonc699,padberge871,Sun Jan 26 11:29:15 EST 2014,Instagram
NTCU9611,wuckerta746,hudsong411,Mon May 11 02:12:54 EDT 2020,Facebook
BQEU3695,mckenziea733,abshirel419,Tue May 25 19:01:39 EDT 2021,Discord
SEFQ1383,kingk507,terryt7,Sat May 23 17:41:02 EDT 2015,Reddit
XYYA8722,lebsackd108,bodef336,Mon Aug 28 20:29:32 EDT 2017,YouTube
NOFA3189,larking153,gottliebr912,Mon Aug 04 02:02:55 EDT 2014,Pintrest
AGXW7737,jerdew564,kundem698,Fri Apr 25 07:32:10 EDT 2014,YouTube
CNJR6094,bayerb34,stromanc418,Sun May 04 01:01:42 EDT 2014,WeChat
FFEA9557,douglasi835,champlint638,Fri Feb 24 15:30:00 EST 2023,Instagram
XQPC8425,sporerc969,strosint640,Mon Jan 11 17:49:36 EST 2021,WhatsApp
IGCG4434,satterfieldn269,watersm293,Thu Apr 30 06:04:01 EDT 2020,Snapchat
ZRGH1519,schultzs218,lowee126,Mon Mar 29 11:44:15 EDT 2021,Instagram
PTJH8080,stamml824,ernsera448,Mon Jun 12 17:22:43 EDT 2023,Telegram
JTJG0917,koche569,boylel851,Wed Jan 25 02:35:56 EST 2017,WeChat
WSFI8972,denesike672,kuhlmanj382,Mon Nov 17 20:41:34 EST 2014,Reddit
XJWX7255,nolane165,nienowa465,Tue Feb 11 18:49:45 EST 2020,Pintrest
IJFQ1041,kossk471,pfefferm314,Sat Oct 15 09:27:10 EDT 2022,YouTube
NIGP2568,stoltenbergl385,gleichnerr239,Mon May 23 12:29:02 EDT 2022,Reddit
BIOE1159,conroys68,shieldsa738,Tue Apr 04 22:27:42 EDT 2023,WeChat
HCNK8873,bechtelare148,abernathys347,Thu Apr 07 07:15:55 EDT 2022,Snapchat
URTQ7977,bartona577,harveya917,Sun May 28 03:48:36 EDT 2023,WeChat
JUKP9650,hanee70,hayese50,Fri Mar 14 08:19:35 EDT 2014,YouTube
KQIZ0315,kuhlmanc564,stoltenbergr547,Sat Jul 27 11:47:36 EDT 2013,Telegram
KEJT8710,leuschkel257,gerholda211,Sat Sep 19 15:18:08 EDT 2015,Facebook
OKZQ2087,framia586,stantonj806,Thu Mar 21 15:07:45 EDT 2019,LinkedIn
POJA0451,buckridgea733,wiegandf336,Thu Jun 16 01:36:21 EDT 2022,TikTok
ZKGZ6962,streichc287,schultza808,Mon May 11 17:57:23 EDT 2020,WeChat
KFEN9930,rempels437,nienowk422,Fri Feb 07 16:10:44 EST 2020,Twitter
SVWT8634,daniely644,goyettek571,Sat Oct 31 11:39:42 EDT 2020,Pintrest
WMNA5848,beahane83,fritschd511,Tue Aug 31 03:58:07 EDT 2021,Instagram
WDZC8533,satterfieldd337,balistrerih524,Fri Oct 12 23:56:03 EDT 2018,Reddit
TQSV4975,borerb99,strosine289,Tue Aug 04 08:20:15 EDT 2020,Twitter
HTWE9350,greenc776,reillym807,Thu Jan 05 04:40:43 EST 2023,Reddit
ASHA7769,hartmannt131,pourosr959,Sat May 05 23:12:58 EDT 2018,Twitch
EBDD1674,schinnerc900,schimmelf713,Sun Sep 12 19:10:40 EDT 2021,Twitch
ZQTL6112,robertsl408,bartolettil363,Wed Jul 24 14:53:41 EDT 2013,Instagram
FNVP5116,hintzj517,schambergery661,Sat Nov 05 15:16:34 EDT 2022,TikTok
YEHF0433,gutmannc704,ziemannc278,Fri Apr 08 02:44:32 EDT 2016,YouTube
NYQX4471,powlowskib869,quitzonh482,Sun Oct 17 12:46:34 EDT 2021,YouTube
DSFR9505,ziemed856,manne180,Wed Oct 10 11:42:32 EDT 2018,Twitter
NWAE2649,bednarq274,bechtelaro632,Sun Jan 28 11:42:17 EST 2018,Instagram
HNGI2121,corkerys746,weberj952,Fri Feb 07 15:39:41 EST 2020,LinkedIn
EFAV4532,weberr592,predovicb131,Thu Sep 22 19:19:31 EDT 2022,LinkedIn
UTPY5133,rolfsona486,tremblaye211,Wed Jan 17 18:47:25 EST 2018,Telegram
NYRM2026,sauerm909,goodwinc757,Sun Nov 29 23:23:48 EST 2020,YouTube
EUPR9272,schuppej408,dietricha442,Tue Oct 03 08:17:24 EDT 2017,TikTok
WUEZ3808,metzc806,reillyb53,Sat Aug 02 23:16:29 EDT 2014,YouTube
FUBV0506,kunzed907,haaga652,Tue Jan 28 00:13:05 EST 2020,LinkedIn
MZIG8649,franeckim485,wuckerts348,Mon Jul 20 12:05:23 EDT 2020,Pintrest
SRET0872,ullrichw26,jacobsons337,Mon Aug 28 06:46:59 EDT 2017,Telegram
YGNA2247,strosind250,torphyw834,Mon Oct 16 07:06:19 EDT 2017,Telegram
YFAN6159,framiw764,carrolll262,Sun Sep 29 05:38:24 EDT 2019,YouTube
DJUW9011,schultzr101,ortizt568,Sun Nov 29 15:02:33 EST 2020,LinkedIn
OJRE8369,kihnf661,lakins233,Sat Mar 14 15:04:05 EDT 2020,Twitter
YIJN8545,ernserj949,kulask535,Mon Jul 27 12:20:09 EDT 2015,Twitch
EASE3382,rodriguezg468,willmse932,Sun Aug 19 04:15:54 EDT 2018,WhatsApp
ZNMX1281,hackettr122,conroyg286,Sun Apr 13 17:05:57 EDT 2014,Pintrest
AFVW0189,leuschker355,kirlint899,Fri Apr 22 11:48:29 EDT 2022,YouTube
KFSP7810,jaskolskia29,buckridger506,Tue Jul 28 11:41:04 EDT 2015,WeChat
RXZF1983,bergstromg265,altenwerthf958,Fri Apr 25 12:03:06 EDT 2014,Telegram
YKZO2524,blandah56,homenickj634,Tue Jun 16 23:38:32 EDT 2020,Reddit
VFGZ2316,bernierr391,macejkovich809,Thu Feb 16 13:20:21 EST 2023,Twitter
XYCT5568,ryane516,stoltenbergd248,Fri Aug 08 04:26:48 EDT 2014,Instagram
AUWW8993,ratkej118,barrowsr415,Mon Jan 31 23:13:57 EST 2022,TikTok
JWBM8870,vandervortk695,walshh100,Tue Sep 27 06:59:13 EDT 2022,LinkedIn
RXHX0340,zulaufs474,o'keefel102,Wed Apr 03 17:53:13 EDT 2019,Twitch
EVEI6992,kirlinc959,ritchieg99,Tue Aug 17 10:04:40 EDT 2021,Twitter
OMSR5665,schinnerc900,hermannt763,Thu Jul 30 07:50:00 EDT 2015,Twitter
YBJE2001,cummingsd781,johnsn484,Sat Jul 07 11:43:56 EDT 2018,Instagram
DUKC6054,okunevab512,starkm455,Sat Sep 25 20:24:02 EDT 2021,LinkedIn
CTBR1030,beerf126,runolfssonk240,Thu Apr 27 22:51:15 EDT 2023,LinkedIn
HTOI8787,rempels770,wardr847,Sat Aug 31 05:23:09 EDT 2019,Reddit
LLCN7952,kubt478,cummeratac853,Sun Feb 14 18:50:19 EST 2021,TikTok
RUQY1288,feeneyc799,mcdermottd631,Sat Jun 06 20:00:53 EDT 2015,Pintrest
AXQC3584,cristj817,morarm723,Tue May 20 20:44:37 EDT 2014,YouTube
ZKET0865,andersonb119,gerholdi153,Sat Nov 13 00:16:06 EST 2021,LinkedIn
IQKV9431,littleg740,kihnk890,Mon Jul 20 00:32:06 EDT 2020,TikTok
BUDM6826,boehmr932,feestv962,Sun Dec 15 17:18:44 EST 2013,YouTube
LZRY8055,hermannj672,trantowr478,Fri Jul 15 23:14:35 EDT 2022,Snapchat
RHAH9473,homenickc190,rempela846,Wed Oct 07 04:22:28 EDT 2015,WhatsApp
ZERC1575,koelpinl759,gorczanye35,Sun Sep 08 05:38:42 EDT 2013,Facebook
NOJR4582,moorem387,quitzona878,Tue Jul 26 13:07:48 EDT 2016,Twitch
AOAO4604,daref972,larsone644,Mon Mar 07 12:15:28 EST 2022,Twitch
SQCW0537,huelm945,ziemew68,Sun Feb 05 07:41:51 EST 2023,Snapchat
RPAB5230,lakint410,andersonb384,Tue May 19 22:04:47 EDT 2020,YouTube
YJKT5008,hammesb843,padbergk362,Wed Oct 08 22:42:37 EDT 2014,WeChat
VEFZ0932,greenholtj27,beerc221,Sat Jun 25 20:15:31 EDT 2022,YouTube
LUDX8696,powlowskih60,franeckid542,Sun Nov 06 07:30:36 EST 2016,Pintrest
KPRB7010,casperb686,corwina905,Tue Dec 29 20:58:00 EST 2015,Snapchat
DQFQ6827,kohlere960,shanahanm152,Fri Jan 21 22:01:34 EST 2022,Facebook
VZAE7047,leschf946,herzogg614,Mon Apr 25 05:58:47 EDT 2022,LinkedIn
LVXS4111,predovics896,kulash520,Wed Mar 23 18:09:19 EDT 2022,Facebook
SFSQ3117,schoenm914,huele623,Sun Jul 07 03:20:58 EDT 2019,Instagram
CLBR0165,mitchellc571,purdyw648,Thu Feb 22 19:28:49 EST 2018,Reddit
JVOX8502,bartolettii294,stammm148,Sun Aug 18 19:44:32 EDT 2019,Pintrest
VWOW4488,douglasj896,kohlert483,Wed Nov 12 21:26:17 EST 2014,Instagram
CSDB6260,dibbertw934,mayertt800,Tue Jun 09 02:44:25 EDT 2020,LinkedIn
DSTB8049,carrollw78,connellyo694,Wed Mar 01 20:15:34 EST 2023,Telegram
AKRQ8476,hamills644,gleasonr379,Mon Jul 19 19:19:29 EDT 2021,LinkedIn
LLPA8628,hansena145,stiedemannm489,Thu Nov 22 06:45:46 EST 2018,LinkedIn
NQTR1887,dachk799,barrowsc441,Wed Nov 25 14:05:03 EST 2020,WeChat
DEVE3388,effertzb409,creminw352,Tue Nov 05 16:00:17 EST 2013,Discord
QRPH8142,corkeryt100,wills111,Tue Jul 12 20:38:14 EDT 2016,Facebook
NBIO0266,sawayns601,krisa567,Sat Mar 21 15:22:21 EDT 2015,YouTube
PAFD2627,turcotter690,hartmannd590,Tue Nov 03 07:02:23 EST 2015,TikTok
CQSE7296,davisg962,bahringerr384,Thu Nov 27 15:43:07 EST 2014,WhatsApp
DCGY5571,stromand735,wymanl190,Sun Nov 27 04:56:20 EST 2022,Facebook
IHSY6168,bogisichr41,rippinl266,Sun Jul 27 01:34:29 EDT 2014,LinkedIn
TMLA7616,o'harac201,bartonl243,Sat Jan 25 12:45:06 EST 2020,TikTok
JGYC5011,lednero343,wests226,Sat Feb 12 13:23:11 EST 2022,Snapchat
BLIF7470,o'konn275,o'kony142,Thu Oct 21 10:31:08 EDT 2021,YouTube
MEUE9393,willmso433,rodriguezg468,Mon Apr 08 14:41:00 EDT 2019,Snapchat
JIUA9360,hahnc223,schuppej408,Wed Jul 14 20:59:14 EDT 2021,LinkedIn
RSRQ2903,kutchb46,keelingb160,Tue May 30 13:52:07 EDT 2023,Snapchat
TXHS8515,donnellys934,krisg285,Sun Mar 08 06:39:55 EDT 2020,Instagram
HLFU6569,abbottb41,volkmanm867,Sun Feb 09 15:32:47 EST 2014,YouTube
GUWH3631,o'reillyj17,waelchic912,Sat Jun 23 00:44:11 EDT 2018,Pintrest
JZGG8525,mclaughlinl109,handc758,Tue Nov 10 10:55:55 EST 2020,YouTube
OKYL6176,osinskij416,grahamj223,Thu Jan 02 02:10:09 EST 2014,Twitter
ILPD9738,mertzg630,wymand687,Wed Sep 05 09:29:47 EDT 2018,Telegram
UMBG1307,krajcikv552,robelm980,Sat Apr 18 19:08:35 EDT 2015,Instagram
YSEG9404,creminj478,walkerj752,Fri Jul 07 05:11:00 EDT 2023,Pintrest
EAIS4234,framig598,wymand179,Sat Nov 16 21:10:01 EST 2019,WhatsApp
OLXP9465,reillyc913,konopelskis761,Fri Feb 05 17:32:05 EST 2016,WhatsApp
EFAJ6519,mosciskim847,lebsacka327,Sat Jan 04 02:44:48 EST 2014,Pintrest
CYTK5844,wintheiserc579,schneiders457,Sat Mar 12 08:13:29 EST 2016,Telegram
LJUO1042,haagc245,schuppes518,Wed Feb 08 16:49:29 EST 2023,TikTok
GEWG0429,feilm429,mckenzied35,Tue Jun 20 11:30:16 EDT 2017,LinkedIn
TAAV6177,douglasb878,mrazl582,Sun Nov 06 00:23:20 EDT 2022,Twitch
TQRT7370,swiftj23,trantowc503,Fri Sep 24 23:48:58 EDT 2021,WeChat
GKGT4945,paucekc601,lednerw319,Fri Jul 19 16:13:23 EDT 2013,WhatsApp
MFEU0260,doylet645,rempelr643,Tue Jun 02 08:11:18 EDT 2015,Pintrest
OXQU1314,marvine466,rodriguezm359,Mon Sep 02 06:44:47 EDT 2013,LinkedIn
DJQF2064,runolfssons748,beerd740,Fri Mar 04 06:29:16 EST 2016,Twitch
VUAG1220,gusikowskig908,connellym642,Sat May 07 14:44:20 EDT 2022,WhatsApp
UOCP1038,bednarb884,reichertc701,Tue Dec 16 09:28:52 EST 2014,LinkedIn
MZLY3732,deckowp62,terrym471,Tue Jun 27 08:32:34 EDT 2023,Instagram
DOFZ7488,lockmant631,harrish378,Wed Apr 29 22:52:20 EDT 2020,WeChat
UCBJ1731,keelingg844,wolft529,Wed Jul 11 10:10:57 EDT 2018,YouTube
WUYN0923,hartmannc940,hudsone733,Mon Jul 01 12:21:45 EDT 2019,WeChat
GSIB1599,bartonl84,nitzsched402,Sat Oct 01 04:10:55 EDT 2016,Pintrest
YKEB0336,kutche456,aufderhara910,Sat Aug 22 15:28:42 EDT 2015,Discord
XYPG8253,cronaa656,dooleym846,Mon Aug 28 08:13:02 EDT 2017,TikTok
SFOC4831,larking153,corwing191,Sun Dec 19 07:26:24 EST 2021,TikTok
XZIG8018,schroederr943,watsicak312,Wed Jan 17 07:38:34 EST 2018,Pintrest
MJSD5010,labadiem711,dietrichj491,Fri Jan 29 23:57:02 EST 2016,YouTube
DDLN6281,reillyl973,ernsera448,Tue May 19 11:05:29 EDT 2015,LinkedIn
LQRY6716,trompr91,swiftj430,Wed Aug 12 12:10:52 EDT 2020,Reddit
FASY2557,ankundingl169,nicolase172,Thu Nov 30 07:14:15 EST 2017,WhatsApp
QKSK8514,osinskia187,walkerg306,Tue Mar 28 10:41:53 EDT 2023,Discord
DXTH0635,watsicaf341,dietrichl579,Mon Apr 22 19:12:15 EDT 2019,Instagram
XASM0613,cartwrightf709,beckerm69,Thu Jun 04 11:11:44 EDT 2020,Twitter
IWJT5948,swiftj922,johnsa576,Thu Jan 09 19:14:30 EST 2014,LinkedIn
FTJP1411,binsh305,walshh100,Fri Apr 15 05:59:56 EDT 2022,YouTube
PVPY2269,prohaskac607,daviss523,Mon Jun 15 03:43:32 EDT 2015,Instagram
ATEC0456,kovacekn433,rosenbaumt545,Sun May 15 06:40:43 EDT 2022,YouTube
BLJB7943,rippink48,haagj457,Thu Feb 16 02:54:35 EST 2023,WeChat
LTJC9926,ortizk348,macejkovica793,Sat Nov 16 02:32:44 EST 2013,Instagram
IHAE6203,kunzem828,kuvalism232,Thu Sep 24 22:35:55 EDT 2020,Telegram
HQPM3854,blockt359,goldnerf54,Fri Nov 22 22:40:16 EST 2013,YouTube
RAGO6215,wittingn435,lescht678,Mon Jun 26 08:09:15 EDT 2023,Telegram
UWHX4739,morari191,hande366,Sat Oct 15 15:36:56 EDT 2016,LinkedIn
HYWT2770,daughertym667,haleya10,Tue Oct 16 17:19:09 EDT 2018,Instagram
XCTW8053,adamsl555,webere642,Thu Oct 29 19:18:50 EDT 2020,WhatsApp
MFYO0555,gutmannp905,mrazn725,Sun Oct 26 10:33:07 EDT 2014,YouTube
WYRZ0783,dickensi239,feilk686,Thu May 08 12:41:31 EDT 2014,Twitch
CCGP4862,d'amorec890,barrowsc365,Sun Jun 02 08:20:22 EDT 2019,Twitter
VYSK9921,kuhlmani556,maggior333,Sun Jul 14 18:59:45 EDT 2019,WeChat
FKGG4794,bechtelarj109,kautzerl158,Wed May 25 18:47:20 EDT 2016,YouTube
ERWC8405,corwing191,quitzont311,Fri Mar 13 17:38:13 EDT 2015,Reddit
ZIPD8469,purdyj193,maggior333,Wed Apr 24 11:45:14 EDT 2019,Snapchat
QYIP6485,binsf472,steuberl21,Thu Apr 24 18:28:51 EDT 2014,LinkedIn
XGEU3852,hande366,spinkal717,Sat Feb 11 01:49:32 EST 2023,Instagram
LWAL9705,kihnm569,fadelb261,Thu Aug 01 19:43:04 EDT 2019,Reddit
OEXA9433,jonesk110,ritchiej900,Sat Aug 09 02:45:48 EDT 2014,Twitter
RFMS7847,harveye718,greenw624,Mon Dec 19 12:37:37 EST 2022,Twitch
NXME8799,sporerc969,corwinj204,Sun Apr 27 21:02:47 EDT 2014,Instagram
RVHO0622,rohanb49,kuhlmanj729,Thu May 25 19:56:35 EDT 2017,Instagram
GHTX9668,moenw954,beattyb117,Sat Sep 26 04:27:42 EDT 2020,WeChat
MVWC9386,koepph360,kutchj794,Thu Jul 25 08:25:42 EDT 2013,YouTube
AHSG0880,gleichnerb676,bradtkec367,Wed Nov 27 18:09:11 EST 2019,Pintrest
YYMA3321,parkerk583,strosine469,Mon Jul 05 07:17:04 EDT 2021,Pintrest
BFKB0268,framid459,walkerl243,Sun Dec 29 10:34:42 EST 2013,TikTok
RJLA0463,koelpind356,douglasw75,Tue Jun 11 03:57:19 EDT 2019,Reddit
KXWC0720,faheyn616,gibsont359,Sat Apr 15 16:26:07 EDT 2023,Twitter
ZKNR1222,maggioe252,willmso789,Sat Sep 11 11:27:22 EDT 2021,Discord
QHFH9447,creminj478,macejkovicr126,Fri Oct 13 18:31:14 EDT 2017,Instagram
SWRF5219,osinskia731,willj191,Fri Jun 26 16:09:25 EDT 2015,Snapchat
EQMB8992,mayertr98,gutmannb84,Sat May 06 18:15:15 EDT 2017,Facebook
BTBD3063,turcotted389,conroye497,Fri May 27 03:43:41 EDT 2016,YouTube
TUAE7122,cummingsr118,ratkej118,Tue Oct 27 21:23:14 EDT 2020,WhatsApp
TKSE9933,erdmana418,harrisd939,Sat May 27 04:50:10 EDT 2017,WhatsApp
YVNA6940,howep287,gibsont702,Tue Oct 12 13:26:10 EDT 2021,WeChat
ZJRN1947,effertzm801,schaeferl201,Sun Oct 02 21:05:37 EDT 2022,Snapchat
OJZA1641,connellyo694,willmsj292,Tue Jun 10 01:52:47 EDT 2014,Twitch
GKUX2289,vonruedenb22,schambergery661,Thu Sep 12 18:20:16 EDT 2019,Twitch
WEMN5332,kiehnc389,prosaccok299,Tue May 01 05:27:57 EDT 2018,Discord
ZFAE0992,tremblaym238,flatleys774,Wed Aug 03 22:44:00 EDT 2022,YouTube
NTLF1024,fadela913,farrellb238,Fri May 31 11:10:23 EDT 2019,TikTok
HMWD1325,lescht326,sipesr399,Mon Apr 07 20:24:35 EDT 2014,Discord
TSUZ6119,connm375,schinnerc975,Fri Apr 11 03:44:05 EDT 2014,LinkedIn
TXKH8381,brakuse887,danielt312,Tue May 17 20:08:48 EDT 2022,TikTok
KHGK7191,kovacekm438,ernserb905,Sun Dec 17 18:50:25 EST 2017,WhatsApp
QJZX9023,reynoldsw978,schulisty279,Thu Nov 24 03:16:00 EST 2022,TikTok
YQCX6042,batza847,harrism357,Sat Apr 18 05:58:42 EDT 2020,Pintrest
GAOE4336,hahnt877,metzs614,Thu Oct 15 11:09:21 EDT 2020,WhatsApp
IIPF7986,auers848,voni318,Wed Oct 11 06:00:31 EDT 2017,Twitter
VMYK1513,kundem698,kubl354,Thu Jun 08 08:56:19 EDT 2023,LinkedIn
LLOO3090,baileyc917,mckenziet357,Fri Sep 27 17:46:23 EDT 2019,Snapchat
WILC7214,bauchh663,faheyn616,Sun Sep 27 10:15:41 EDT 2015,WeChat
HEMQ7949,harberr549,funkm589,Wed Dec 29 23:10:09 EST 2021,Twitch
BUCQ1323,jonesd518,rolfsond405,Mon Jul 06 07:17:25 EDT 2015,YouTube
YOBP9727,kuhnn410,ziemej98,Wed May 29 02:22:53 EDT 2019,LinkedIn
SZFW5612,gibsonk107,rodriguezg468,Mon Jun 20 16:36:59 EDT 2022,Instagram
GMQQ6167,daughertys392,rosenbaumc452,Sun Oct 13 19:19:53 EDT 2019,Discord
UZTG2239,mcclurer632,skilesm741,Sun May 21 07:37:13 EDT 2017,Snapchat
ZFOS3060,gleichnera819,kleinc924,Tue Sep 23 15:34:42 EDT 2014,Facebook
IPBU3687,hackettj627,lemkej621,Tue Oct 12 16:58:35 EDT 2021,Twitter
OKEM3983,gerholdj142,kemmerg967,Sun Feb 02 17:43:16 EST 2014,WeChat
EWOB2786,greenw624,beahang967,Wed Feb 28 10:04:02 EST 2018,Instagram
XTIC4657,barrowsr415,gerholdc729,Tue Jan 15 01:02:42 EST 2019,YouTube
DNLI8995,waelchic554,binsj440,Sat Jun 04 09:51:47 EDT 2016,WhatsApp
SPBQ8505,boylew96,denesike672,Thu Jul 30 16:00:13 EDT 2020,Telegram
MAZN8727,beckerh724,torpd40,Wed Oct 26 10:08:43 EDT 2016,WhatsApp
YFWX7584,rohanc670,stehrj169,Tue Mar 07 17:58:28 EST 2023,LinkedIn
SSBX2399,wilkinsond261,grahamr495,Mon Mar 22 23:05:46 EDT 2021,Instagram
YXTN9776,goyettek571,champlino777,Sat Aug 26 17:32:59 EDT 2017,Telegram
BOTF4719,hahnj786,harveys503,Wed Feb 14 09:32:26 EST 2018,Twitch
YUNO6528,wests226,leuschker167,Thu Jun 21 16:19:10 EDT 2018,Facebook
OKGY4827,heathcoted399,gulgowskim637,Mon Jun 23 21:25:20 EDT 2014,Twitch
PNST6447,kuhlmans394,wehnerc124,Thu Jan 19 22:44:13 EST 2023,Telegram
IYEP3002,handb249,feila293,Tue Jan 07 04:10:54 EST 2020,WhatsApp
AXVU1815,beahanb745,colem443,Tue Apr 10 13:09:54 EDT 2018,WhatsApp
MPNK6423,lakinh185,gerholdo62,Tue Mar 11 07:01:59 EDT 2014,Discord
QAAY6590,o'keefet574,champlinc489,Thu Sep 14 17:13:51 EDT 2017,Twitter
OKEO4992,emmerichf72,farrella101,Sun Dec 22 00:58:30 EST 2013,Twitch
JOCT3102,russele498,hacketta128,Thu Apr 02 09:01:15 EDT 2015,Discord
LXQJ1674,reillya159,bartonc112,Wed Mar 02 20:59:01 EST 2022,Snapchat
LSPQ6984,bergnaumm37,brownw449,Sun Aug 22 19:07:11 EDT 2021,Twitter
AAVJ0010,kiehnb328,sipesd126,Tue Jun 05 21:27:58 EDT 2018,Facebook
GAMF4211,romagueraj343,jerdeh17,Sun Feb 28 18:56:20 EST 2016,Snapchat
JSBQ3279,nolanm504,connellyh338,Sun Jun 03 20:08:45 EDT 2018,Pintrest
HXTC6571,hicklep943,monahanv8,Thu Jun 13 15:48:08 EDT 2019,WhatsApp
IEKK5617,pricej8,hanem272,Thu Jan 30 03:34:22 EST 2020,Instagram
URBU8916,reichertl687,gutmanna491,Mon Feb 15 03:54:26 EST 2016,LinkedIn
JYPB7219,hacketta128,jakubowskil185,Fri Sep 29 08:20:17 EDT 2017,Facebook
APLL5278,metzf476,turnerl522,Sun Dec 31 04:54:33 EST 2017,Twitter
TOBS1588,swaniawskik653,muellers202,Sun Jan 29 22:07:33 EST 2017,Twitch
YKRS1975,murphyl200,cronino219,Fri Jan 01 03:16:03 EST 2016,Facebook
YABZ0319,cristm242,beckerb28,Fri Jun 06 00:35:49 EDT 2014,Snapchat
LGZL0097,schumms486,pricef218,Sat Jun 29 21:37:17 EDT 2019,LinkedIn
BMSW1540,beattye640,wilkinsonb327,Sun Jan 29 22:33:51 EST 2023,Twitter
LKYD7152,veumc857,hillst147,Fri Mar 22 12:29:43 EDT 2019,Snapchat
AJIJ7627,metzf828,rosenbaumy270,Fri Feb 14 18:09:06 EST 2020,Instagram
BTKQ4407,effertzv189,mayerl658,Sun Oct 28 09:50:26 EDT 2018,Facebook
LDXD7812,greenholtt154,boehmc932,Wed Oct 23 02:15:49 EDT 2019,LinkedIn
JXSX3600,barrowst254,osinskit868,Fri Nov 24 05:26:27 EST 2017,Instagram
HIHY6203,nienowa200,considineb366,Fri Dec 04 14:55:57 EST 2020,Discord
VOYQ6563,ziemej943,croninc325,Tue Sep 15 00:40:25 EDT 2015,WeChat
COAM8279,bauchj533,emmerichl410,Thu Jul 23 04:09:24 EDT 2020,YouTube
HGAJ5664,feeneyn505,pfannerstilla89,Mon Jan 25 13:21:14 EST 2016,Reddit
VRKR6715,bartella445,beckerb28,Mon Feb 14 03:33:26 EST 2022,LinkedIn
VADH9224,kundem698,wehnera375,Fri Aug 03 01:57:07 EDT 2018,Reddit
RWBN5278,lindd823,deckowp62,Sun Aug 27 18:35:52 EDT 2017,Twitter
YEQR8666,legrosk594,kirlint899,Fri Aug 26 10:24:47 EDT 2022,Pintrest
JBSS1893,wisozkr969,denesike672,Sun May 01 15:47:56 EDT 2022,Snapchat
OVFU2730,schinnerc900,wizar781,Thu Jun 30 04:07:35 EDT 2022,YouTube
OVNH8659,huelm834,hermane230,Mon Oct 17 05:49:24 EDT 2016,WhatsApp
RLPE2705,klockom771,trompr91,Mon Sep 02 21:09:14 EDT 2013,WhatsApp
DZYA2882,doylem369,reichelp106,Thu Nov 24 07:59:35 EST 2016,Snapchat
LUGO8998,nicolasc866,marksj557,Fri Oct 13 09:31:02 EDT 2017,WeChat
QZZE4611,farrella101,hillld235,Mon Jul 29 08:46:24 EDT 2013,LinkedIn
KRKF8278,toym39,schowalterb187,Fri Jul 06 14:01:25 EDT 2018,WeChat
RWXA9206,tremblaya866,schambergerj347,Tue Oct 11 17:51:44 EDT 2016,Pintrest
DMKG9376,wehnerp466,kovacekn433,Mon Mar 18 11:24:51 EDT 2019,TikTok
QNOM4226,harveys503,bernierm203,Sun Jan 18 11:49:50 EST 2015,TikTok
JAQF1790,kirlins857,brekket545,Sun Jul 29 02:01:58 EDT 2018,WhatsApp
JIXF4585,reillyv760,gislasonc28,Wed Oct 12 21:06:28 EDT 2016,Reddit
AFTU9288,fayl107,collierd474,Thu Nov 22 02:51:21 EST 2018,Facebook
DWSG7777,handj657,quitzonh482,Wed May 04 04:27:27 EDT 2016,WeChat
AXST9465,hellerm956,mohrs366,Sat Jun 23 13:02:39 EDT 2018,WeChat
LSHS5035,faheym698,wildermane351,Sat Feb 05 03:09:11 EST 2022,TikTok
CYBY7663,krish879,blandah56,Fri Apr 26 21:16:29 EDT 2019,WhatsApp
TYFI5760,hoegern900,hermannd559,Mon Jul 09 18:12:40 EDT 2018,Instagram
MBAO7736,kesslerc400,purdyc902,Sat Apr 06 02:15:53 EDT 2019,Pintrest
NCVV8291,daughertyd309,starkm455,Tue Dec 20 18:53:40 EST 2022,Twitter
ELWD8918,littelw266,walterr226,Fri Mar 12 17:58:48 EST 2021,Twitch
YECR2815,veumn603,conni220,Tue Apr 03 14:34:13 EDT 2018,Twitch
KUNG2305,hande366,rices433,Fri Apr 11 23:45:20 EDT 2014,TikTok
CURS1662,kautzerc760,grantr653,Sat Dec 05 16:34:04 EST 2020,LinkedIn
WUQG7540,schultzr101,runolfssonn925,Tue Sep 25 04:06:49 EDT 2018,WhatsApp
GZQT8081,kuhlmanj207,grahamd215,Tue Dec 22 18:50:54 EST 2015,Reddit
QGKP6091,schmidtn419,barrowsc365,Wed May 06 00:14:40 EDT 2015,Pintrest
HZBF2414,zboncaks787,hermannt763,Mon Dec 30 19:22:00 EST 2013,Twitter
ESTH9401,lindgrenc747,rogahno192,Sat Apr 24 19:41:17 EDT 2021,WhatsApp
DDXL0506,ankundingr22,trantowt753,Sun Oct 30 18:12:03 EDT 2022,LinkedIn
IADR3503,torpj17,murphyf471,Sat Jul 02 04:48:00 EDT 2022,Reddit
GTKE0626,smithamm110,pouross492,Tue Nov 08 07:36:40 EST 2022,Twitch
DMJK8201,bahringerj687,sporerw880,Mon Nov 23 03:38:49 EST 2020,Instagram
HGQM9029,parkerj608,pourose832,Wed Nov 16 02:23:06 EST 2016,TikTok
MXAR6952,lubowitzb31,mckenziet155,Fri Dec 13 08:36:36 EST 2019,Twitch
UYDY5138,hegmannm31,beahanh826,Wed Jun 19 00:15:35 EDT 2019,Telegram
GGHA7190,millerr461,gorczanyd323,Mon Feb 28 05:50:29 EST 2022,Facebook
SWOV2840,mertzr786,beckerh724,Wed Sep 14 18:57:14 EDT 2016,Discord
NKFS2400,walkerg306,baileye800,Wed Jul 17 23:49:11 EDT 2019,Facebook
DDAD7597,bartellw90,mayerte756,Thu May 19 10:46:09 EDT 2022,Facebook
SHZK0437,howel671,lindgreng734,Thu Sep 19 08:16:41 EDT 2013,Reddit
JXDN6396,kautzerh732,rennerw107,Wed Apr 13 12:14:59 EDT 2016,LinkedIn
UYAV3452,kossd570,stokesr311,Fri Jan 12 23:14:52 EST 2018,Pintrest
DXIY7546,pricec698,johnstonj138,Sun Apr 06 02:38:04 EDT 2014,Discord
IXHG1002,moorew357,kerlukec209,Sat Aug 26 19:12:53 EDT 2017,WhatsApp
ZPXS8525,bradtkec367,erdmanm295,Mon Nov 10 10:51:44 EST 2014,Telegram
BZWT3914,millse341,colec282,Wed Feb 08 06:42:30 EST 2017,Telegram
UWRZ1347,hyattd970,gibsont359,Fri Oct 15 10:43:39 EDT 2021,Pintrest
YPXK5214,gutkowskid564,walterj864,Thu May 10 11:11:03 EDT 2018,Facebook
EOTM7977,grahamd103,konopelskij231,Mon Jul 14 20:56:23 EDT 2014,Reddit
EJYP1868,kassulkee739,dibberta372,Tue Jun 08 05:55:49 EDT 2021,Reddit
BVGW1705,kuhnn410,bernierj653,Fri Jul 23 03:38:00 EDT 2021,Telegram
FIWB6748,brakust869,lynchr470,Wed May 08 04:36:38 EDT 2019,Telegram
LRDS1903,monahand501,feestd971,Wed Sep 30 10:39:38 EDT 2020,TikTok
TSGN0011,trompd373,hauckm376,Sat Jun 25 04:01:17 EDT 2022,WeChat
DHFI5947,metzs778,buckridger506,Thu Jul 21 06:52:47 EDT 2016,YouTube
QZFJ7990,hesselc863,kassulkej355,Mon Jul 14 17:53:16 EDT 2014,Snapchat
OEVA7896,larsonn384,schusters503,Tue Dec 30 19:02:57 EST 2014,Reddit
CKSO7748,binsf132,littlev824,Fri Mar 03 14:45:57 EST 2023,Snapchat
KILE5745,morissetteg972,o'harac201,Wed Jun 17 03:31:50 EDT 2015,Discord
RMVO5162,purdya431,bergstromg265,Tue May 09 17:29:25 EDT 2017,YouTube
HNZF2210,gottliebh625,ortizb374,Wed Jan 15 20:49:49 EST 2020,WeChat
CDDW7254,altenwerthl461,purdyb193,Wed Nov 26 18:06:08 EST 2014,Instagram
DWVL0022,kohlert483,johnsona85,Tue Dec 22 08:49:11 EST 2015,Telegram
XQHZ2000,gutkowskif529,strosind250,Mon Apr 15 12:24:18 EDT 2019,Instagram
GGDG7962,walkerl756,danield810,Mon Mar 08 09:52:33 EST 2021,YouTube
WKLD0965,rathd461,shieldsr673,Wed Jun 09 09:05:25 EDT 2021,LinkedIn
WTDP2989,ernserj949,olsonk197,Sat Jun 18 01:38:53 EDT 2022,YouTube
TYTM1267,greenfeldery60,hintzf854,Sun May 15 13:51:32 EDT 2022,YouTube
DQCK5874,powlowskii395,treutelm51,Wed Jul 05 20:12:21 EDT 2023,Pintrest
KPQK7276,ziemel463,jonesa945,Sun Apr 07 09:47:11 EDT 2019,YouTube
TURZ1665,wards815,collinsm832,Sat Nov 28 09:00:47 EST 2015,Discord
AOPN0409,koeppg814,schimmelf901,Tue Aug 11 14:51:00 EDT 2015,WhatsApp
PFLT9456,schowalteri179,metzr87,Sun Aug 08 08:06:54 EDT 2021,WhatsApp
NLSI4414,lindgrena413,dibberth459,Mon Apr 05 01:05:05 EDT 2021,Discord
OLUL4784,cartwrightm562,funkm953,Sat Dec 10 17:23:05 EST 2022,Snapchat
AKDV2737,gislasonc28,wildermane351,Sun Jun 20 15:01:00 EDT 2021,TikTok
MCVH1682,o'connerc418,wintheiserm298,Wed Dec 20 00:45:04 EST 2017,Instagram
ODPB8731,connb365,hellerd694,Sun Jul 02 15:21:20 EDT 2017,Discord
AAEI7231,harveyw576,schmittg525,Mon Feb 02 20:47:54 EST 2015,WhatsApp
ZFYM1651,wehnerp466,padberge871,Sat May 13 11:55:32 EDT 2017,Telegram
TWKX5065,maggiom69,nikolausm524,Sat Jun 26 14:07:01 EDT 2021,Reddit
JDRQ9758,krisn341,murphyv218,Thu Aug 18 02:07:11 EDT 2016,Pintrest
RWMQ1376,murphye857,hellera485,Wed Oct 07 14:52:18 EDT 2015,Telegram
HYYB3046,pollichk368,strackeg739,Tue Jan 24 14:37:18 EST 2023,Reddit
GIBC2430,rodriguezm359,ortizf483,Thu Apr 20 07:59:34 EDT 2023,Discord
QQJX1213,ritchier273,marksj557,Thu Jan 05 13:21:53 EST 2017,Telegram
QBGC7271,carrollb813,manns58,Thu May 09 08:28:16 EDT 2019,Telegram
PKUX8434,kutchk289,murphyi609,Wed Jul 24 00:11:05 EDT 2013,Facebook
NLWO5407,barrowsc441,bergep182,Tue Mar 11 13:37:44 EDT 2014,Twitter
FYXK7418,baileye891,quitzons260,Wed Jan 19 18:26:19 EST 2022,TikTok
VWFI1309,gradyb898,kilbackc516,Sat Apr 03 16:42:05 EDT 2021,Telegram
OBAE2426,fritschc695,rodriguezk550,Sun Mar 02 04:12:02 EST 2014,Twitch
RBBA4544,steubery568,waelchic661,Sat May 24 04:01:34 EDT 2014,Facebook
SSIW7459,cummingsr436,satterfieldn269,Fri Sep 05 19:55:17 EDT 2014,Twitch
LOKP2432,cummingsr436,rutherforda509,Mon May 04 02:45:06 EDT 2015,Reddit
PKFR2488,jerdes312,gerholdj142,Thu Feb 12 19:48:52 EST 2015,Reddit
DNAN9279,strosind250,hayesk812,Thu Jan 28 11:13:59 EST 2016,Telegram
TCTB5795,blandal216,danielt312,Wed Oct 17 17:54:28 EDT 2018,Discord
GXZE3116,binsf132,prosaccow920,Fri Jun 26 10:11:11 EDT 2020,Facebook
HIMC3465,pfannerstillm464,swaniawskil814,Fri Jul 22 19:59:02 EDT 2016,YouTube
GIPE6717,bauchj533,breitenbergg670,Tue Nov 27 23:38:16 EST 2018,Instagram
IQPJ4769,kshlerinc820,oberbrunnera141,Wed Dec 20 04:31:38 EST 2017,LinkedIn
SIZU3095,daviss523,reingeri728,Wed Aug 21 21:26:25 EDT 2013,Discord
BSIU6292,borers822,rosenbaumc452,Fri Jul 27 03:11:10 EDT 2018,Twitter
UGWF6928,dachc705,collinsa805,Sat Sep 05 06:13:47 EDT 2020,Snapchat
CXEC0805,johnstona137,steubern848,Sun Dec 15 02:51:09 EST 2019,Instagram
LYDU4786,rennert584,mclaughlinl109,Thu Aug 24 03:42:35 EDT 2017,LinkedIn
IFMS3420,vonruedenb58,rutherforda509,Tue Dec 11 10:55:48 EST 2018,Reddit
VMSQ6578,simonisb586,jakubowskit549,Sat Jun 28 06:42:59 EDT 2014,WeChat
KFEH0263,vonm912,walkerg102,Mon Aug 23 18:20:27 EDT 2021,YouTube
FAJH4117,keelingl696,abernathyl652,Tue Jun 16 23:42:48 EDT 2020,Twitter
FHEZ1292,rodriguezt933,gutkowskil893,Sun Jul 22 06:09:33 EDT 2018,Pintrest
TSVQ1645,gulgowskij41,brownk913,Tue Jul 24 03:37:30 EDT 2018,Twitch
VOYD7489,lebsackm364,spencert441,Mon Jan 19 02:51:21 EST 2015,YouTube
BBLA0603,zemlakl109,rempels937,Tue Aug 26 15:06:00 EDT 2014,Reddit
LYCH3628,jonesa945,schuppes518,Fri Sep 23 07:48:45 EDT 2016,Reddit
AVBT3519,farrelll202,wolfp243,Thu Dec 07 15:25:29 EST 2017,Reddit
YWIB3592,beahanb745,krisw851,Sat Jan 18 17:00:35 EST 2014,Twitter
GDPZ1553,auers848,sengere572,Tue Nov 24 16:57:57 EST 2020,Instagram
NYXG3477,williamsone924,daughertys392,Tue Sep 30 05:11:38 EDT 2014,Reddit
WBPG5458,christiansens716,treutels646,Mon Feb 22 10:58:42 EST 2021,Instagram
AGWN4362,hillse18,mcculloughm583,Mon Oct 21 23:52:38 EDT 2013,Reddit
SWLB8036,howec740,ondrickat667,Tue Mar 08 18:28:32 EST 2022,Snapchat
MDKH1607,littlem521,kiehnc389,Sat Nov 25 22:15:34 EST 2017,YouTube
ZLGT5185,quitzonk56,watersa578,Sun Sep 19 00:11:56 EDT 2021,Instagram
WJXZ4952,tremblaya866,rodriguezg468,Sun Feb 05 07:17:22 EST 2023,LinkedIn
ZSGJ6492,hackettc689,nitzscheg608,Fri Oct 23 09:56:49 EDT 2015,Telegram
KDPE4040,kerlukel383,casperr390,Thu Aug 01 15:35:12 EDT 2019,Twitter
YLCK7741,bednarb288,welchd721,Thu Sep 16 13:55:55 EDT 2021,YouTube
VQVL0776,abshired281,sporerv763,Wed Feb 22 03:51:57 EST 2017,Twitch
YPZF3023,pfannerstillc290,langoshv212,Fri Aug 28 01:36:11 EDT 2020,Facebook
PEJF2525,mckenziee713,windlerb399,Wed Oct 16 01:55:19 EDT 2019,Pintrest
CAAT2565,shanahans624,hermistont81,Wed Jun 10 12:25:30 EDT 2015,Telegram
HESF8732,gorczanym139,dooleym967,Thu Dec 23 23:07:20 EST 2021,YouTube
ECHM2238,nicolase172,d'amorec80,Fri Jan 16 00:42:48 EST 2015,Reddit
KJQD8135,dubuques579,trantowg633,Tue Oct 15 16:20:58 EDT 2013,Instagram
RQAZ9562,moorem612,sawayns406,Wed Jun 24 02:09:48 EDT 2020,YouTube
JHES3071,schadenl72,robelm980,Thu Mar 25 03:31:22 EDT 2021,WeChat
NQGY6984,jasta228,ziemej98,Thu Jun 24 16:18:05 EDT 2021,Twitch
SHZP1795,kunzer424,kuhlmanj382,Fri Feb 13 14:23:18 EST 2015,Reddit
CGDC6341,labadiem711,walkerd939,Tue Jun 06 22:24:42 EDT 2017,WeChat
TSKZ9794,mantes769,willmse514,Thu May 10 22:19:16 EDT 2018,WeChat
SLBL5807,pfefferm314,johnstonm240,Thu Sep 10 00:35:19 EDT 2015,WeChat
STMS5577,quitzons260,hacketta128,Tue Sep 08 18:08:45 EDT 2020,Snapchat
ZLYX3746,turcotted389,carrollm663,Wed Feb 19 20:47:43 EST 2014,Facebook
SAPU0016,marvind613,larkins7,Mon Jan 29 18:46:13 EST 2018,Twitch
MGBX2369,wehnerl445,sengerm102,Mon Dec 20 21:17:55 EST 2021,Snapchat
FJHR3980,hanej657,schuppej408,Wed Mar 18 00:07:35 EDT 2015,YouTube
WDII4909,connellyl685,hickled641,Sat Mar 28 14:53:29 EDT 2015,Twitch
AJZA0431,bashirianf745,pourosa257,Wed Sep 11 20:58:08 EDT 2019,WhatsApp
GMWU2663,rohanc63,auerb784,Wed Dec 23 17:59:00 EST 2020,Instagram
DQTH3714,abshirej284,jonesk110,Thu Aug 26 06:06:46 EDT 2021,Discord
BXHV5962,dachr94,satterfieldd337,Wed Jul 17 00:57:00 EDT 2013,Twitch
IFRZ5007,hegmannm31,skiless724,Sun Jun 11 14:20:29 EDT 2023,Instagram
XJRS8806,pricec698,schinnerd386,Tue Jun 06 22:11:18 EDT 2023,Snapchat
RGWO9338,koelpina396,wymand179,Tue Aug 10 08:25:53 EDT 2021,Telegram
TSCA3446,corkeryh331,feeneye347,Mon Apr 06 08:14:51 EDT 2020,Telegram
JBEH2118,treutelc672,luettgent790,Wed Nov 11 15:34:44 EST 2020,Twitch
RUUZ2691,greenholtg508,jerder592,Mon Nov 17 10:58:26 EST 2014,WeChat
ONLT3960,rolfsond405,orne587,Wed Jul 18 15:09:05 EDT 2018,LinkedIn
LXZB6391,friesenc665,starkr728,Fri Jun 16 16:55:14 EDT 2017,WeChat
BWHP1026,boehml568,hickler428,Mon Jan 16 10:34:46 EST 2023,Snapchat
YTUX3561,millerr391,luettgent790,Sat Jul 04 01:16:59 EDT 2020,Snapchat
BHOJ5915,jacobit321,torphyk64,Fri Oct 28 09:47:05 EDT 2022,Snapchat
GZTI1067,kossi489,litteld22,Tue Nov 18 17:26:11 EST 2014,Facebook
NMZX1821,jerdec788,franeckit751,Mon Mar 01 06:32:05 EST 2021,Discord
YZLW6369,zboncakt490,tillmanb433,Thu Oct 24 01:48:27 EDT 2019,Facebook
DRNV7096,cronam829,romaguerat895,Fri Jan 07 16:17:34 EST 2022,Discord
ROKM1308,dibbertm649,kesslery449,Sun Mar 08 12:02:02 EDT 2020,Reddit
GWNR9454,lueilwitze968,windlerb399,Mon Feb 27 16:03:42 EST 2017,Twitch
SJVI8104,gleasonc943,gerlacht494,Tue Oct 06 03:54:22 EDT 2015,Telegram
JESZ8164,kochd911,jacobsona969,Fri Jul 18 03:42:06 EDT 2014,WhatsApp
NSRW4390,spencerj934,o'reillyj47,Fri May 19 15:04:35 EDT 2017,Reddit
MSYV2201,stiedemannf373,faym403,Sun Oct 23 06:07:17 EDT 2016,Reddit
DMOW2127,klingm917,crooksk158,Sun Apr 24 07:59:38 EDT 2016,WeChat
FOQB1343,rogahnz172,paucekc182,Fri May 10 07:18:23 EDT 2019,Snapchat
BUYG3659,heidenreichm76,bechtelarr611,Tue Oct 08 14:11:36 EDT 2019,YouTube
UACH4766,kautzerj757,champlins635,Sun May 08 16:54:34 EDT 2022,WhatsApp
NNRB9790,hamillt168,walkerl243,Mon Jun 06 12:37:54 EDT 2022,Pintrest
RQPN2963,kilbackk593,sengere572,Sun Nov 06 20:06:37 EST 2022,Facebook
URQV2846,gulgowskic883,hermannp931,Sat Mar 07 01:15:19 EST 2015,Facebook
PPUW5958,gerlachl500,osinskia187,Wed Aug 08 06:03:02 EDT 2018,WeChat
OSJD1548,schusterk309,legrosa299,Thu Jun 30 06:20:07 EDT 2016,Facebook
DGPI4714,mantee968,shanahanr927,Mon Jun 30 01:18:55 EDT 2014,TikTok
BOJY0091,howellk375,turnert859,Tue Oct 10 07:24:56 EDT 2017,Facebook
OKCN0242,mckenzier304,mayerd745,Mon Sep 13 17:55:29 EDT 2021,Twitch
JNMG5357,gulgowskic35,parkerl486,Mon May 27 17:55:50 EDT 2019,Twitch
ZFSQ3866,cristl250,cassinj955,Mon Feb 15 12:16:15 EST 2021,TikTok
MUCA3380,toyf907,larsonr298,Mon Dec 05 14:59:54 EST 2022,Discord
IBLK2752,jenkinsp147,harberm479,Fri Jan 22 03:02:03 EST 2016,Twitch
FMZU4330,hettingerb977,goldnera24,Wed Oct 06 16:02:09 EDT 2021,Discord
SRDO6598,wunschc653,tremblayn748,Fri Aug 21 02:43:21 EDT 2015,YouTube
NTDK2579,kuhlmanj382,hudsonl394,Wed Feb 09 01:49:23 EST 2022,Reddit
CCLP9348,rohand168,schadenj598,Wed May 11 16:00:56 EDT 2016,Snapchat
FDSL2152,corkeryj569,bartolettib191,Tue Dec 29 15:20:02 EST 2020,Reddit
MHNV8400,trompr462,beierr412,Sun Nov 17 18:11:33 EST 2013,Reddit
UULI9574,abshirej284,townej127,Tue May 05 13:26:01 EDT 2020,Twitch
NRXI5022,mertzr786,wymanj845,Tue Jul 18 11:51:26 EDT 2017,WeChat
MOEZ4810,schmelerj970,kutchs428,Thu Oct 06 17:06:13 EDT 2022,Twitch
FQRS5463,brakusd520,rempelo125,Sun Sep 01 06:05:05 EDT 2013,LinkedIn
BIOM2974,reichertf174,pfannerstilll146,Thu Jan 24 21:44:53 EST 2019,TikTok
BDWT5664,hudsonw893,borerr53,Sat Jun 17 17:36:03 EDT 2023,LinkedIn
LFKA3288,cristk320,veumr428,Wed Aug 21 11:14:44 EDT 2019,Pintrest
CHYZ0558,heidenreiche31,streichr248,Sat Jun 20 06:11:02 EDT 2020,Pintrest
BNXL2557,jakubowskic869,hansenw728,Mon Aug 21 00:45:25 EDT 2017,WeChat
YRIP5137,stokesi960,whitea111,Sat Feb 01 08:28:56 EST 2014,TikTok
CNYO9801,kemmerc154,willl719,Mon Jun 05 14:07:48 EDT 2017,YouTube
TOBX8259,durganl473,d'amorek139,Wed Jan 01 15:53:51 EST 2014,Twitter
ZQSZ5627,nolanj129,blandah56,Wed Jan 16 16:37:45 EST 2019,Pintrest
PQYB7992,hahnn961,kassulked287,Fri Sep 25 11:05:55 EDT 2020,Twitter
KCMH6746,bergstromm97,borerp890,Sun Aug 12 13:24:50 EDT 2018,Reddit
DWGL0387,kohlere960,d'amoref128,Fri Jun 08 06:39:37 EDT 2018,Discord
TOHH0175,fadelt690,grantr653,Wed Nov 08 22:08:37 EST 2017,Twitch
UETQ2664,buckridgej617,kutchs428,Wed May 12 15:22:43 EDT 2021,Twitter
BAZF0117,bechtelard218,gottliebh625,Tue Sep 23 09:25:31 EDT 2014,Snapchat
PIWA2190,wolfv601,hudsonl394,Sat Feb 07 16:48:28 EST 2015,Facebook
IYRE2037,brakush780,blandaj218,Thu Feb 20 22:46:02 EST 2020,YouTube
GZZL9737,huelsv166,smithama391,Sun Dec 15 03:46:08 EST 2019,Facebook
WFMG6282,rohanc670,vonruedenw839,Sun Aug 12 19:07:52 EDT 2018,Pintrest
UDYS5816,kirlinj350,schulistj598,Mon Aug 23 17:11:50 EDT 2021,Discord
UYGP5922,lindc215,linde119,Tue Feb 20 03:55:43 EST 2018,Twitter
JWPS4390,mayera871,vonruedenf425,Tue Jan 05 04:45:10 EST 2021,Telegram
JCTE5256,harveyv531,breitenbergs157,Sun Aug 11 10:05:05 EDT 2013,Discord
ZEVJ7560,jaskolskid764,strosins461,Sun Dec 13 01:15:14 EST 2020,Twitter
CHFJ4708,haaga652,uptont383,Mon Dec 11 17:26:31 EST 2017,Twitch
NJPP7716,parkerc934,rowek702,Fri Nov 11 22:28:45 EST 2016,Discord
THLV5764,lindd823,kuhlmanj382,Sun Jun 28 20:53:42 EDT 2020,Discord
KMSL8205,wizat175,spencerc745,Tue Mar 12 20:33:24 EDT 2019,Telegram
VVWM0102,mertzr786,rempelm279,Thu Dec 22 06:34:31 EST 2016,Twitter
GGXZ4726,oberbrunnerm938,bernhardg564,Mon Jan 19 03:47:48 EST 2015,Instagram
VYJX3537,blockb826,pagach500,Wed Feb 26 15:38:53 EST 2020,Discord
YLKS2587,cristk368,hauckm376,Wed Sep 30 20:57:13 EDT 2020,TikTok
FXBX1720,rodriguezl704,halvorsonw263,Tue Feb 16 11:29:18 EST 2021,Snapchat
ZNNW3036,browng538,hegmannb577,Thu Nov 29 03:05:20 EST 2018,Instagram
BZYB0198,binsf472,corwins813,Sun Apr 26 07:00:23 EDT 2015,YouTube
IBVW0853,mayerts516,wilkinsons358,Tue Oct 06 20:08:13 EDT 2015,Telegram
KHAP2048,lubowitzv893,schinnerm944,Mon Dec 04 16:30:08 EST 2017,Pintrest
PFKI1258,torpj215,boylef681,Sat Dec 30 15:43:55 EST 2017,Facebook
KWAB3367,ortizm401,colec282,Sat Sep 07 07:14:00 EDT 2019,WeChat
ZYJK4509,cartwrightd720,herzogc762,Thu Mar 17 07:07:53 EDT 2016,Pintrest
SOQK0161,cronaa656,bogank215,Mon Mar 28 07:18:47 EDT 2022,LinkedIn
EWLQ8713,dickensi239,connellys821,Mon Apr 10 15:07:29 EDT 2023,Telegram
BQSL6747,loweg54,watsican270,Wed Oct 23 19:38:50 EDT 2019,WhatsApp
FLMF1069,feesta846,swaniawskiv975,Sat Nov 23 01:14:22 EST 2019,Facebook
EDIO7277,mertzj541,kesslerg939,Tue Oct 27 14:45:07 EDT 2020,Snapchat
VDAJ0044,shieldsv291,rowen465,Thu Mar 29 06:38:22 EDT 2018,Instagram
LAAK0655,lueilwitzf120,kesslerc672,Wed Mar 15 11:40:31 EDT 2023,Instagram
WOYK9158,muellerm678,morissettes242,Sun Mar 28 13:19:02 EDT 2021,YouTube
WMVI5832,blickb689,tremblaye211,Mon Sep 27 09:24:30 EDT 2021,LinkedIn
ACAS6578,paucekd100,morarm554,Wed Sep 13 18:54:20 EDT 2017,Snapchat
IDPS8820,gaylords362,prosaccow920,Sat Feb 08 00:48:28 EST 2014,LinkedIn
JFTV4324,mckenziec340,daref972,Tue Dec 27 23:34:23 EST 2022,Facebook
TJWZ2847,kiehnc795,zemlakc434,Fri Feb 24 20:48:42 EST 2017,Discord
XRSB6866,erdmank856,littleb139,Sat Aug 12 04:42:02 EDT 2017,LinkedIn
SYWL6684,schulistj786,dooleyd156,Fri Aug 09 07:14:16 EDT 2013,TikTok
FXCE7849,bogisichs823,quigleym241,Mon Feb 18 14:52:09 EST 2019,Reddit
MKFE1404,stoltenbergo783,creminw352,Thu May 12 12:04:35 EDT 2016,WeChat
HZMP1870,russela546,hegmannw509,Tue Jan 17 18:31:40 EST 2023,WeChat
EHQW6451,o'reillye242,berget117,Mon Feb 26 05:58:58 EST 2018,LinkedIn
IQAF8578,browne651,medhurstt198,Sat Aug 28 06:05:55 EDT 2021,WhatsApp
TPHD7820,gibsonc741,lockmanj531,Sat Jan 03 10:44:38 EST 2015,TikTok
IHIE2886,jerdeg121,leuschkes746,Fri Dec 30 20:01:44 EST 2016,Pintrest
MYSR9124,gorczanye35,bartellj132,Thu Aug 12 14:17:57 EDT 2021,Facebook
ZLJL0409,hessela940,dickinsong131,Wed Apr 17 03:47:12 EDT 2019,Snapchat
IQTS5616,millerj156,pfefferm539,Wed Sep 19 17:08:30 EDT 2018,Snapchat
AXEZ9948,wuckertf156,parisianp812,Fri Mar 12 23:26:04 EST 2021,Reddit
PGJF5389,carrolln967,gottliebs132,Wed Jan 22 14:25:05 EST 2014,WhatsApp
VEKP9104,trantowt753,monahanc297,Fri Aug 04 06:50:57 EDT 2017,Instagram
APIZ9340,kossk471,satterfieldn269,Wed Dec 06 11:46:21 EST 2017,WeChat
XFTR5823,haage585,o'reillyj17,Tue May 24 06:01:27 EDT 2022,WeChat
FPUH9108,gusikowskif163,weberj952,Sun Jan 14 19:46:38 EST 2018,Pintrest
ELMY3538,jacobsh699,mayerte756,Tue Jan 30 06:48:13 EST 2018,Snapchat
PIEF6599,vandervortb918,ullrichj356,Thu Aug 25 02:18:06 EDT 2016,TikTok
AODK4282,jacobst67,ondrickat667,Wed Aug 11 13:43:27 EDT 2021,Snapchat
JUZA5565,pagacm908,tremblayt115,Sat Jun 28 07:45:13 EDT 2014,WhatsApp
ZSQO6611,durganl911,lowes129,Sun May 11 18:53:46 EDT 2014,Facebook
NRKU5603,steuberb60,monahand131,Mon Aug 12 04:14:25 EDT 2013,Twitter
BDWC4348,haagm2,wunschk787,Mon Dec 25 11:28:28 EST 2017,Twitch
OUJS8399,gutkowskia808,rennerc73,Sat Jan 27 21:49:58 EST 2018,Snapchat
UWLT6963,cummingsy445,bechtelarj109,Wed May 07 08:31:46 EDT 2014,Discord
VPSS1128,boscop307,greenw624,Thu Mar 10 05:33:14 EST 2022,Snapchat
SGVM5178,schummw168,johnse180,Sun Sep 20 10:16:28 EDT 2015,Reddit
LXUO8996,mitchellc697,russelg389,Sun Jan 29 08:48:42 EST 2017,Pintrest
TNGC2341,andersonl762,beahanl457,Wed Oct 01 00:36:51 EDT 2014,YouTube
FBJQ3857,stiedemannm900,lemkej621,Thu Aug 21 06:38:13 EDT 2014,Instagram
SNED0018,rohand407,hegmannl192,Tue Feb 02 10:59:32 EST 2021,Reddit
OOGB0442,ziemej98,grahamj223,Mon May 21 02:50:42 EDT 2018,YouTube
YDDK7989,boylem164,kubd622,Wed May 01 04:00:19 EDT 2019,Twitter
YXVK6839,ziemej405,bayerf564,Tue Aug 04 05:42:17 EDT 2015,Instagram
GXNS9357,rosenbaums326,connt314,Thu Apr 30 09:11:45 EDT 2020,Discord
JAFT5771,swaniawskic848,kirlinr974,Thu May 26 18:14:32 EDT 2022,Twitch
OZWW3223,jacobsm252,bradtkec800,Mon Aug 06 12:52:32 EDT 2018,Pintrest
QOSM1061,lebsackm894,johnstonb259,Wed May 25 22:23:23 EDT 2016,WeChat
MWEH2823,adamsl555,turnert570,Thu Jun 13 00:36:13 EDT 2019,Instagram
SBVE3764,klockom195,o'connerr637,Fri Aug 09 10:28:34 EDT 2013,Pintrest
PCLE1992,o'connerd819,lehnerk712,Thu Jul 01 08:44:27 EDT 2021,WeChat
YHGH6612,vandervortm956,cristw256,Thu Oct 25 07:05:12 EDT 2018,TikTok
XERG6679,nicolasv963,nitzschea358,Thu Dec 10 08:42:16 EST 2020,Twitter
ZAVM0693,abshired281,waelchic661,Fri Feb 08 02:26:39 EST 2019,LinkedIn
JLTI3967,bruenv697,kilbackr743,Tue Jun 30 06:42:24 EDT 2020,TikTok
ENER2890,pfefferi440,schambergerw404,Tue Apr 24 23:23:15 EDT 2018,WhatsApp
RIWW3855,krajcikt95,weimanna794,Mon Dec 25 16:05:16 EST 2017,WeChat
RMJS0859,howev833,handr597,Wed Jan 06 05:57:54 EST 2021,Reddit
ZRYA9098,farrellb238,stehrj169,Fri Nov 13 01:30:43 EST 2020,TikTok
CFBX6743,kossc826,bartolettiw99,Sun Apr 14 23:54:34 EDT 2019,Discord
LEBT2066,cartert17,schoenv390,Thu Nov 17 02:27:17 EST 2016,Snapchat
MNVA0268,weissnatp304,harveyw576,Sun May 28 20:58:40 EDT 2017,Instagram
DHQM5740,ankundingn614,gibsont359,Fri Sep 04 19:58:18 EDT 2020,WeChat
TDQO9428,yostt213,stehrl533,Tue Jul 27 15:12:24 EDT 2021,TikTok
HKVP3401,cassinj955,mosciskii967,Sun Nov 11 07:42:04 EST 2018,Pintrest
BCBL8937,ryane516,stromanc418,Thu Dec 10 05:20:13 EST 2020,TikTok
RFII9222,cruickshanka217,walterk534,Fri Nov 29 14:26:56 EST 2019,Instagram
ZNJU7952,hoppej460,corwina905,Tue Oct 15 13:55:39 EDT 2019,Snapchat
NPEA1523,nikolaust241,rowej576,Thu Feb 27 22:31:15 EST 2014,YouTube
RERL4894,ratkem114,swifte388,Sat Jun 06 14:37:41 EDT 2015,LinkedIn
OOHY4666,bogisichs823,gerlacht494,Mon Oct 19 12:38:54 EDT 2015,Reddit
WKVJ5263,kohlers399,conns881,Fri Sep 18 22:23:44 EDT 2020,Twitch
HZGL3021,heidenreichc251,boyere102,Mon May 11 06:35:10 EDT 2020,WeChat
WZIY0119,rower394,hahnc28,Mon Jul 02 12:08:27 EDT 2018,WeChat
KDCK2212,cummingsd781,hintzv96,Fri Nov 09 02:03:34 EST 2018,LinkedIn
SOVX3620,rutherfordb478,armstrongt800,Fri Mar 21 19:01:58 EDT 2014,WeChat
WVCN5430,schowalters332,krajcikd137,Thu Apr 27 07:22:40 EDT 2023,Twitter
NNUJ2412,aufderharf558,lefflerc100,Sun Jun 11 03:50:58 EDT 2023,YouTube
DIMN1374,champlinc489,schuppeo542,Sat Apr 27 07:16:22 EDT 2019,Discord
FSEL9467,grimesu644,robertse980,Mon Jun 27 23:36:41 EDT 2016,WhatsApp
JSPQ4293,dickinsont706,gaylordt153,Fri Dec 16 12:17:47 EST 2022,Snapchat
KDOQ8588,balistrerig283,batzv759,Sat Jun 29 01:40:40 EDT 2019,Pintrest
TCCK9524,o'harar862,weste797,Sat Apr 08 08:46:24 EDT 2017,YouTube
BAYB9301,carrollr687,hagenesj545,Fri Feb 03 02:49:45 EST 2023,Facebook
RZCJ7612,murazikp150,sporerk822,Wed Jul 27 23:14:21 EDT 2022,Twitter
WGZA3028,pollichk368,kiehnc795,Tue Dec 08 19:47:17 EST 2020,LinkedIn
UIJN4818,greenfelderj324,jakubowskib202,Sun Nov 17 18:57:20 EST 2019,LinkedIn
UYTD6133,harberd438,dachd718,Fri Sep 22 23:04:56 EDT 2017,Telegram
DZLP0472,torphys60,cummeratar420,Thu Mar 25 00:10:11 EDT 2021,Twitter
XKRT5113,yostl277,kulasd103,Fri Jun 05 19:42:54 EDT 2015,LinkedIn
UBNK7276,mannm115,dickensw108,Tue Dec 04 14:18:29 EST 2018,WhatsApp
VHAE2802,shieldsv291,pricef194,Wed Dec 28 03:02:59 EST 2022,WeChat
SFNV7939,pfefferj814,farrellp457,Tue Jan 24 21:54:15 EST 2023,Discord
BKBA3741,beckerj286,murazikp150,Fri Jul 31 22:44:15 EDT 2015,Twitch
LSPJ4315,bernierr391,wuckertt725,Sat Feb 13 20:24:13 EST 2016,Snapchat
AEPS2068,tremblayt115,metzh114,Fri Oct 05 09:11:42 EDT 2018,Instagram
CNHM0820,beahanh826,rempelo125,Fri Mar 20 11:50:46 EDT 2015,Facebook
QJVL5503,volkmanr483,keelingb689,Sat Jan 11 12:29:19 EST 2014,Telegram
OCTM0965,vonm912,kutchs428,Fri Nov 10 19:23:53 EST 2017,Reddit
CFWL9053,skilesp583,lednerj282,Thu Feb 19 08:27:07 EST 2015,TikTok
VBEZ3548,howel671,watsican270,Thu Nov 03 08:06:59 EDT 2016,Discord
DUTH1301,vonruedend717,johnsonh154,Sun Sep 05 07:25:31 EDT 2021,Reddit
HPQB5175,whitea395,abbottr114,Sat Dec 29 01:47:27 EST 2018,Snapchat
FJPF8531,mckenzied35,hegmanna405,Wed Aug 14 21:58:40 EDT 2013,TikTok
BCJV9891,kohlerh430,predovico767,Sun Jul 03 06:53:41 EDT 2022,Instagram
ZNOG3394,bartonk415,gerlachc316,Wed Mar 23 06:53:47 EDT 2016,Twitch
WSXZ5098,mayertn55,robertsd848,Fri Nov 09 03:42:14 EST 2018,LinkedIn
DAUL0439,vandervortm481,lynchj910,Sun Dec 12 07:38:59 EST 2021,Snapchat
LJHH1795,roobg537,paucekd100,Tue Jul 20 17:09:08 EDT 2021,LinkedIn
QFHQ9452,huelsl664,feilb403,Mon May 18 21:11:23 EDT 2020,YouTube
WQQU6391,starkt292,fadelb497,Sun Oct 11 16:05:51 EDT 2020,Instagram
AFTY3159,krisd573,blockj365,Wed Jan 11 04:01:57 EST 2017,WhatsApp
HXQT0073,riced384,o'reillyj47,Fri Aug 11 10:48:19 EDT 2017,Telegram
GYUN6989,hackettu201,trompr91,Sat Apr 15 02:08:51 EDT 2017,Instagram
TFQU2733,lehnerm948,bernhardc212,Fri Apr 03 15:00:48 EDT 2015,YouTube
FJZE9043,nicolasd910,thompsonl209,Fri Oct 04 15:59:31 EDT 2019,Facebook
XUGG3581,mantes13,rempels770,Mon Jun 15 21:48:48 EDT 2015,YouTube
JKSI7863,durganj147,hyatte67,Mon Feb 05 07:27:10 EST 2018,LinkedIn
UCWM0258,cummingsn750,macgyverp347,Wed May 25 11:29:08 EDT 2016,Discord
NSFN9569,brownb130,bodes975,Thu Jul 11 23:28:44 EDT 2013,Twitter
LMOP5470,wardb97,watersc8,Fri Oct 20 02:05:30 EDT 2017,LinkedIn
VGXY1021,bergep182,weimannm179,Sun Apr 23 16:04:12 EDT 2017,Reddit
IAFS9453,wolft529,mayery3,Tue Feb 11 18:15:19 EST 2020,WeChat
DWML8458,lefflera539,reingery201,Mon Jul 16 12:03:28 EDT 2018,WeChat
ERXH8788,rosenbauml809,gerlachc371,Wed Feb 24 09:35:40 EST 2016,YouTube
OOWK6687,cummeratal441,corkeryl751,Fri Nov 28 00:27:35 EST 2014,TikTok
JFNO4512,heaneys599,shanahand966,Thu Aug 07 05:16:52 EDT 2014,Telegram
FUXD0876,nicolasc866,padbergd697,Sat Jul 30 17:31:19 EDT 2016,Instagram
PXTP6619,daughertyj103,walkerj752,Sat Nov 16 04:37:31 EST 2013,Facebook
FYLW5648,krisb460,naderk754,Sat May 29 13:01:17 EDT 2021,Twitter
MTWM8722,simonisb586,bednarb884,Wed Sep 15 09:10:50 EDT 2021,Twitch
ZKZI4239,schowalterd518,langoshc171,Thu Dec 12 22:05:39 EST 2013,WhatsApp
XUXK2554,strosins220,goyetteu461,Mon Apr 30 11:49:26 EDT 2018,Snapchat
ZRLJ8436,zemlakl109,funkm589,Thu Oct 17 23:03:58 EDT 2019,WhatsApp
IBWQ0585,rosenbaumj114,jacobsd734,Thu Jul 25 00:26:42 EDT 2013,Pintrest
RTMC0766,gottliebd50,jakubowskib202,Mon Nov 02 10:52:38 EST 2020,Discord
OENT4229,dietriche182,steuberl21,Mon Jul 10 03:34:07 EDT 2017,Pintrest
SZMK8187,tromps375,robelm980,Thu Jul 30 02:21:13 EDT 2020,Twitch
OXII7944,kuphalb441,klockoe525,Mon Sep 09 03:19:31 EDT 2013,Telegram
SCWZ5669,erdmana418,cartert17,Fri Jul 25 02:09:45 EDT 2014,WeChat
CREI4801,gibsond184,brakust637,Sat Nov 25 20:27:01 EST 2017,Facebook
EXXJ6429,jonesb881,lindv121,Fri Dec 23 14:18:05 EST 2022,Instagram
VUFS6386,ornz642,o'reillyh16,Fri May 03 17:54:15 EDT 2019,Reddit
DRCL8003,monahans754,dibbertm649,Sun May 31 03:51:08 EDT 2020,Twitter
XOCG1686,treutels646,kerlukee59,Tue Apr 16 12:18:39 EDT 2019,Snapchat
OIIB3773,reillyc913,gutkowskil893,Mon Nov 14 12:23:56 EST 2016,YouTube
MCWO3646,ernserc258,rueckerh383,Sat Oct 23 01:14:47 EDT 2021,LinkedIn
KQDS2352,zemlake190,monahans754,Tue Dec 04 01:42:01 EST 2018,Snapchat
WPGM0580,schowalteri179,hartmannc940,Fri Jan 26 23:55:05 EST 2018,Facebook
AGBM7713,shanahans624,mantef290,Thu Sep 05 12:07:30 EDT 2013,YouTube
HFBC7988,turcottea457,gottliebs132,Wed Oct 18 18:39:01 EDT 2017,LinkedIn
GDSI8016,larkinr762,turnerc506,Sun Aug 18 19:19:37 EDT 2013,Pintrest
OGYY0731,shieldsv291,treutelw618,Sat May 11 07:19:46 EDT 2019,WhatsApp
LXVN9150,larsonn384,effertzj234,Sun Jun 19 05:08:54 EDT 2016,WhatsApp
ZUNF1500,whitej626,okunevag301,Wed Aug 23 14:49:10 EDT 2017,Snapchat
BCEU0964,lebsackj172,morarj884,Thu Jul 20 00:55:20 EDT 2017,Facebook
UTPZ8152,thielw650,uptont383,Sun Sep 29 07:53:38 EDT 2013,Pintrest
YFEN6411,lowem84,johnsonr831,Fri Jun 21 07:01:17 EDT 2019,Twitch
TEHG3930,bergnaumm37,aufderharl959,Thu Nov 09 16:41:15 EST 2017,Facebook
QIFT3262,sauerm909,ondrickat667,Sun Dec 11 04:56:53 EST 2016,WhatsApp
VCNT8766,kreigerr94,schillere434,Wed Mar 01 04:11:53 EST 2017,WeChat
HXCB7147,botsfordp406,bechtelard218,Tue Nov 02 21:02:07 EDT 2021,Facebook
JNUT4334,rempels770,uptonj665,Fri Jan 30 19:45:04 EST 2015,WeChat
AUMI7555,douglasb298,sawaynk719,Sun Jan 06 06:56:06 EST 2019,Twitter
HDKF4536,durganb504,larsonv117,Fri Mar 05 23:30:46 EST 2021,Telegram
WOKM8741,johnsona85,douglasr333,Sat Jan 19 18:58:26 EST 2019,WeChat
SHMH0521,millsj347,jerdet293,Fri May 15 19:48:18 EDT 2015,Snapchat
BJPS2485,reingerd476,olsonk197,Mon May 22 07:05:38 EDT 2017,Facebook
QPFB7208,ortizf483,cristk368,Thu Jun 12 09:57:13 EDT 2014,Telegram
GNVE6926,gaylordn106,bergnaumr545,Thu Aug 08 15:44:05 EDT 2013,LinkedIn
WBRB8267,predovicc361,keelinga734,Wed Sep 07 07:24:56 EDT 2016,Reddit
PQTO2766,pollichc889,hettingerm231,Thu Sep 06 03:08:58 EDT 2018,YouTube
UCUB3818,mosciskim130,muellere489,Sun May 10 05:48:56 EDT 2015,Instagram
HOUC4196,hicklep943,nicolasv963,Sat Jul 29 01:19:26 EDT 2017,Reddit
NSEZ7125,d'amorea729,hanel343,Sun Sep 01 19:24:47 EDT 2019,YouTube
TACK9906,breitenbergy676,wildermanv905,Mon Oct 23 13:12:59 EDT 2017,Twitch
UCVZ0913,padbergj330,kassulked549,Mon Aug 09 23:24:35 EDT 2021,LinkedIn
SDWU4989,abernathys347,gibsonr346,Fri Mar 23 13:36:11 EDT 2018,Twitch
HEBU5461,littelm928,fritschp590,Tue Mar 01 19:01:14 EST 2016,Facebook
BVSX9336,watsicas719,faheym21,Sat Mar 19 03:42:32 EDT 2022,LinkedIn
EPTF9964,rodriguezl704,rempelm394,Sat Dec 30 21:42:48 EST 2017,WeChat
WTIT8653,rodriguezk550,ryana530,Thu Oct 20 09:36:14 EDT 2016,Discord
RPRD2798,metzs778,kohlere960,Sat Sep 06 11:11:28 EDT 2014,Instagram
UTAJ6239,dibbertk84,hauckm772,Mon Jan 09 10:33:08 EST 2023,Discord
RDYO4989,carrolly170,trantowl344,Sun Sep 15 23:18:45 EDT 2019,Twitter
MFUC8623,cormiert557,smithami143,Sat May 05 16:16:34 EDT 2018,Telegram
YJUG0794,pagaca449,o'keefef868,Tue Sep 04 16:16:23 EDT 2018,Telegram
ZTST1773,paucekm486,bergef868,Fri Mar 20 00:01:09 EDT 2015,Twitch
LNQQ8551,schultza123,dooleyk542,Wed Nov 24 22:12:08 EST 2021,TikTok
KENH8187,keelingb160,feilr632,Fri Feb 28 09:07:11 EST 2014,YouTube
YNVL4622,ondrickaj364,weimannf71,Tue Mar 03 16:35:43 EST 2020,Twitch
DYIV7871,grahame115,heathcoted399,Tue Aug 21 08:28:02 EDT 2018,Twitch
UHVV4135,grahamw658,prosaccol88,Mon Jan 22 10:06:07 EST 2018,Instagram
NYOR0450,mcculloughe758,d'amoref128,Fri Jul 26 16:01:39 EDT 2019,Instagram
WUJP3142,rosenbaumy270,zemlakc305,Sat Jan 18 23:24:29 EST 2014,Telegram
RYVG8962,feeneym498,powlowskij370,Wed Oct 05 06:26:13 EDT 2022,Reddit
AFKD6253,townet632,hansene161,Mon May 18 08:45:19 EDT 2015,Twitter
XXMG3646,quitzona878,nicolasc866,Thu Nov 24 17:23:13 EST 2022,LinkedIn
TGAD8148,mooren123,franeckin562,Fri Jun 22 12:52:48 EDT 2018,Twitch
NCWD3459,uptonc398,ondrickad959,Sun Oct 06 11:26:20 EDT 2013,Reddit
DONA5495,marvinh702,bergec955,Sun Nov 24 02:14:21 EST 2013,TikTok
IYVG8813,kuhnt752,crooksm525,Sun May 28 06:08:45 EDT 2023,WhatsApp
AFUW7604,uptoni254,purdyc902,Wed Dec 25 12:32:53 EST 2013,TikTok
UVTM6424,schoenm914,kerlukes430,Tue Sep 20 09:15:02 EDT 2022,TikTok
OBDJ5433,rosenbaumy270,bashirianw435,Mon May 29 18:45:32 EDT 2023,TikTok
LOCM6347,schuppej885,goyettek571,Mon Dec 26 07:11:33 EST 2022,Facebook
BYWM2679,ondrickae433,starkl558,Tue Feb 23 21:41:06 EST 2016,WeChat
CKFM8296,howellw500,vonk609,Sat Apr 29 16:42:52 EDT 2023,WeChat
PWWW0054,muellers928,bogisichr41,Fri Jan 22 04:59:33 EST 2016,Discord
KMJD1437,bechtelarl500,jerded71,Sun Jul 17 16:44:52 EDT 2016,Telegram
EQYA0986,altenwerthe6,kovacekm103,Mon Mar 16 12:02:25 EDT 2015,Reddit
LQIU4165,hermannd377,leuschkec388,Sun Aug 02 21:04:24 EDT 2020,WhatsApp
CPSY4350,uptons928,medhursts948,Sat Apr 12 07:21:21 EDT 2014,LinkedIn
VGLY4595,uptonm495,conroyk451,Sat Feb 25 15:48:43 EST 2023,Instagram
XQXC4075,ziemej222,hellerj899,Wed Jun 22 04:33:08 EDT 2016,WeChat
AFYZ7836,hayese50,breitenbergo739,Thu Oct 22 10:18:27 EDT 2015,YouTube
MUTA8117,marksj636,trompr462,Tue Oct 26 18:49:11 EDT 2021,WhatsApp
PQPN1649,stehrj169,macgyverm591,Thu Nov 14 09:13:14 EST 2013,Snapchat
DYVY9398,mcglynnk649,pourosl259,Tue Feb 22 20:21:09 EST 2022,TikTok
MWSD0451,kutchm98,reillyo320,Sun Nov 07 13:28:18 EST 2021,Reddit
NPWL2487,lefflerk679,farrellc248,Thu Dec 08 09:03:38 EST 2016,Pintrest
BELA5320,swaniawskif854,krisk826,Sun Sep 04 03:54:40 EDT 2016,Twitter
CBYB3280,schmitte342,schinnerc900,Sat Sep 13 21:22:35 EDT 2014,Discord
OBDR1049,mantes769,stokesc106,Wed Nov 18 23:39:04 EST 2015,Telegram
FDBT0706,cristw93,lebsackm364,Mon Sep 23 11:23:44 EDT 2013,LinkedIn
LBRB6618,braunm165,krisg126,Tue Apr 06 07:26:38 EDT 2021,Instagram
DHTO4227,corkerye38,hamillt168,Wed May 12 02:00:16 EDT 2021,Instagram
MBHV4717,rowes195,pourosa902,Sat May 04 06:23:34 EDT 2019,Reddit
ITUG7184,baileye891,stammg432,Fri Sep 30 23:34:56 EDT 2022,Reddit
TMCA2865,cristk320,beattyc607,Wed Sep 14 17:11:53 EDT 2022,Twitter
PZCD6147,greenfelderc936,stokesr311,Tue Mar 10 03:59:55 EDT 2020,YouTube
NRVK3474,creminn810,tillmang127,Wed Dec 16 06:12:34 EST 2020,YouTube
SSBK8363,thiels170,doylem369,Tue Apr 05 01:23:37 EDT 2016,Reddit
RNNQ0525,bayerb34,okunevah501,Tue Jun 23 18:04:38 EDT 2020,LinkedIn
UDLY4669,bartellm414,cummingsd781,Thu Mar 14 12:24:09 EDT 2019,Twitch
XHFC9803,herzogm499,carrolle481,Tue Feb 07 06:14:56 EST 2023,Snapchat
UJMU8149,wiegandf336,altenwerths91,Wed Nov 23 17:50:28 EST 2016,YouTube
BXEZ4738,littleg740,boscom539,Tue Jun 20 14:00:11 EDT 2023,Pintrest
YAEK8374,schoenr253,hermannd377,Thu Jul 22 21:23:46 EDT 2021,Snapchat
MTWN6654,osinskia731,williamsone924,Tue Jun 26 02:06:42 EDT 2018,Instagram
FTST2883,manns936,schumms486,Fri Feb 10 03:29:34 EST 2023,Pintrest
LJHF1078,beerc221,reillym623,Mon Feb 06 07:58:23 EST 2017,YouTube
XYAV5532,wiegandt611,torpj17,Wed Oct 23 12:43:18 EDT 2019,WeChat
EWNT0324,swiftr469,mcdermotto355,Sat Nov 01 01:08:55 EDT 2014,Snapchat
ULJG9387,watersm293,rolfsond405,Mon Jul 20 20:38:26 EDT 2015,Facebook
CDDF9839,kreigery690,krajciky261,Mon Sep 16 22:45:40 EDT 2019,WhatsApp
CQYX0368,deckowa611,williamsont541,Thu Aug 05 20:37:24 EDT 2021,Twitter
UIPK5438,metzr87,brekket545,Mon Jun 09 04:44:12 EDT 2014,WhatsApp
IBTC9496,hermannd559,moorer825,Mon Jul 29 17:54:32 EDT 2019,Twitter
ZAKC2999,mannr699,jastc506,Tue Apr 12 02:43:05 EDT 2016,Twitch
AWOP5453,swaniawskiv975,hauckr845,Mon May 22 08:29:21 EDT 2023,Instagram
TZVY0643,kundea423,gusikowskij405,Fri Sep 06 12:49:59 EDT 2013,YouTube
LNWP2938,reynoldsm716,bartellj132,Thu Feb 18 04:08:09 EST 2016,Twitch
VNUT7707,considiner630,ullrichl625,Sun Jul 02 11:06:48 EDT 2017,WeChat
GTWA8915,goldnerm916,cassinm740,Thu Apr 20 14:04:01 EDT 2023,Twitter
SUYH9047,macejkovicg59,goldnerd879,Sat May 09 13:12:56 EDT 2015,YouTube
CPCF3383,schultza123,beahanh826,Sat Sep 20 06:36:16 EDT 2014,LinkedIn
ADFU0894,roobr947,mertzp77,Thu Jul 14 07:32:31 EDT 2016,Instagram
QZMQ1720,ernserv539,aufderhara910,Thu Feb 16 19:02:32 EST 2017,Snapchat
SLGR0663,jacobsd415,fayl17,Sun Nov 23 05:00:16 EST 2014,Twitter
RBOX9824,criste486,conne583,Thu Aug 31 20:25:31 EDT 2017,TikTok
SWPD9324,steubery568,feilb403,Mon Jul 15 19:43:34 EDT 2019,Instagram
OOZU9464,leuschker355,emmerichm137,Sat Jan 04 06:17:51 EST 2020,Snapchat
LRPL8739,lubowitzd901,ratkej118,Tue Jul 02 01:14:53 EDT 2019,Instagram
TMPI7277,hartmanns757,ryana278,Thu Apr 01 00:08:13 EDT 2021,Pintrest
UTED5715,schaeferf579,bogisichs535,Wed Nov 03 16:53:24 EDT 2021,Pintrest
RKBO7212,cristl250,lowea409,Mon Jul 08 15:16:29 EDT 2019,Twitter
QQTZ4914,hyattm698,weissnatp304,Fri Dec 16 01:59:19 EST 2022,TikTok
LSVT6546,wardb957,predovics295,Fri Oct 23 15:11:53 EDT 2020,Twitch
ESPQ2086,blandas335,stokese735,Sat Jun 20 00:04:22 EDT 2015,Pintrest
GDNE3376,daughertyc281,kingr364,Tue Oct 30 00:53:20 EDT 2018,WeChat
EYZE7018,goldnerl513,batza847,Sun Jan 09 14:30:59 EST 2022,Pintrest
EEHP5548,rempels770,carrollb813,Wed Dec 19 09:42:56 EST 2018,YouTube
DEHP6168,millse341,uptons928,Fri Nov 18 04:26:16 EST 2016,WhatsApp
TGGS5733,jenkinss811,beahanl457,Thu Feb 25 16:36:23 EST 2021,Twitter
YNUO0112,beattyc607,donnellye529,Wed Aug 09 01:15:13 EDT 2017,Instagram
NTVL6446,wintheiserl731,dickense808,Sun Oct 28 09:40:09 EDT 2018,Pintrest
JVAZ6584,larsone400,ferryg42,Wed Aug 18 19:26:41 EDT 2021,Telegram
CWBZ1844,lowes342,luettgenj540,Thu Nov 02 13:21:32 EDT 2017,Twitch
BEMB1090,westg190,zemlakm967,Thu Jun 20 16:58:39 EDT 2019,Pintrest
LKVM3989,walshc229,dickil623,Mon Sep 20 20:48:42 EDT 2021,YouTube
VIZY6631,kleinh961,ratkem114,Sat Nov 09 16:05:48 EST 2013,Telegram
YDTX8872,strosine289,oberbrunnere433,Wed Jan 05 00:36:59 EST 2022,WhatsApp
BDQZ9194,tremblayi74,schmidtr613,Tue Mar 16 22:41:09 EDT 2021,Telegram
DLRB4244,hellerj38,schimmelf713,Sun Mar 03 21:15:59 EST 2019,Discord
HYPM5494,franeckim232,rueckerr189,Mon Jul 24 20:21:12 EDT 2017,Twitter
TBXH3809,townej370,gottliebh625,Thu Dec 03 22:20:34 EST 2020,Twitch
GYRK1221,sipesd126,buckridgez433,Sun Jan 02 10:09:02 EST 2022,YouTube
OETU2664,funkm953,lindgreng734,Fri Nov 11 23:30:49 EST 2022,Twitch
PGKA1259,altenwerthg376,kuhicd47,Mon Sep 19 06:25:08 EDT 2016,Instagram
XYHJ8180,pourosa902,satterfieldn269,Sat Dec 21 01:09:35 EST 2013,YouTube
JJTY1194,howellm130,o'reillyj17,Tue Jul 16 08:01:41 EDT 2019,Telegram
XTIP0247,shieldss65,rowem481,Tue Aug 17 20:05:12 EDT 2021,Twitch
EUAR4848,emmerichr317,bechtelarj109,Fri Jun 18 06:10:01 EDT 2021,Twitter
ODDC8080,bodeo864,wiegandt611,Thu Jan 21 09:43:33 EST 2021,Discord
MWKM9785,uptona138,bartolettie716,Thu Sep 20 11:28:43 EDT 2018,WhatsApp
JKRU2111,lockmans413,kilbackc447,Fri Dec 25 08:40:22 EST 2020,LinkedIn
KFQF6973,roobr947,millsl876,Sat Dec 17 22:10:44 EST 2016,WeChat
LPOH9363,swaniawskik653,walkerk709,Wed Jan 23 15:34:24 EST 2019,Twitch
PGNA0319,turnerc506,stokesj692,Sat Apr 30 21:10:28 EDT 2022,Reddit
XTWS2883,muellerl860,bartonl84,Mon Jun 20 15:29:34 EDT 2016,Snapchat
EHQD2080,bahringert55,mullerf721,Wed Oct 07 00:04:44 EDT 2020,Reddit
BBYN4196,lefflerj741,bechtelarm162,Tue Nov 22 02:21:59 EST 2016,Twitter
RDNL4494,o'harar730,jerdet293,Wed Jan 14 23:55:28 EST 2015,Twitter
FIQE1161,larsonv117,wittingm968,Fri Nov 07 12:19:44 EST 2014,Discord
BHZM9315,pagach500,satterfieldl260,Mon Apr 20 23:47:27 EDT 2015,Discord
DOPI8661,parkerv916,jerdeg121,Sat Nov 17 07:51:56 EST 2018,YouTube
WTYC9835,hansena791,braunw175,Wed Jun 21 18:02:04 EDT 2023,WeChat
KIOH2173,lefflerw26,gislasona396,Sat Oct 08 13:36:27 EDT 2022,Telegram
ZVNW7271,kshlerinc820,robertse980,Sun Mar 22 15:38:30 EDT 2015,TikTok
MOUN6757,stehrj169,lefflerd830,Sat Apr 10 14:53:34 EDT 2021,Reddit
MJAE4937,leannont571,nienowm12,Fri Jul 10 18:14:12 EDT 2015,TikTok
UWEL0897,walshc229,lebsacke580,Fri Jan 15 23:27:37 EST 2021,Reddit
UCUM6382,emmerichj501,denesikv8,Thu Dec 29 00:46:08 EST 2022,WhatsApp
WIAP5449,greenw624,trantowr478,Tue Dec 12 06:00:58 EST 2017,Snapchat
RSQF2174,littlem443,o'harab341,Sat Mar 11 10:41:14 EST 2017,Reddit
NLGJ2988,gulgowskik248,reillyc522,Mon Nov 09 13:50:59 EST 2015,Snapchat
RRJT5265,bernhardg564,starkf602,Thu Oct 17 00:56:45 EDT 2013,Telegram
PSLH7134,hicklem152,howec740,Tue Jun 03 08:41:28 EDT 2014,Facebook
AVEC6200,harrish378,kulasc575,Thu Feb 25 08:43:34 EST 2021,Twitch
QRPD0789,fritschd873,abbottb41,Thu Mar 31 09:35:01 EDT 2016,LinkedIn
YFSA1606,mantek531,paucekm486,Mon Apr 17 10:44:02 EDT 2023,WeChat
XTSA7234,spencerc118,ornz642,Wed Apr 27 00:24:13 EDT 2016,YouTube
CHEN0772,kuhicm681,bartolettiw99,Wed Mar 24 19:40:16 EDT 2021,Twitch
XVVQ0874,rodriguezk550,ritchieg296,Mon Jan 01 18:11:29 EST 2018,TikTok
UDUL4839,oberbrunnere358,mantem479,Sat Dec 23 21:21:37 EST 2017,Twitter
GFEW0631,walterj864,reingeri728,Tue Jul 09 18:36:11 EDT 2019,Pintrest
YPHL6055,muellerh126,braund456,Mon Aug 16 04:17:50 EDT 2021,WhatsApp
GQJO0373,larkind881,hansens352,Wed Aug 15 18:14:05 EDT 2018,Facebook
SZII8655,adamsv249,o'connelle242,Mon May 11 23:35:04 EDT 2020,Instagram
GALX8108,zboncakf90,goodwinj274,Wed Nov 27 23:34:40 EST 2013,Reddit
GVJY8155,watsicas124,armstrongf461,Thu Aug 31 16:23:37 EDT 2017,YouTube
HAEF6242,bogisichs654,funkm669,Fri Oct 29 12:34:17 EDT 2021,Instagram
HXXN2429,cummingsr118,bashirianb689,Tue Nov 10 16:25:41 EST 2020,Facebook
LMOE2638,wisokym720,thiell169,Sun Apr 05 11:10:04 EDT 2015,Reddit
JMBB7478,kirlinj350,schultzs218,Mon Mar 11 03:46:31 EDT 2019,LinkedIn
DSAA2659,koepph31,gutmannk510,Sun Mar 19 17:11:53 EDT 2023,WhatsApp
WUFE5207,rippint806,armstrongd646,Fri Nov 13 05:06:34 EST 2020,TikTok
GGSJ1058,funks746,deckowp62,Wed Mar 06 13:41:04 EST 2019,Telegram
CTNF7701,romaguerad652,prosaccot696,Sat May 30 17:26:44 EDT 2020,Discord
IDJX9186,hyattm951,okunevaz213,Wed Nov 04 22:43:27 EST 2020,Twitter
JHQC0879,trantows848,leschf946,Thu Dec 28 02:15:45 EST 2017,Instagram
YRLQ0511,kerlukec209,ricec40,Wed May 18 14:10:35 EDT 2022,Facebook
UJMI9599,steubern16,schneiderc393,Thu Jan 25 09:27:18 EST 2018,Instagram
HPIH6043,steuberg684,greena45,Mon Jun 20 00:11:40 EDT 2016,Facebook
HABM9657,hansena145,krisg285,Mon Aug 01 18:42:58 EDT 2022,Telegram
LUBK9662,kutchk289,ratkea954,Mon Aug 08 12:45:56 EDT 2016,WeChat
AVQE3547,howellc872,ernserc258,Sun Nov 08 17:07:17 EST 2015,Pintrest
MNNH9644,bahringerr384,purdyw648,Tue Aug 11 07:05:31 EDT 2015,Telegram
AYKK4522,stiedemannf373,bernierm203,Tue Apr 26 08:58:34 EDT 2016,WeChat
LYEN8148,abshirej284,fadelb549,Wed May 25 13:16:57 EDT 2016,WeChat
VXSF9249,quigleyd609,hagenesq416,Mon Jun 06 23:28:59 EDT 2016,Twitter
MXMY2483,hamilll862,friesens328,Wed Mar 04 08:14:53 EST 2020,Twitch
MDMK2801,fritschp590,whitec782,Sun Dec 15 06:34:16 EST 2013,WeChat
RGOK5428,bartona577,ziemannt295,Fri Mar 22 05:08:17 EDT 2019,Twitch
OWEP3114,koeppc524,lescht678,Sat Sep 13 13:56:28 EDT 2014,TikTok
LOHS6581,leschg214,walshc229,Sat Apr 22 06:31:28 EDT 2023,Reddit
ATOB3470,beattyb436,shieldsr673,Thu Apr 20 16:52:07 EDT 2023,YouTube
GBQO9823,kiehnc795,beahanl448,Sat May 26 23:28:55 EDT 2018,Twitter
LPWF7402,dache92,bechtelarr611,Sun Oct 07 18:30:04 EDT 2018,LinkedIn
LWUV7556,shanahanl759,kuhice264,Sat Apr 15 20:26:26 EDT 2017,Pintrest
PHJP2080,monahand308,schuppej408,Wed Mar 03 09:05:20 EST 2021,Telegram
JEAR0141,o'haraa279,o'connellb547,Mon May 16 21:05:53 EDT 2016,Discord
YAVI0602,brakusd520,ortizb243,Tue Oct 27 06:12:08 EDT 2015,WhatsApp
ACVT2841,dickinsont735,moenl256,Fri Jul 22 07:13:27 EDT 2016,Snapchat
JCCM4719,wittingn435,braunw175,Wed Apr 22 11:40:09 EDT 2020,Reddit
UYRR6365,heaneyt891,millsc614,Sat Nov 19 22:13:31 EST 2022,Reddit
OOVK7381,lefflerf787,wehnera375,Fri Nov 12 23:08:40 EST 2021,WhatsApp
ONKN3651,hoegerr921,pricef194,Sun Jan 16 18:23:30 EST 2022,Twitter
LSLR8559,cartert481,howem227,Wed Nov 25 06:47:08 EST 2015,Twitch
DPQN1890,dickic99,carrolle481,Wed Apr 09 13:14:44 EDT 2014,Pintrest
RXPJ8810,lefflerm51,connl747,Fri Oct 14 00:06:22 EDT 2016,TikTok
YXDL8324,andersonr674,effertzm499,Sat Aug 17 17:00:53 EDT 2019,Twitter
LKYP1332,kemmerf7,daviss523,Sun Jun 24 13:43:42 EDT 2018,Telegram
ERDD1803,hintzj517,jacobsonn932,Sun Sep 02 22:20:55 EDT 2018,TikTok
SDJH0001,krisg285,kunzec398,Sun Apr 17 02:01:21 EDT 2022,Twitter
CNMZ1081,harberm603,walterm88,Mon Sep 12 16:16:04 EDT 2016,Facebook
LTIS3736,harbera319,lebsacke580,Thu Jan 06 17:06:00 EST 2022,TikTok
MWSV7215,dachl761,cummingss778,Fri Apr 06 09:56:47 EDT 2018,Snapchat
MJXF4107,funkp62,adamsz935,Wed Sep 15 08:23:59 EDT 2021,Twitch
ENCA1024,ortizj589,westj668,Mon Oct 23 13:40:02 EDT 2017,Reddit
XHMD8856,gislasonw291,cassino417,Tue Feb 19 12:31:40 EST 2019,TikTok
NCWF3028,champlinr71,kossi489,Sat Oct 30 09:28:15 EDT 2021,TikTok
HQUF7385,langworthy69,goodwinm568,Sun Aug 23 15:37:26 EDT 2020,WeChat
XDID9305,connc695,daughertye436,Sat Jun 07 04:33:19 EDT 2014,WeChat
FOJZ5440,hayesk812,hirtheu309,Wed Apr 01 12:04:03 EDT 2015,WhatsApp
YHZY2493,stoltenbergr547,connm375,Wed Feb 07 08:53:05 EST 2018,Pintrest
BVSQ6478,hettingerp97,strosine469,Fri Dec 30 03:37:37 EST 2022,Discord
GPZO9429,rohand168,fritschs844,Mon Dec 23 06:26:15 EST 2019,Pintrest
CXMY0289,osinskir799,legrosk594,Tue Oct 24 06:18:31 EDT 2017,LinkedIn
SAJV1902,goodwinc757,bartolettib191,Mon Aug 20 11:19:15 EDT 2018,LinkedIn
WDHO6619,osinskia634,barrowsl790,Sat Sep 11 08:38:46 EDT 2021,Facebook
TXWJ7384,goldnerc973,kerlukej452,Wed May 29 04:34:11 EDT 2019,Reddit
WHZD2758,jonesc257,pollichc889,Wed Apr 19 15:47:39 EDT 2023,YouTube
OQHX1492,veumj337,moorer825,Sun Sep 04 13:12:53 EDT 2016,Twitter
IXNW7290,torpa966,rodriguezt933,Tue Mar 20 09:02:25 EDT 2018,Facebook
SCVS5556,flatleye843,ankundingr22,Fri Jun 15 00:36:37 EDT 2018,Discord
ZKBO4461,langm925,friesent190,Thu Aug 26 22:21:52 EDT 2021,Snapchat
VSZB2833,shieldsa738,weberm438,Mon Jan 13 06:51:51 EST 2014,Snapchat
RFPF3603,leuschkes746,sauero548,Mon Nov 14 11:31:32 EST 2016,Reddit
XKHV0300,beierl264,parkerc934,Thu Dec 11 22:57:11 EST 2014,Snapchat
OCIN7963,schimmelf901,ratkem3,Thu Dec 12 16:11:41 EST 2013,YouTube
CZSJ5628,rippinr511,cartwrighte351,Tue Dec 30 16:38:20 EST 2014,Twitch
VHUV8984,reillyb222,kutchs159,Fri Oct 07 01:40:08 EDT 2016,Instagram
LDKX7960,koeppc524,kuhicb672,Sun May 22 03:39:44 EDT 2016,Twitch
YKPX2525,cronaj293,steuberl21,Thu Oct 14 15:44:48 EDT 2021,Twitch
BRRO6431,shanahanm512,emmerichf72,Sat May 11 12:32:14 EDT 2019,LinkedIn
UNQR1459,binsm613,streicht647,Wed Nov 15 10:23:06 EST 2017,Twitter
OIHP3732,walkerj752,larsonl552,Sat Jul 15 14:43:04 EDT 2017,Reddit
BMUY3742,zulaufm436,cassinm740,Mon Jul 31 07:17:34 EDT 2017,Reddit
IVRH3762,strosine469,harrisn176,Mon Feb 27 16:50:20 EST 2023,WeChat
YNYX2064,emardb977,wintheiseri487,Mon Dec 21 20:22:47 EST 2020,TikTok
CWGQ8733,klingd790,balistrerii197,Wed Jun 10 17:59:26 EDT 2015,WhatsApp
XFYL6861,hamillj552,connb365,Sat Apr 04 22:30:39 EDT 2015,WeChat
VHXD2294,friesenr196,stammm152,Tue Feb 07 04:53:51 EST 2023,WeChat
PDCP3520,howellj549,kirlins857,Sun Feb 04 11:56:06 EST 2018,Twitter
WFQD3242,haagj457,schusters503,Sun Jan 21 03:29:51 EST 2018,Pintrest
SCTI5590,kuvalisb698,welchc311,Wed Mar 05 08:47:49 EST 2014,Twitter
JEGD7166,ornl593,daviss523,Sun Jun 11 06:44:29 EDT 2023,Snapchat
JRNA8241,bednarb288,caspera471,Tue Nov 24 06:19:31 EST 2015,Instagram
DIOB6650,medhurstc448,mrazt645,Sat Jul 02 14:17:26 EDT 2022,Facebook
NHCK8666,wilkinsond261,rathe80,Thu Feb 16 17:29:08 EST 2023,Twitter
AGUM9625,haleyl257,kohlerm330,Tue Nov 17 13:26:34 EST 2015,Twitch
DMHN5343,krisg285,jerdet293,Sun Nov 22 00:46:18 EST 2015,Twitter
JSTQ3427,durganl328,macgyverj433,Thu Jan 08 23:37:20 EST 2015,LinkedIn
QUOY4619,gutkowskij412,johnstonj138,Sat Sep 17 19:20:38 EDT 2016,Snapchat
MFOA0770,rennere616,murazikf432,Thu Jan 16 15:17:10 EST 2014,Snapchat
RRUU1018,heaneyv703,tremblayc267,Fri Mar 10 11:57:35 EST 2023,Pintrest
DPXB7728,harveyb381,carrollr978,Wed May 06 08:19:26 EDT 2015,Twitch
WDID9887,stammm152,funkm669,Fri Apr 24 14:53:21 EDT 2020,Snapchat
UTFI6597,trantowr478,lowes342,Thu Feb 19 10:32:51 EST 2015,Twitch
KRSX6910,leuschker167,mcdermotth802,Wed Aug 05 20:16:09 EDT 2020,Instagram
BLYO8929,hesselo817,gulgowskii668,Tue Jun 06 11:25:48 EDT 2017,Twitch
CYPG7351,feila293,schoens642,Wed Apr 20 13:21:06 EDT 2022,Pintrest
ZLNO6028,naderm956,robelm980,Thu Oct 10 13:50:15 EDT 2013,Twitter
IQDD2264,rennere616,bartonl231,Thu Aug 06 15:19:35 EDT 2015,Discord
PCJJ8297,cruickshankk316,rempels437,Sun Apr 10 11:16:07 EDT 2016,Reddit
EPDH9744,rodriguezm359,dooleyd156,Tue Apr 11 16:34:54 EDT 2023,TikTok
IDYL5929,hermistong722,dachk799,Tue Oct 08 02:26:00 EDT 2013,YouTube
YJHL4743,westg190,o'konp530,Tue Oct 02 18:37:59 EDT 2018,Reddit
ZSBI3806,stoltenbergr547,hahnm619,Mon Jul 23 01:24:52 EDT 2018,Instagram
RACS7303,handb249,colec282,Wed Apr 17 13:28:17 EDT 2019,Snapchat
VZDH4997,kovacekc410,mantem479,Sat Aug 13 14:41:13 EDT 2022,Telegram
JUCS9979,farrellc925,roobr947,Wed Jun 09 22:40:59 EDT 2021,TikTok
ILVZ1887,caspers501,casperm923,Tue Sep 27 15:30:07 EDT 2016,Twitter
YCPI5862,ziemet437,wuckertf156,Tue Apr 12 21:05:48 EDT 2022,YouTube
GAJB0874,raynorf341,welchk862,Tue Mar 28 20:43:18 EDT 2023,Pintrest
SHOB3133,browng538,ratkej118,Wed Oct 30 21:16:04 EDT 2013,YouTube
LTNN9604,boehmc932,harveyb381,Mon Sep 12 01:11:56 EDT 2022,LinkedIn
ATRC2171,schmelere756,jakubowskik899,Wed Apr 19 15:24:13 EDT 2017,Discord
FOYI3224,trompl803,hettingerm516,Sun Aug 25 00:36:06 EDT 2019,Snapchat
FHVP3698,hessela940,wolfm817,Sun Nov 28 04:47:45 EST 2021,WeChat
KGZU9050,lehnero140,kesslerd112,Sun May 29 07:34:26 EDT 2016,LinkedIn
XPBJ5398,dickinsont410,gaylordf864,Fri Jul 24 16:45:58 EDT 2015,Reddit
SIUF0961,brekkel213,dachr94,Sat May 08 11:22:57 EDT 2021,Discord
KCTZ0942,gaylordt153,swifte18,Wed Nov 10 11:25:40 EST 2021,Instagram
BNSA5165,rathi408,dachc705,Sat Dec 19 21:44:27 EST 2015,Twitter
AXTF7140,hettingerm170,reynoldsw978,Thu Jan 26 01:33:56 EST 2017,WhatsApp
HGWX7274,hoegerd285,parkerc934,Wed Dec 04 00:03:27 EST 2019,Discord
INQF1642,raynorf341,flatleye843,Sat Feb 20 19:39:51 EST 2016,Twitch
AKXH2196,hoegern900,wardb97,Mon Apr 04 04:32:10 EDT 2016,Twitch
IGHK0769,reichela761,cristf25,Fri Mar 09 20:37:10 EST 2018,Discord
LAKQ9466,ziemet437,harrism357,Sat Mar 05 07:29:04 EST 2022,Twitch
NUVS5638,macgyverm591,harveyw576,Sat Mar 14 21:02:28 EDT 2020,Pintrest
ONNK2408,haagl121,jacobsong135,Wed Oct 19 10:43:37 EDT 2022,LinkedIn
TNTC6920,littelm539,schaeferm686,Mon Feb 09 18:39:29 EST 2015,Discord
JVPD7920,schulistj658,muellere489,Tue Jun 30 16:32:53 EDT 2020,Twitter
UGHA6935,beattye640,faheyc501,Sun Mar 22 14:42:53 EDT 2015,Twitch
TEXB0305,blickl637,streichs577,Sun Apr 16 09:30:34 EDT 2023,Telegram
MRJP9909,swaniawskif854,kossw186,Mon May 21 14:08:22 EDT 2018,Instagram
DHEU6799,danielj220,sengere651,Sat Aug 22 11:05:48 EDT 2020,TikTok
TBWJ8596,brakust637,shanahane670,Thu Aug 28 22:36:19 EDT 2014,Telegram
UIBZ5838,robertsd848,faheyf352,Fri Aug 22 23:35:38 EDT 2014,WhatsApp
LSSQ5007,tillmanj48,wunschj8,Tue Dec 20 13:01:23 EST 2022,TikTok
OOBK2421,boded589,ritchieh126,Thu Feb 16 08:50:32 EST 2023,Instagram
JNNY7222,beerc221,hilllw265,Fri Jan 24 02:58:38 EST 2020,Twitch
DVPV5289,torphyf812,beerj869,Sun Mar 29 17:33:11 EDT 2020,Snapchat
MGCB8222,kuhicj206,rowek702,Sat Jan 22 06:11:27 EST 2022,Telegram
DTMX2058,bechtelarl853,conroyj225,Wed Oct 20 05:31:49 EDT 2021,Snapchat
PQZO1700,gislasonc28,feeneyc360,Sat Feb 10 05:39:18 EST 2018,Reddit
FLPX4936,feestb364,yostd387,Fri Jan 10 11:03:46 EST 2014,Discord
LWRQ2797,hansens352,mertzp77,Sun Apr 09 20:32:47 EDT 2023,Instagram
WEIT0940,effertzn648,armstronge215,Tue Sep 20 06:52:36 EDT 2016,Twitter
IALG5408,huela842,hansena791,Fri Feb 25 14:50:38 EST 2022,LinkedIn
DJRL2065,hettingerr570,lebsackm894,Sat Apr 18 23:11:49 EDT 2020,WeChat
ZOTD0568,harrisw782,jaskolskia29,Tue Mar 28 07:21:30 EDT 2017,Facebook
YDVT0575,schmittt445,satterfieldr196,Mon Aug 24 18:00:08 EDT 2020,Twitter
TQWR2889,ortizt568,bartona577,Wed Sep 11 05:51:55 EDT 2013,Twitter
VMXD5449,nitzschej321,boylel851,Mon Jan 30 18:48:44 EST 2017,Facebook
QXDB4467,aufderharr91,zulauft735,Wed Nov 11 11:54:03 EST 2020,Snapchat
YBTQ3918,wildermanr880,reichertr4,Sat Jan 21 10:17:16 EST 2017,Instagram
PMZX5242,legrosa299,turners625,Tue Mar 09 06:57:58 EST 2021,Discord
USEC2571,mrazk266,howev833,Thu Apr 13 15:30:32 EDT 2017,LinkedIn
HWXK7959,yostf235,wintheiserk44,Sat Sep 27 12:30:35 EDT 2014,Reddit
VLSF0832,mullerd430,farrelll202,Fri Jan 31 06:03:05 EST 2014,Pintrest
BVUB1712,stromand735,hoegerr921,Tue Nov 17 13:16:33 EST 2015,Facebook
UCFE3048,bergek930,ortizm401,Sun Jan 09 20:01:07 EST 2022,Twitch
UIIO6195,shanahana528,andersonb384,Wed Apr 30 21:18:19 EDT 2014,Discord
UCLY6740,franeckin562,bartellv840,Sat Jul 17 19:44:29 EDT 2021,LinkedIn
PFIO9303,rowef68,pfannerstillc130,Tue Aug 09 01:52:34 EDT 2022,Twitch
TUUH9330,lebsackn350,treutelk659,Fri Aug 02 06:13:36 EDT 2019,WeChat
IOKG0850,considinem505,ernserd949,Thu Jan 11 10:45:21 EST 2018,WeChat
VQEB4392,luettgent790,bartellm669,Wed Nov 25 19:26:15 EST 2015,Pintrest
VAZI0899,gorczanys243,gerholdi153,Wed Sep 28 02:22:18 EDT 2016,Twitch
XKAC3712,bodem427,keelingb178,Wed Apr 18 09:29:44 EDT 2018,Discord
HEHJ0044,denesikv8,fadele252,Fri Jun 20 12:10:24 EDT 2014,Discord
BHEF5604,hickler428,schusterm46,Fri Sep 14 17:01:36 EDT 2018,Twitter
LSMS7321,toyf907,stromanf527,Thu Sep 05 23:33:08 EDT 2019,Reddit
CBHR9738,abernathyx416,rempels440,Tue Nov 25 15:20:36 EST 2014,Twitch
BPSQ5118,kuhicj206,paucekd514,Thu Jun 29 19:37:48 EDT 2017,Discord
ZJPS1575,oberbrunnere358,morissettes242,Fri Oct 29 18:31:26 EDT 2021,Facebook
GCSZ7551,breitenbergg670,botsfordp406,Thu Sep 10 16:12:26 EDT 2020,Discord
DRYZ4039,rogahnm738,lynchj877,Tue Apr 12 13:51:34 EDT 2016,LinkedIn
YOBK1812,mayerts516,kulasw278,Fri Dec 09 18:52:44 EST 2022,Facebook
MYMR1613,corkeryj569,dickinsonv335,Mon Feb 29 03:59:29 EST 2016,Reddit
BKGH0746,goldnerh121,grantj91,Tue Mar 24 10:36:26 EDT 2015,Twitch
EIIJ1560,bogisichs535,barrowst254,Wed Apr 15 16:46:09 EDT 2020,WeChat
ENAG4360,sawaynt503,vandervorte38,Thu Oct 20 11:15:35 EDT 2022,LinkedIn
AOKL3726,heidenreichm76,swaniawskin812,Sun Nov 14 21:51:58 EST 2021,Instagram
DPNB5176,barrowsr415,keelinga189,Wed Jan 30 03:43:13 EST 2019,Telegram
XLFF3593,schuppea800,hahnt877,Sun Oct 04 03:24:23 EDT 2020,Snapchat
JADE5320,connellyo694,waelchif543,Thu Jul 12 05:08:41 EDT 2018,YouTube
SNEN6304,langoshc171,shanahanr927,Thu May 25 10:58:23 EDT 2023,Reddit
KKOW9091,nienowe371,cummeratah782,Sun Sep 22 16:28:49 EDT 2013,Telegram
ZNRW0521,bednarl59,lebsackm894,Mon Dec 04 16:07:21 EST 2017,Telegram
CZXM4824,weimannf71,jenkinsd233,Tue Nov 12 09:24:29 EST 2013,Pintrest
AUQC5972,abernathyn945,luettgenb815,Sat Aug 13 12:58:21 EDT 2022,WhatsApp
XQJQ6104,stoltenbergr373,schoenl77,Thu Nov 01 05:33:15 EDT 2018,Twitch
PRSZ6502,kihnh773,ondrickat667,Tue Feb 13 15:35:19 EST 2018,Instagram
EAPQ9081,mayerl658,considinec207,Sat Jul 01 22:46:25 EDT 2017,YouTube
XWYP3777,schulistw970,vonruedenf425,Tue Feb 16 09:59:32 EST 2021,Telegram
OCJU7392,auerb784,grimess607,Mon Aug 15 23:22:54 EDT 2022,Twitch
CIBP1401,conroye497,lescht678,Thu Jul 22 19:09:09 EDT 2021,TikTok
MKIT6750,pourosl259,rennerr763,Sat Mar 14 23:54:29 EDT 2015,Telegram
HNQU7457,blicks772,pfannerstilla89,Wed Jan 08 22:14:33 EST 2020,Pintrest
RTWF3889,wolfe454,hudsonj970,Tue Sep 29 05:41:12 EDT 2020,YouTube
OUCQ5733,morart436,bashiriano20,Thu Sep 21 15:09:33 EDT 2017,Telegram
AEEJ9458,abernathyl652,reingerr657,Mon Jan 31 19:40:11 EST 2022,Snapchat
TLKG4868,turnera241,rutherfordb478,Wed Aug 10 06:26:53 EDT 2022,WhatsApp
LEEX6522,jenkinsc758,welchk862,Thu Oct 01 08:14:06 EDT 2020,YouTube
PWNJ9329,schoenh319,uptonm495,Wed Apr 19 20:20:42 EDT 2023,Discord
BGRJ5675,hilpertk740,hilperta772,Wed Dec 25 12:54:33 EST 2019,Discord
GMBF2597,hamillm767,bauchg254,Sat Aug 29 05:34:34 EDT 2020,Telegram
TYXF9979,hermana873,metzh114,Mon Jul 18 07:43:52 EDT 2022,Instagram
LNTT2819,wiegandj84,creminw352,Tue Jan 19 15:41:55 EST 2016,Instagram
LHVM7759,jacobsonr771,connellym642,Tue Feb 23 20:45:30 EST 2016,WhatsApp
SQJP6150,collierm36,considinem337,Thu Sep 03 00:24:29 EDT 2015,YouTube
JKYB4137,schambergerl155,homenickj634,Sat Mar 26 17:09:06 EDT 2022,Twitter
XOZW3120,bahringerl332,altenwerthw723,Wed May 07 22:02:08 EDT 2014,Twitch
IORC0525,blockl624,gislasonc28,Sat Apr 20 05:32:11 EDT 2019,Twitch
SLIJ4254,beckerw475,bruenv697,Thu Apr 24 08:16:07 EDT 2014,Facebook
NNBT3196,connl747,shieldsv291,Thu Sep 25 13:08:14 EDT 2014,TikTok
UMEX6793,mcdermottd631,dietrichj491,Mon Nov 03 15:02:54 EST 2014,Twitter
TQGS0116,osinskic349,weimannb942,Mon Oct 03 19:37:45 EDT 2022,Telegram
PIFA4560,franeckin562,prosaccol88,Sun Jul 14 19:34:05 EDT 2019,Twitter
MSVN9615,pourosa257,mertzo808,Wed Jun 11 23:00:08 EDT 2014,Twitch
GUKV1737,aufderharl959,predovici184,Wed Feb 22 11:08:16 EST 2017,YouTube
LEKK2984,schoenh319,faheyd964,Mon Jan 25 22:28:52 EST 2021,Facebook
GVUF5650,gusikowskil143,reillya159,Wed Jan 22 11:41:59 EST 2014,WeChat
NGFL4855,bartolettii294,o'connerr637,Tue Mar 17 17:04:57 EDT 2020,Snapchat
GSSO6234,walterd508,simonisn711,Thu May 25 07:37:37 EDT 2017,WeChat
XMII1757,schuppem622,gulgowskia430,Fri Jun 21 15:09:58 EDT 2019,WeChat
IFDQ1035,reillyc913,brakusm676,Sun Oct 23 03:28:19 EDT 2022,Twitch
OUTJ2897,paucekm486,hicklet872,Thu Oct 17 06:56:02 EDT 2013,WhatsApp
XXXD5074,marvinh702,corwinl106,Thu Nov 10 14:53:29 EST 2022,Twitter
PMEJ8534,schummn254,sengerb692,Wed Apr 13 10:20:14 EDT 2016,Snapchat
PXDZ3629,greenfelderd685,wiegands930,Sat Sep 18 17:41:22 EDT 2021,WeChat
JHBM4753,daughertym193,hodkiewiczs702,Tue Mar 08 11:21:06 EST 2016,Instagram
ELJF1355,moeno407,tromps375,Wed Jul 03 04:31:36 EDT 2019,Pintrest
FXNY4816,hettingerm170,rennerw99,Thu Nov 24 06:52:23 EST 2016,LinkedIn
IFWU0638,rutherfordl18,kirlinp43,Fri Oct 08 15:13:35 EDT 2021,Snapchat
ELGB7012,stehra127,monahans754,Tue Apr 02 19:02:09 EDT 2019,Reddit
XITC0771,keelingl696,lebsackm364,Mon Dec 26 10:04:46 EST 2022,Facebook
MAIG1433,creminj478,rosenbauma91,Fri Jun 07 08:11:17 EDT 2019,WhatsApp
BXPM2305,beahanl201,goyettek571,Sat Jul 30 07:25:30 EDT 2022,YouTube
QMEK4530,mohrd613,bartolettil363,Sun Jun 23 15:05:43 EDT 2019,WhatsApp
KPCX1895,krisd573,nicolasd910,Thu Mar 12 04:01:36 EDT 2015,Pintrest
CYHX2183,carrolll961,wisokyj122,Tue Jul 28 04:37:03 EDT 2020,YouTube
LWOO4540,feeneyg683,o'keefew619,Tue Jun 23 02:34:54 EDT 2015,WhatsApp
QDMF2607,beahanl201,robertse980,Tue Nov 21 05:11:00 EST 2017,Twitch
SXVH8644,quitzonk56,dubuquei21,Sun Mar 10 20:24:32 EDT 2019,Telegram
TDML7487,heidenreichm76,connj208,Fri Nov 20 02:48:00 EST 2020,Reddit
WVBZ3557,swifte388,cristl250,Wed Nov 21 09:56:23 EST 2018,LinkedIn
YNDX1195,steuberb864,cummingsn750,Mon Nov 12 12:52:38 EST 2018,WeChat
GYYL1065,ernserb905,blickb689,Tue Nov 12 01:11:42 EST 2013,Instagram
NYCL4677,bodea388,haleyl172,Tue Nov 26 19:50:22 EST 2019,Snapchat
HFNU5100,colee50,trantowc285,Wed Jun 16 10:22:22 EDT 2021,Twitch
SDAN0424,bernhardc212,lednerw319,Sat Oct 08 04:10:09 EDT 2022,Reddit
HCAQ1684,ratkem3,osinskic184,Sun Dec 13 09:15:47 EST 2020,Instagram
DMFD1787,rosenbauma574,bechtelarl500,Sat Feb 27 14:11:54 EST 2016,TikTok
UQRO8484,feestb203,donnellye529,Fri Dec 20 12:09:42 EST 2013,WhatsApp
KCGW7065,jacobic471,hoegerh780,Thu Mar 02 13:44:14 EST 2023,Discord
IIEE0442,connm375,hettingerw641,Thu Jun 14 13:38:27 EDT 2018,WhatsApp
YKEQ5244,mosciskip237,grantr653,Sat Nov 05 05:54:30 EDT 2016,WhatsApp
BIQF7510,yundtr735,jacobsonm487,Mon Dec 26 20:35:27 EST 2016,WhatsApp
OWJM3669,kulash520,hageneso770,Sun Sep 28 20:48:56 EDT 2014,TikTok
KVGI9645,stiedemanng529,willj191,Mon Aug 02 06:31:49 EDT 2021,Snapchat
EISZ5905,hahnn961,hyattc117,Sat Jul 25 17:39:24 EDT 2020,YouTube
ATGL4976,nolant810,adamsc915,Tue Sep 27 23:04:16 EDT 2022,Reddit
XCDA9168,steubers299,hillll28,Wed Oct 09 17:30:53 EDT 2013,Instagram
VHVS1788,croninf775,powlowskib869,Fri Apr 03 03:21:44 EDT 2015,YouTube
ZWRX3645,faheyd484,kilbackr743,Thu Mar 09 02:03:52 EST 2017,Pintrest
JKDX7780,rippint578,deckowa611,Thu Apr 05 09:18:38 EDT 2018,WhatsApp
JLPX1454,reichelc338,kunzec398,Sun Nov 27 12:28:24 EST 2022,Discord
MCLC2688,runolfsdottiro332,stromand735,Tue Dec 20 03:06:58 EST 2016,Reddit
OKWJ2641,braunt897,kutchj794,Wed Jun 24 21:33:54 EDT 2015,Snapchat
BSQB8856,hettingerl541,o'connellb547,Thu May 18 14:03:27 EDT 2017,LinkedIn
RBDV0195,kerlukel466,pfannerstilll83,Wed Aug 09 05:33:25 EDT 2017,Facebook
VPBV1075,ritchieg296,tremblayi74,Mon May 29 14:28:43 EDT 2017,Pintrest
YEQA1841,ondrickat667,feilr632,Fri Jan 27 14:06:38 EST 2023,Discord
RHCS7812,balistrerig283,kuhlmanm162,Thu Feb 02 08:49:17 EST 2023,Twitter
QYVI5660,mclaughlinm434,toym831,Mon Aug 11 21:16:21 EDT 2014,Telegram
SURO4698,rodriguezp78,hoppej120,Sat Apr 29 05:47:25 EDT 2017,Snapchat
RGCE7472,wiegands930,hanem272,Sun Jun 03 02:27:15 EDT 2018,TikTok
DEKG3654,macgyverp347,danieln545,Fri May 14 03:31:54 EDT 2021,Telegram
THQU6209,baumbachl554,raynorb505,Wed Feb 23 05:43:08 EST 2022,YouTube
JZGW8626,heidenreiche31,veumw183,Mon Aug 28 14:10:46 EDT 2017,Facebook
LVIF3450,bergnaumc716,treutelm311,Fri Nov 02 21:07:42 EDT 2018,YouTube
ZRKH9627,herzogm499,prohaskae749,Sat Jul 05 05:54:50 EDT 2014,Discord
PXHF1035,ortizj589,andersonm844,Sun Nov 20 06:24:12 EST 2022,Reddit
JMHU1203,nicolasv963,brakuse887,Wed Jan 23 10:45:53 EST 2019,YouTube
ZDDL3952,haleyt99,hillst147,Sat Sep 17 07:24:14 EDT 2022,LinkedIn
BGTL3366,howel319,wuckertj101,Sat Nov 05 04:32:44 EDT 2016,Snapchat
FXLS7043,ernserd949,monahanc297,Fri Jul 31 01:38:56 EDT 2020,Instagram
WQBS6171,krisw834,wolfg519,Mon Aug 11 15:20:21 EDT 2014,Snapchat
USVP8515,hyattm902,rosenbaumj825,Wed May 19 17:33:21 EDT 2021,Instagram
LLTL7063,hudsont444,simonish852,Thu Apr 07 13:18:46 EDT 2016,Facebook
AXMI9741,hanel343,hayesb15,Thu Jan 04 06:32:31 EST 2018,Twitch
JZKW5039,harrise800,rices433,Sun May 08 14:11:33 EDT 2022,WhatsApp
EANN8802,hande366,kovacekn433,Tue Jul 26 01:31:47 EDT 2016,WeChat
TZMM9913,kutchr482,littelm539,Wed Sep 05 02:29:12 EDT 2018,Discord
LIZH7008,walkerf4,treuteld55,Wed Aug 28 00:27:32 EDT 2013,LinkedIn
JIFN2254,turcotted115,simonise339,Thu Jul 10 11:27:33 EDT 2014,Pintrest
RPBT6109,jakubowskic869,quitzons260,Fri Nov 10 15:15:58 EST 2017,Snapchat
PFZQ5956,pourosa93,schustern462,Sun Dec 13 21:57:43 EST 2015,Instagram
XGEB6610,durganf116,keelingl696,Thu Apr 11 04:24:56 EDT 2019,YouTube
PLMN2130,labadiem711,vonruedenw839,Tue Oct 12 17:44:15 EDT 2021,Twitter
WNSV8945,batzs467,beahanl448,Mon Feb 10 14:25:24 EST 2020,Twitter
MHLW2918,larkini402,larsonn384,Thu Aug 13 17:34:01 EDT 2020,Telegram
PYEX0048,hammesj907,schummw168,Wed Feb 18 03:53:19 EST 2015,Facebook
QRVI5391,rohang212,toys297,Tue Jun 27 17:51:30 EDT 2017,YouTube
PUYA9186,wittingb722,cronam778,Fri Jan 31 15:00:58 EST 2020,Discord
DBRL3658,nienowk422,purdye32,Sun Nov 09 15:02:00 EST 2014,TikTok
LYBU7633,doylej684,kuhicn594,Fri Aug 15 02:17:44 EDT 2014,WhatsApp
KACO4909,schoena732,gutkowskic411,Tue Dec 28 17:53:22 EST 2021,Snapchat
OFTX1770,ornb665,joness815,Thu Jul 18 07:59:36 EDT 2019,TikTok
EALM6716,oberbrunnerc453,balistreril266,Sun Aug 26 23:23:10 EDT 2018,Pintrest
TBUD8156,stiedemannd284,kozeyb422,Tue Aug 03 23:10:31 EDT 2021,Facebook
ZIXT6933,o'reillya96,thompsona954,Fri Sep 30 22:31:48 EDT 2016,WeChat
LSGS0649,pacochan6,wisokyl40,Sun Feb 12 12:20:33 EST 2017,LinkedIn
GOAP8707,yundta301,rutherfordl18,Wed Dec 09 16:52:14 EST 2015,WeChat
UPFU8351,dietriche182,ratkea954,Thu Aug 03 17:12:57 EDT 2017,Facebook
STID5829,jerded32,batzl330,Sat Dec 17 22:28:08 EST 2016,Facebook
NTCN3772,zulaufm436,crooksk188,Sat Aug 13 01:44:31 EDT 2022,Telegram
JCTO4134,davisr261,nitzschel831,Sat Mar 23 22:26:28 EDT 2019,LinkedIn
HFIL2663,kovacekn433,runolfssonn925,Tue Jul 15 18:55:24 EDT 2014,Snapchat
GMDJ1604,boyerk808,ortizt568,Sun Jul 17 04:06:09 EDT 2022,Discord
RQKD7530,lefflerd830,morarr19,Wed Aug 27 06:19:13 EDT 2014,Facebook
VMPZ2953,marvinj486,kriss260,Sun May 24 08:26:08 EDT 2020,LinkedIn
OOUJ0438,quitzonh482,kuhlmanj729,Tue Dec 10 11:18:11 EST 2019,Telegram
WLNX5453,stoltenbergd2,lubowitzd901,Fri Mar 18 10:35:26 EDT 2016,Facebook
KZOE3885,walterr790,turnerc506,Thu Jan 03 02:25:11 EST 2019,Snapchat
FGLG5346,beerj869,rutherforde401,Tue Jan 19 01:32:09 EST 2021,Discord
ATBU8147,lefflerk388,wymanp733,Wed Feb 03 20:21:52 EST 2021,Twitter
OHZZ8698,mohrd613,beerj941,Mon Sep 23 00:15:53 EDT 2019,Facebook
DOZR2068,jacobsm252,braund456,Tue Dec 31 19:50:30 EST 2019,WhatsApp
DHIW6632,bogant513,wolffm69,Mon May 05 09:11:50 EDT 2014,Twitter
KMDJ6227,skilesh188,lednerj282,Sat Aug 12 10:28:24 EDT 2017,Reddit
EIKE7662,doylem849,nadera464,Fri May 02 20:53:39 EDT 2014,Pintrest
AJCC1593,baileyk775,mohrs366,Fri Jun 08 21:56:24 EDT 2018,LinkedIn
YCTK3621,wittinga373,adamsn288,Thu Jun 05 13:47:17 EDT 2014,TikTok
TIGX1022,o'haraa478,kuhicl706,Wed Aug 27 03:56:20 EDT 2014,Instagram
MKKP2730,wuckertf156,windlern612,Tue Aug 28 10:10:56 EDT 2018,Pintrest
CIRX1249,greenholte361,huelm834,Sat Oct 16 01:57:25 EDT 2021,Facebook
KZVI2825,beattyl730,lakinh185,Fri Apr 01 11:34:35 EDT 2016,Pintrest
KWFZ0585,borerb99,moorem387,Sat Oct 12 18:55:03 EDT 2013,Reddit
QWHL9076,sipesa18,aufderharf558,Sat Nov 23 17:57:06 EST 2013,WhatsApp
WFVB6567,o'reillyd196,pfeffera343,Tue Dec 29 07:07:32 EST 2020,Discord
FZGM4417,moorem387,skilesp583,Tue Dec 20 19:26:28 EST 2016,LinkedIn
WOGM7303,vono247,murphyb268,Sun Jan 26 02:08:29 EST 2020,Twitter
IWPM3010,greenfelderc936,doylem369,Fri Jun 06 05:27:24 EDT 2014,TikTok
GWCS0319,kirlinh620,hilpertr813,Thu Aug 25 09:58:39 EDT 2016,YouTube
EJKA7294,mosciskip237,kingg193,Fri Mar 04 06:38:01 EST 2016,Instagram
LKUJ8134,emmerichm500,dickinsont706,Tue Feb 25 19:22:28 EST 2020,Snapchat
TZFD0057,whitec782,leuschkew807,Wed Jun 26 19:41:52 EDT 2019,Facebook
EGVI6021,terryt74,bergnaumh224,Sat Jan 11 04:02:37 EST 2020,Facebook
QEPG1515,daughertyk207,baumbachl501,Fri Aug 23 13:57:26 EDT 2013,WhatsApp
UAAV7406,kuhlmanc564,vandervorts539,Mon Nov 12 19:52:23 EST 2018,TikTok
VDHG7252,osinskic184,gottliebd50,Sat Oct 05 05:47:06 EDT 2013,WhatsApp
GBUX1560,kulasd103,thielr529,Tue Nov 01 16:16:15 EDT 2022,LinkedIn
UHAC5122,leuschkes746,ratkem3,Sat May 20 14:12:10 EDT 2017,YouTube
LJBV6509,swaniawskic353,lindgrena413,Sat Apr 02 16:19:51 EDT 2022,Facebook
FSGX9459,johnsa576,haucka470,Fri Jun 16 13:08:45 EDT 2023,Telegram
ZCXI0929,jacobsone460,schusters503,Tue Apr 28 21:31:21 EDT 2020,Snapchat
BXMB2515,gibsonk107,klingf115,Fri Jan 27 20:47:42 EST 2023,Snapchat
VWGA8479,mitchellw217,millsj347,Thu Jul 21 09:52:52 EDT 2016,Twitch
TXNK8687,hettingerp97,dubuquew895,Mon Nov 02 03:52:09 EST 2020,WhatsApp
SAVW4454,fayl107,morarp318,Sat Feb 25 18:58:14 EST 2023,Instagram
SKOH1581,murphye229,dibberta372,Wed Jul 29 04:48:02 EDT 2020,Discord
AFMG1311,wunschc973,morart436,Sun Dec 22 19:08:10 EST 2013,WhatsApp
GFLZ2757,altenwerthf958,sipesm88,Fri Mar 31 07:25:08 EDT 2017,Twitter
KMAD6560,tillmanj48,treutelc672,Sat Jun 17 06:28:43 EDT 2023,WeChat
WBVY6141,moorec792,kshlerinm534,Fri Jul 27 22:26:10 EDT 2018,Reddit
LTQG2287,schusterb588,kuphale154,Mon Sep 26 05:58:10 EDT 2016,Twitch
EQIT9716,bahringerp784,dache92,Thu Nov 28 07:58:27 EST 2013,Twitter
JRRA7560,gibsond184,faheyc501,Thu Mar 10 22:56:51 EST 2016,Instagram
RXXG2616,runolfsdottirj663,skilesm741,Tue May 30 21:01:14 EDT 2017,Reddit
ZKQD8240,marquardtd130,corwing191,Fri Mar 28 09:33:11 EDT 2014,Twitch
JBUO3037,ebertk566,trompd373,Fri Mar 23 07:22:42 EDT 2018,TikTok
PJTZ1818,sawaynt503,blandah56,Sat Jan 02 08:38:18 EST 2016,Telegram
WZJC2116,friesenc665,schowalterj211,Mon Jun 15 05:51:24 EDT 2020,TikTok
FIOE7815,padberge871,stoltenbergd2,Wed Jul 27 01:17:18 EDT 2016,Facebook
QIJM0767,adamsv249,bartellv840,Sun Nov 16 06:42:48 EST 2014,Twitch
LFHE5077,leschi712,o'reillyj47,Tue Aug 13 02:53:30 EDT 2013,LinkedIn
AYYL4987,littels567,johnsa451,Thu Aug 17 01:42:45 EDT 2017,LinkedIn
KCEA7748,russels458,farrellb238,Thu Apr 30 14:21:03 EDT 2015,Reddit
AFGN6560,binsj706,brekkea839,Wed Dec 04 00:00:33 EST 2019,TikTok
HCNJ9720,prosaccou466,konopelskim819,Wed Jul 10 19:58:33 EDT 2013,Discord
YTHD7877,bruens221,hansena791,Mon Aug 01 12:12:06 EDT 2016,Snapchat
DYQD6581,lyncha417,connt314,Sat Nov 14 11:52:18 EST 2015,Instagram
AIEF8241,hyattd680,ernserh737,Sat Dec 23 05:29:19 EST 2017,WeChat
KNFC4363,satterfieldr196,blickc301,Sat May 19 14:39:48 EDT 2018,WhatsApp
YYZR5097,altenwerths91,cummingsr118,Thu May 05 15:56:59 EDT 2016,LinkedIn
EPSE8090,jerdeh17,considinej734,Sat May 14 15:11:38 EDT 2022,Snapchat
WVNB6118,terryt74,reillyv760,Tue Dec 16 04:30:24 EST 2014,Pintrest
IZYS6563,mclaughlinl109,stoltenbergr373,Sat May 06 03:18:03 EDT 2017,WeChat
KTUB9633,bahringerr384,aufderhara910,Mon Jun 06 03:03:53 EDT 2016,LinkedIn
WSBB7001,goodwinl863,rippinc153,Sun Aug 11 10:47:54 EDT 2013,LinkedIn
ONON7352,jacobsong135,hellerh250,Mon Oct 18 22:04:17 EDT 2021,Facebook
LUIY7595,johnstonj138,gutkowskic411,Thu Jun 18 00:09:58 EDT 2020,Twitch
HPTV9809,weissnate873,creminl254,Thu Dec 31 06:18:31 EST 2020,WhatsApp
YRSN8291,hoegern900,schummr639,Wed Feb 19 13:48:41 EST 2014,Twitch
GYWR1831,greenholto456,rueckerr189,Fri Jul 12 13:55:15 EDT 2013,TikTok
GWFK9425,ondrickaj364,emmerichl410,Fri Mar 09 04:42:13 EST 2018,LinkedIn
TDFY4832,wintheiserm298,kuphaln621,Tue Mar 13 20:34:26 EDT 2018,YouTube
JROY6526,baileyx808,ziemea870,Sat Feb 26 22:53:52 EST 2022,TikTok
RZDH8981,haagj457,rohanc670,Fri Oct 12 22:48:06 EDT 2018,Instagram
NCVR0655,kubd148,cummingsh48,Sat Jul 26 16:55:53 EDT 2014,Reddit
DOAZ9063,gottliebj415,mullerp139,Tue Dec 31 00:58:00 EST 2013,Discord
XEVW1264,ernserv539,dachm447,Sat Sep 16 22:05:01 EDT 2017,Pintrest
DTBH0506,zemlakk647,raynord666,Wed May 11 02:52:15 EDT 2016,Snapchat
XNXS0623,gibsonr346,hegmannv322,Sat Jul 09 10:40:03 EDT 2022,YouTube
TCBK1544,flatleyk522,lubowitzb31,Mon Dec 07 00:53:04 EST 2015,WeChat
IAQO6054,douglasd722,wildermanc337,Tue Aug 31 17:07:31 EDT 2021,Discord
OVPC9025,bodem427,schmidtp578,Fri Jul 31 01:08:17 EDT 2015,YouTube
TUAD6323,beierj549,jonesk110,Sun Sep 04 04:16:11 EDT 2022,Telegram
MVYZ3201,bergstrome443,pourosa93,Mon Jun 24 19:52:59 EDT 2019,LinkedIn
UGGP6211,treutelw618,kuhnd306,Mon Nov 06 07:20:14 EST 2017,Telegram
IKZV2251,gorczanym139,hamilll862,Thu Feb 25 11:37:32 EST 2016,WhatsApp
ADNC8780,beattyn916,deckowc251,Thu Mar 03 07:00:05 EST 2016,WeChat
JGNI3401,shanahanj189,crooksf495,Sun Mar 29 13:33:42 EDT 2015,WhatsApp
AGIM6019,dickinsont706,larkini402,Mon Dec 17 19:05:09 EST 2018,Twitch
ALCR4849,willmso175,greenfelderd685,Wed Jan 21 11:52:23 EST 2015,Pintrest
NRSA9691,macgyvere760,kilbackk593,Tue May 29 16:23:09 EDT 2018,Twitter
ICCF5473,paucekt510,purdya431,Thu Sep 30 01:29:57 EDT 2021,Telegram
QPLK4995,handl320,robertse980,Thu Dec 10 19:13:34 EST 2020,Instagram
DQUR2160,cartert625,goodwind935,Mon Jul 30 12:37:27 EDT 2018,Instagram
AGGJ7367,wuckertj84,d'amorec890,Mon Sep 14 07:16:34 EDT 2020,WhatsApp
IJVX3068,wymanl190,metzf476,Tue Jul 08 09:12:19 EDT 2014,LinkedIn
AZRC1892,powlowskib869,wuckertk705,Sun Aug 16 07:08:18 EDT 2020,Facebook
YBCP3960,pfefferi440,denesike672,Tue Feb 12 20:59:17 EST 2019,LinkedIn
HZFW5812,stoltenbergs623,rosenbaumm211,Wed Jan 05 04:56:50 EST 2022,Facebook
AVGW9900,larkind881,wolft529,Mon Aug 01 18:41:56 EDT 2016,Discord
MBTD1205,strackeg739,cassinw182,Sun Dec 22 11:07:32 EST 2019,TikTok
KZOL4367,legrosb920,gerlachc316,Mon May 11 16:06:22 EDT 2015,Reddit
HQLP7622,nadera464,weberh559,Fri Jun 10 20:00:30 EDT 2022,YouTube
OQMC8987,uptonh799,cassinm740,Sun Feb 05 15:17:26 EST 2017,Pintrest
RCCW2311,stokess859,wintheiserj226,Sat Feb 08 07:41:23 EST 2020,LinkedIn
MVRZ6000,rowem481,stamma785,Thu Oct 04 00:15:20 EDT 2018,Telegram
IGML7399,schultzy760,douglasb298,Wed Nov 04 10:49:27 EST 2015,Reddit
AKZV7215,fadelc25,kassulked287,Wed Oct 27 08:46:53 EDT 2021,YouTube
LOWN4201,ullrichb119,shanahanz276,Thu Jun 11 15:14:59 EDT 2020,WeChat
ICNU0391,kutchb46,emmerichl410,Tue Jun 27 10:06:05 EDT 2017,Twitter
LQHW9902,kozeyb422,cummingsl859,Fri Feb 16 12:22:28 EST 2018,Pintrest
AWJM2134,fadelb497,murazikj718,Tue Mar 29 22:42:58 EDT 2016,WeChat
FXSY8487,schuppet534,powlowskij370,Wed Aug 12 05:57:28 EDT 2020,TikTok
RAHI3240,bruenh589,weissnatp304,Mon Sep 12 15:09:38 EDT 2022,Pintrest
OQEP2155,kirlino124,ondrickav159,Wed Sep 13 08:13:32 EDT 2017,Telegram
HBQJ3508,morari191,lockmans725,Fri Mar 24 15:37:48 EDT 2017,Telegram
XYRQ9984,stiedemannf288,hansenw728,Wed Jun 03 20:28:19 EDT 2020,Instagram
SDIJ5019,schmelere756,williamsont541,Sat Jul 13 11:32:39 EDT 2019,YouTube
LOFD0739,rohans74,franeckit637,Sun Nov 27 04:50:25 EST 2022,Facebook
KRTR7836,walterd842,schaeferm686,Fri Dec 29 20:18:41 EST 2017,WhatsApp
EJOV2004,bogisichc306,wiegandj84,Wed Nov 08 20:51:12 EST 2017,Instagram
KWPY7030,murazikg476,luettgenb815,Wed Nov 26 10:33:41 EST 2014,Instagram
NDJK2047,wuckertt725,paucekj406,Thu Apr 22 19:50:52 EDT 2021,Twitter
VOFZ8629,kutchc903,andersonj512,Fri Nov 12 19:46:58 EST 2021,Telegram
PJDP8549,jacobih654,sawaynm933,Mon Mar 09 07:53:21 EDT 2015,Twitter
CSJA0259,torpj215,kemmerg967,Mon Oct 28 13:32:54 EDT 2013,WhatsApp
SAIB3778,leschb231,kochm34,Fri May 30 04:42:11 EDT 2014,Snapchat
INHG9904,doylej684,huelsl664,Thu Jul 23 02:13:45 EDT 2020,Instagram
EJTY6692,wolft529,cummingsg935,Thu Apr 01 23:22:08 EDT 2021,Discord
IAMO6770,crooksp627,lakinl554,Sun May 05 21:02:51 EDT 2019,Discord
MVBX7224,rosenbaumc670,stokesc106,Fri Oct 01 02:39:25 EDT 2021,Reddit
UUPU3834,simonisn711,wisozkb679,Thu Feb 27 18:00:41 EST 2014,YouTube
XRBQ8188,herzogj877,kirlinl90,Tue Aug 20 07:17:00 EDT 2019,Twitter
ZEGR6272,heidenreichh574,reynoldsj149,Sun Oct 20 09:13:27 EDT 2019,YouTube
TCVA7270,wymanl190,starkj917,Fri Nov 08 10:14:37 EST 2019,Telegram
KWYR5173,leuschked317,robelm980,Fri Mar 15 09:43:57 EDT 2019,Snapchat
PANZ4701,corkeryl751,emmerichs112,Fri Feb 09 19:49:35 EST 2018,LinkedIn
KMDZ0684,hilllf276,johnstonj138,Mon Jan 23 02:59:58 EST 2017,Twitter
GPNH8279,harrisn176,kassulkeh412,Mon Feb 10 16:51:04 EST 2020,Twitch
MXDE7865,champlins635,beiery522,Sun Feb 08 20:39:19 EST 2015,Pintrest
LOES2337,ferryl2,blockt470,Wed Apr 17 05:08:32 EDT 2019,Reddit
VGFR2647,hilpertm276,erdmane493,Mon Oct 03 17:52:14 EDT 2022,YouTube
ZBVV2016,grantb760,champlink362,Mon Mar 21 03:20:05 EDT 2016,WhatsApp
KQKS7907,starkj482,smithk796,Thu May 27 06:56:31 EDT 2021,Telegram
SUUI9004,maggiom69,tromps739,Sat Jan 11 15:00:29 EST 2020,Telegram
RKAT9670,swaniawskin812,dooleye448,Sun May 28 14:35:33 EDT 2023,Reddit
QFQN7260,wunschm674,kovacekc518,Sat Sep 21 12:14:10 EDT 2013,Pintrest
ABKO6627,waelchik351,quitzont311,Mon Dec 16 07:58:31 EST 2013,WhatsApp
QEYF9134,stokesr79,kulasa222,Mon Nov 12 06:08:42 EST 2018,Pintrest
XHWY2018,kesslera617,trantowc503,Thu Dec 22 06:07:17 EST 2016,TikTok
NIZU4746,cartwrightc293,kihna229,Thu Feb 01 12:34:06 EST 2018,Reddit
JHGA4842,stiedemannc197,quigleyr239,Fri Jan 01 02:59:16 EST 2021,Twitter
BRCW6641,quitzona878,douglasd722,Thu Aug 20 16:31:23 EDT 2015,WhatsApp
FDUZ4549,kirline452,hartmannd936,Mon Dec 25 19:19:29 EST 2017,Snapchat
LKMQ5645,westj668,kassulkeg547,Tue May 23 01:32:32 EDT 2017,TikTok
LAMK8803,koelpina1,hickleg97,Fri Sep 27 00:37:12 EDT 2019,Facebook
JTGT2979,schuppej408,feeneyb589,Fri Jul 27 04:13:09 EDT 2018,WhatsApp
TFJS9322,o'connerr637,medhurstv795,Thu Dec 12 11:26:57 EST 2019,Twitch
WUMA6151,lednerc39,lescha38,Wed May 20 09:29:27 EDT 2020,TikTok
OXEZ2049,watsicas585,hoegerr921,Thu Jan 04 22:44:31 EST 2018,Snapchat
CYUU9491,dachr94,watersa578,Sat Dec 21 11:48:18 EST 2019,YouTube
JIJH7964,williamsonj612,kuvalisi380,Fri Nov 19 00:08:23 EST 2021,Facebook
QJXH4928,o'reillyr573,kovaceka47,Thu Apr 20 17:30:49 EDT 2017,Snapchat
RKME8159,watsican270,lefflerj330,Wed Jul 17 06:56:40 EDT 2019,LinkedIn
SZPE0019,mcglynnk649,runolfsdottiro332,Sun Mar 16 13:14:59 EDT 2014,Discord
MMFW6336,abshired281,ullrichl625,Tue Aug 01 16:06:58 EDT 2017,WeChat
BTCH8223,streichs577,lowes129,Sat Jul 07 17:44:49 EDT 2018,YouTube
OPQX9127,pollichd81,collinsm65,Thu Jun 06 04:44:26 EDT 2019,Discord
UPQY8993,rippinr871,sporerw880,Wed Nov 11 20:50:59 EST 2015,Pintrest
FWDD0212,jasta960,dubuquem858,Tue Dec 22 13:58:08 EST 2020,TikTok
FGRB6570,stantonj806,wymanl190,Tue Oct 15 13:12:37 EDT 2019,Twitter
CWVA3988,ernsert592,bartonl243,Sat Feb 26 15:33:43 EST 2022,Pintrest
YYNN0678,bayerb34,krisl72,Tue Feb 17 18:03:03 EST 2015,TikTok
VPTW9254,schuppet534,kilbackc516,Fri Dec 13 23:32:59 EST 2019,Facebook
QIPR7318,dickinsonh222,mckenzier304,Thu Mar 24 04:56:27 EDT 2016,Instagram
BEET4323,donnellye529,lefflera318,Wed Aug 28 17:06:15 EDT 2013,LinkedIn
ZTRR9274,schuppeo431,luettgena576,Tue Jan 12 18:00:36 EST 2021,LinkedIn
CPJT0498,reynoldsw978,nienowa200,Wed Jun 15 13:18:51 EDT 2022,WhatsApp
OODJ0763,andersonb119,connv599,Fri Nov 14 19:22:58 EST 2014,WhatsApp
WEAO0212,sengerk445,haleyh61,Sun Sep 26 18:40:22 EDT 2021,Snapchat
ATZT8662,kossm110,stoltenbergd248,Tue Feb 04 07:00:47 EST 2014,LinkedIn
YPIZ0006,wardn174,greens943,Sat May 30 06:27:50 EDT 2015,WhatsApp
TCXQ3963,krajcikt95,klingb342,Sat Mar 18 01:40:12 EDT 2023,WhatsApp
VYOX4902,lefflerj741,halvorsonh359,Sun Mar 01 17:33:14 EST 2020,Twitter
KRYA0769,hayese830,schustert505,Sat May 30 22:22:37 EDT 2020,LinkedIn
GJHV4856,marvinm469,mccullougha97,Thu Jun 25 02:51:18 EDT 2015,WhatsApp
QEAA2907,baileyx808,croninc325,Wed May 31 03:17:47 EDT 2023,Discord
AQHP8558,leannonh790,kiehnt247,Mon Jan 20 18:07:45 EST 2014,Twitter
ZWCM7366,ziemanna314,gutkowskia808,Fri Sep 13 01:16:17 EDT 2019,WeChat
DECM2627,donnellys934,greenholtj27,Wed Apr 05 01:33:05 EDT 2017,Telegram
QUOY4964,labadiew868,hahna593,Wed Oct 15 22:03:46 EDT 2014,Twitter
JHMX8272,kozeyh798,veumj337,Sat Mar 22 00:46:04 EDT 2014,Discord
BNCZ1842,simonisj853,conroys68,Mon Sep 07 07:42:41 EDT 2020,TikTok
DUJW3234,bechtelare148,walshk690,Sat Nov 14 10:04:31 EST 2020,Facebook
ZGTU8066,kirlina210,rueckerk915,Wed Feb 06 16:06:58 EST 2019,Discord
BREX7597,lednerd972,handa784,Mon Dec 01 07:45:16 EST 2014,TikTok
PLTH4830,muellerr826,steuberl448,Sat Dec 20 09:13:56 EST 2014,Telegram
ARAS4806,funks691,balistreril2,Sun Jan 19 22:43:04 EST 2014,Pintrest
DQDK5643,nicolasc866,erdmanh437,Sun Jan 31 14:09:09 EST 2016,LinkedIn
WASY6875,lebsacke571,rohans74,Fri Sep 16 18:20:18 EDT 2016,WhatsApp
DPBE2267,adamsn288,kutchr482,Tue Dec 19 07:33:40 EST 2017,Telegram
RUZZ6593,mohrt975,gleasond489,Sun Dec 08 23:14:59 EST 2019,WhatsApp
YNGE4008,hilllw265,prosaccob829,Thu Dec 24 20:55:50 EST 2020,LinkedIn
RQRD6124,dickinsonc77,grantm666,Sun Aug 28 11:38:03 EDT 2016,Facebook
CBPK9232,bruenv697,lueilwitzy177,Sat Jun 13 01:41:00 EDT 2015,Twitter
VQZI9577,gleasony218,whitef394,Sat May 09 12:31:31 EDT 2020,Instagram
TGGQ9230,reingerd457,o'harar730,Thu Nov 21 18:58:48 EST 2019,Facebook
LGFQ3168,kinga843,ondrickav159,Mon Jan 07 18:29:29 EST 2019,LinkedIn
WEYS4693,hillsw365,dooleya167,Tue Jan 27 04:43:09 EST 2015,WhatsApp
VFTE3133,faheyj973,jonesh525,Tue Apr 14 10:55:53 EDT 2020,Telegram
ZWCG1980,bodes975,friesenr732,Thu Mar 10 23:25:31 EST 2022,Instagram
RUJY3186,herzogc762,cummeratad709,Fri Oct 18 12:28:20 EDT 2013,Discord
IPZG3948,o'haral188,lefflerz621,Sat Dec 24 02:17:49 EST 2022,Facebook
AIKK9332,emardn793,townej419,Fri Jan 26 06:17:13 EST 2018,Facebook
NCJL1405,hackettn303,morissetteg972,Mon Jun 01 13:42:19 EDT 2015,Snapchat
XVTT7762,nienowm277,ritchiec917,Sun Jun 11 04:46:31 EDT 2023,TikTok
TDDF3320,johnstonb259,fadelt690,Fri May 29 18:24:49 EDT 2015,Pintrest
EBPJ7503,emardd533,fayb537,Thu Aug 26 23:19:49 EDT 2021,LinkedIn
TOCU3457,huelsb190,kemmerr546,Fri Jul 19 05:49:59 EDT 2013,YouTube
PGSR3138,willmsp847,hodkiewiczs702,Sun May 14 09:08:34 EDT 2017,WhatsApp
UQIE1205,kessleri234,hillle19,Sat Apr 15 10:48:46 EDT 2017,Twitch
TGGK8683,trompc612,ziemanna314,Mon Sep 19 02:58:55 EDT 2022,WhatsApp
YWSL1246,veumc857,hyattl977,Sun Jun 27 23:12:05 EDT 2021,Snapchat
JBUP9691,wunschl84,armstrongc628,Sat Jun 17 02:42:28 EDT 2023,Facebook
JURS1086,o'harar862,swiftl820,Mon Nov 25 09:20:50 EST 2019,Snapchat
MDPX6712,kuhlmans394,cummingsr436,Thu Jul 25 18:27:51 EDT 2019,Twitter
ASLK4802,smithamc672,rosenbauml809,Sat Jun 12 13:29:34 EDT 2021,Telegram
QKZN5158,veumd560,wisozkj89,Sun Apr 23 21:43:21 EDT 2017,Snapchat
QOZS8262,greens943,reillyb53,Sun Jun 25 13:32:24 EDT 2017,Discord
BIGC8715,blickw191,pfannerstillc130,Tue Oct 20 05:30:54 EDT 2015,YouTube
IONJ2637,ernsert592,torphye523,Sat Feb 24 21:00:25 EST 2018,TikTok
JCBG5242,morari191,emmerichs112,Tue Sep 19 10:00:25 EDT 2017,YouTube
MMHR8387,corkeryl751,littela12,Mon Sep 17 19:12:57 EDT 2018,WhatsApp
HGOC3643,parkerr724,beierc190,Mon Dec 26 03:15:34 EST 2022,YouTube
GQOK8134,johnsl750,handy418,Sun Feb 08 11:46:05 EST 2015,WhatsApp
VBRN1681,rippinc153,kozeyw406,Sat Jul 18 12:06:52 EDT 2015,YouTube
EPDO5435,lowei494,wintheiserk44,Tue Aug 27 14:44:18 EDT 2013,YouTube
XZQQ4006,altenwerthr150,schowalters332,Sun Jan 22 04:15:17 EST 2017,LinkedIn
JMZH9965,caspers501,cummingss778,Sun Apr 06 07:32:29 EDT 2014,Reddit
WYBQ3469,binsj706,kirlins857,Fri Mar 31 18:25:46 EDT 2017,Instagram
JFUX1547,dickensh67,wolffm468,Wed May 31 02:58:37 EDT 2023,WeChat
XTCJ3496,connb365,jacobsone460,Fri Mar 06 14:54:39 EST 2015,Facebook
QPTU2247,waltero762,kunzed907,Sun May 28 07:01:01 EDT 2023,Telegram
NDXZ4524,koeppe850,starkf602,Sun Feb 26 04:41:01 EST 2023,Instagram
HOZD0322,medhursts948,hartmannf630,Thu Jul 03 03:08:44 EDT 2014,Reddit
QPBK3448,kovacekg932,mccullougha97,Fri Dec 03 08:19:05 EST 2021,LinkedIn
VYKD9126,blocke800,kingt770,Sun Nov 20 15:25:13 EST 2016,YouTube
XWMP6046,schaeferd552,prosaccol88,Tue Jan 14 14:29:38 EST 2020,Twitch
YHJL7161,dickinsont410,schoenr253,Sat Aug 01 14:52:52 EDT 2020,Reddit
VGBF7487,metzr559,herzogl515,Sat Mar 21 13:15:52 EDT 2020,Telegram
RCTP6531,friesena405,gusikowskip170,Sat Apr 19 14:05:29 EDT 2014,WhatsApp
KIRK2105,robertsf339,mclaughlini260,Wed Dec 11 20:38:19 EST 2019,Twitch
NUSR4620,lehnere607,quitzont311,Sun Dec 24 02:53:11 EST 2017,WeChat
BPML9967,hammesn797,thiels170,Thu Dec 05 22:38:33 EST 2019,Instagram
KAWC1440,willmsp847,dickil623,Sat Mar 11 12:33:37 EST 2023,Twitter
RUJJ4666,stromand735,wiegandj84,Wed Jul 16 22:28:13 EDT 2014,Snapchat
PACA1437,gottliebd50,tremblayr386,Wed Oct 29 11:28:18 EDT 2014,TikTok
SMHO1531,gislasona396,o'connerj767,Thu Jan 28 16:10:18 EST 2021,Twitch
KOZT1662,johnsoni105,windlerm336,Wed Oct 01 14:22:26 EDT 2014,TikTok
BLEI6769,beattyc900,walkerg63,Wed Jul 02 00:55:19 EDT 2014,Pintrest
DRKP4973,leschs123,hintze857,Tue Sep 17 04:24:20 EDT 2013,Pintrest
TDTS5843,flatleyl800,oberbrunnera141,Sun Nov 20 03:32:35 EST 2016,Twitter
ZYFE7853,schmidtg408,carterl956,Wed Nov 28 05:07:18 EST 2018,LinkedIn
JIZP8342,hartmannl93,kihnm569,Sat Feb 11 10:00:11 EST 2023,Snapchat
CWHG8726,grantj91,faheyf644,Sat Dec 27 07:02:00 EST 2014,Discord
RPTB0598,brekkel213,mannj109,Tue Feb 03 13:53:18 EST 2015,Pintrest
WOJD8596,robertsm170,cassino417,Mon Sep 15 17:05:21 EDT 2014,TikTok
JLIE9401,walsht213,hirthel546,Sat Mar 29 21:20:47 EDT 2014,WeChat
IFCT2342,heathcotem14,carrollr687,Tue Dec 03 11:05:13 EST 2019,Reddit
RFIJ4569,pricef218,kuphale154,Sat Sep 30 12:15:54 EDT 2017,Pintrest
TLUH8640,hermana36,toyk464,Sun Jun 24 06:35:55 EDT 2018,Discord
PKAM8340,robertss644,lefflerj330,Sat Nov 30 02:31:48 EST 2013,WhatsApp
RUNA8882,casperb686,watsicas124,Sat Jul 31 03:59:37 EDT 2021,Pintrest
ICCP7843,labadied204,abernathyt33,Thu Jul 25 10:27:09 EDT 2013,Twitter
YLML9402,muraziks733,monahand131,Thu Dec 21 21:29:39 EST 2017,Reddit
ODYO6379,corwins813,wilkinsons358,Sat Feb 24 09:52:42 EST 2018,LinkedIn
DTIS9237,hacketta128,wolffv298,Mon Dec 23 06:27:51 EST 2013,YouTube
YLCM6333,feeneyh683,ryanp178,Mon Jul 04 10:53:15 EDT 2016,Pintrest
QURZ1388,hackettk61,leschb231,Thu Nov 03 11:14:16 EDT 2016,Facebook
WRTV2045,hyattc613,rennerd220,Sat Aug 06 05:57:37 EDT 2022,Facebook
VKVN3978,sauerm909,hammesj556,Sat Aug 21 02:45:54 EDT 2021,Twitter
MGVC0971,dache955,koelpint837,Sat Nov 09 16:49:29 EST 2013,WeChat
XCCG4677,kohlerf264,fadelg415,Fri Jul 07 16:37:12 EDT 2023,Facebook
GQIS3708,corkeryl751,wiegandf336,Sat Sep 21 17:07:37 EDT 2013,Twitch
ICZN3074,kuphala17,ziemej405,Wed Apr 04 22:00:15 EDT 2018,Twitch
ZLPK6888,luettgenl533,fadela913,Sun May 28 01:51:11 EDT 2023,WeChat
LBBF0435,williamsonm436,stammg432,Tue May 23 02:42:36 EDT 2017,Discord
OOVR7399,labadiec859,waelchif543,Sun Feb 14 02:36:35 EST 2021,Snapchat
DVUK9478,hoegert432,hilpertp549,Wed Mar 04 01:52:20 EST 2015,Telegram
XIRP3751,ritchieg99,sengero369,Mon Jun 25 21:59:58 EDT 2018,Snapchat
ENPH4802,williamsone924,uptonj665,Thu May 18 06:52:21 EDT 2017,Pintrest
YQZG9161,uptonj665,feestr488,Fri Jul 21 08:16:10 EDT 2017,Instagram
SDZU2573,millerr461,langj278,Sat Jan 27 16:04:48 EST 2018,LinkedIn
LCYX6621,mcglynns99,kilbackc447,Sun May 13 05:59:16 EDT 2018,Twitch
WIRK8267,kassulkeh412,nienowm277,Sat Apr 20 08:37:00 EDT 2019,Discord
XCAD2019,kiehnt247,hettingerp97,Tue Sep 05 09:37:55 EDT 2017,LinkedIn
QHZZ2168,jacobsond717,weberc592,Tue Sep 06 01:23:23 EDT 2022,WhatsApp
OHHM5123,spencerc118,schmidth59,Mon Oct 25 06:35:26 EDT 2021,Telegram
QQIY2884,schimmeld543,beero78,Mon Oct 21 16:31:09 EDT 2013,Discord
MINL2810,bartolettil363,jacobsonr771,Thu Sep 14 05:18:43 EDT 2017,Reddit
PSHZ0727,batze393,rempels937,Sun Jun 10 22:40:14 EDT 2018,LinkedIn
TYTK1015,maggios878,kihna229,Mon Nov 30 03:31:01 EST 2020,Snapchat
HLDW0921,morissettel154,dietrichv847,Mon Feb 08 13:38:36 EST 2016,Twitch
PSTI0567,maggios878,lueilwitza428,Sat Dec 21 01:04:11 EST 2019,YouTube
HMKG0997,labadieg683,breitenbergo739,Fri Jun 28 08:09:45 EDT 2019,Discord
PXRT9151,tillmanr58,zboncakr474,Sat Nov 22 01:27:55 EST 2014,Twitch
BDDY7396,wuckertj84,koelpind356,Fri May 03 15:29:40 EDT 2019,WhatsApp
JFCA1314,brekkeh374,hermano387,Wed Jan 28 22:18:35 EST 2015,Pintrest
OMQG8291,davisd404,ziemej98,Sun Nov 26 21:30:45 EST 2017,Instagram
OTNR2860,greenl721,daughertyf330,Sat Apr 08 11:00:44 EDT 2017,Reddit
QCHY9094,daniela687,pacochad34,Sat Mar 25 13:14:44 EDT 2017,Snapchat
LHKH5581,lescht678,andersonb119,Tue Jul 16 05:37:09 EDT 2019,YouTube
LTFT1047,beckerj286,baumbachc305,Thu May 02 11:55:58 EDT 2019,TikTok
QUYR7954,hickleg97,mckenziec340,Thu Jan 20 02:00:39 EST 2022,Snapchat
AASV9051,greenholtd144,treutelf912,Sat Oct 23 05:46:40 EDT 2021,Reddit
JQUD1369,schroederg482,goodwind935,Wed Oct 11 16:56:36 EDT 2017,Instagram
NOWH4490,gottliebt881,collierd651,Thu Jun 30 05:24:33 EDT 2016,Discord
WCQB2728,jenkinss811,rosenbaums324,Fri Jun 09 23:13:43 EDT 2017,Twitch
NRHP4124,walshk690,schmitth513,Tue Sep 08 22:59:54 EDT 2015,WeChat