USERNAME,FIRST_NAME,LAST_NAME
hauckb148,Brent,Hauck
bartolettis685,Stella,Bartoletti
jastc857,Cecelia,Jast
brakusm944,Mckenzie,Brakus
strosing813,Gwyn,Strosin
kreigerc363,Christena,Kreiger
steuberm114,Meggan,Steuber
mcculloughc886,Clemente,McCullough
kubm500,Mohammed,Kub
hoegerm764,Mirella,Hoeger
naderl368,Lucille,Nader
andersonr299,Riley,Anderson
bergek102,Keila,Berge
borerc280,Cole,Borer
funkc451,Cornell,Funk
andersone799,Elliot,Anderson
borerk345,Katina,Borer
casperd913,Donnell,Casper
conroya849,Anita,Conroy
littlev871,Vergie,Little
ondrickap311,Porter,Ondricka
sawaynd486,Dan,Sawayn
mayerta311,Adolph,Mayert
rosenbaumm969,Macie,Rosenbaum
cassind943,Donnie,Cassin
labadiec276,Cris,Labadie
raynora925,Adrian,Raynor
stromana342,Augustus,Stroman
hackettd498,Daryl,Hackett
mcglynne249,Elmo,McGlynn
bartellh850,Hong,Bartell
kunzey961,Yuette,Kunze
gibsonn969,Neil,Gibson
moenk445,Kassie,Moen
willmsd246,Doug,Willms
macejkovicj947,Jacquelyne,Macejkovic
ernserl369,Lory,Ernser
corkeryt941,Tracey,Corkery
kerlukep764,Perry,Kerluke
schummm600,Mckinley,Schumm
priceb456,Brandee,Price
browna899,Alfredo,Brown
skilesv37,Vanna,Skiles
robelc181,Carleen,Robel
jonesc1,Cruz,Jones
armstrongl608,Lulu,Armstrong
nitzscher519,Rolf,Nitzsche
littlek71,Kimiko,Little
luettgenr911,Rodney,Luettgen
mrazd815,Darell,Mraz
konopelskij103,Jules,Konopelski
littelg682,Granville,Littel
reingerm87,Margaretta,Reinger
hoegerg975,Gretta,Hoeger
davisa528,Angelia,Davis
lubowitza415,Antwan,Lubowitz
wintheiserc780,Clarence,Wintheiser
schultzb804,Brenna,Schultz
dibberta100,Albina,Dibbert
ratkem196,May,Ratke
champlink598,Kayleen,Champlin
kuhno538,Ola,Kuhn
harberd648,Doretha,Harber
beierb705,Burton,Beier
flatleyo698,Oren,Flatley
windlerw280,Wendell,Windler
blicks803,Sheree,Blick
blandag536,Grant,Blanda
gottliebs758,Sanford,Gottlieb
donnellyl592,Lionel,Donnelly
walkerf217,Frederic,Walker
kossk568,Krista,Koss
kuphalp317,Parthenia,Kuphal
nitzscher900,Rickey,Nitzsche
crista956,Alden,Crist
herzogr325,Randy,Herzog
streichl277,Lamont,Streich
ortize18,Emmanuel,Ortiz
bergstromv434,Vincent,Bergstrom
schimmelc385,Clyde,Schimmel
spencerk789,Kyra,Spencer
cummeratag539,Gwenn,Cummerata
kiehnt781,Theodora,Kiehn
lowes395,Stephan,Lowe
pauceka972,Agustin,Paucek
schillerr332,Rachell,Schiller
nolant300,Tanna,Nolan
mohra277,Alex,Mohr
brekkes781,Silas,Brekke
aufderharg617,Galen,Aufderhar
braund312,Dorathy,Braun
keelingc804,Charline,Keeling
dubuquec581,Cristopher,DuBuque
bergel489,Lincoln,Berge
nienowl442,Lucius,Nienow
tillmanc820,Coralie,Tillman
rennerr401,Riva,Renner
raue191,Elmo,Rau
skileso508,Owen,Skiles
bernierc487,Cleo,Bernier
stamme789,Edwin,Stamm
toye697,Eryn,Toy
lubowitzj868,Justine,Lubowitz
murrayb914,Blair,Murray
bogisiche550,Emmett,Bogisich
yundtt750,Tami,Yundt
lindgreno410,Orval,Lindgren
spinkac695,Cristopher,Spinka
stammw652,Wilson,Stamm
krisy413,Yun,Kris
abshirea1,Art,Abshire
weimannb63,Boyce,Weimann
thield371,Deena,Thiel
weimannk183,Kurtis,Weimann
cristb509,Bertram,Crist
medhurstk69,Kermit,Medhurst
cronind105,Dessie,Cronin
stracked380,Dewitt,Stracke
runtep385,Paulene,Runte
kuvalisn268,Norah,Kuvalis
kshlerinn258,Narcisa,Kshlerin
kertzmannt242,Terrance,Kertzmann
grahamb764,Barton,Graham
schaeferr185,Rick,Schaefer
watersg963,Gale,Waters
bayerq644,Quentin,Bayer
schusterj477,Jefferey,Schuster
kuhicc596,Catalina,Kuhic
koelpind475,Demarcus,Koelpin
cassinj898,Joella,Cassin
kutchm579,Melda,Kutch
roobj934,Janise,Roob
vonr711,Rosena,Von
kesslerf588,Frederick,Kessler
mcdermottt126,Taylor,McDermott
bradtkev749,Virgil,Bradtke
borerd241,Darby,Borer
kutchl653,Lesli,Kutch
stehry18,Yolanda,Stehr
cristj498,Jeromy,Crist
conroys296,Sunday,Conroy
heidenreichb86,Brock,Heidenreich
hauckt507,Talisha,Hauck
buckridgea498,Adelia,Buckridge
cormierj97,Jani,Cormier
wuckertb53,Brenda,Wuckert
swiftc769,Catherine,Swift
croninl280,Lorenzo,Cronin
predovica149,Arthur,Predovic
schmeleri826,Ignacio,Schmeler
beierc615,Christal,Beier
kochn949,Neil,Koch
bauchm906,Maxwell,Bauch
kochs594,Starla,Koch
kerlukee650,Earle,Kerluke
abshired341,Denis,Abshire
roweg921,Gertrude,Rowe
lesche819,Evan,Lesch
turcottep761,Perry,Turcotte
ratked659,Danny,Ratke
ziemannc551,Cesar,Ziemann
weissnatj20,Jamar,Weissnat
effertzm133,Merrill,Effertz
hesselm123,Marcell,Hessel
pacocham482,Marge,Pacocha
hegmannr936,Reynaldo,Hegmann
sporeri426,Illa,Sporer
schimmela849,Anastasia,Schimmel
beerb762,Bok,Beer
donnellym448,Murray,Donnelly
trompe635,Elly,Tromp
greenholts597,Sonny,Greenholt
blandac561,Carlton,Blanda
johnstonb395,Bud,Johnston
collierb209,Brittanie,Collier
streichj389,Justine,Streich
kilbacka126,Alexandria,Kilback
goodwinj379,Jose,Goodwin
macejkovicc295,Courtney,Macejkovic
wuckerte676,Elden,Wuckert
adamss608,Shane,Adams
krisn207,Ngan,Kris
boscoa426,Aldo,Bosco
thielc63,Claretha,Thiel
torphym367,Miguel,Torphy
gottliebw456,Wilfred,Gottlieb
lubowitzi479,Isiah,Lubowitz
marquardtd489,Dillon,Marquardt
goodwind76,Delila,Goodwin
walterd167,Darius,Walter
farrelld209,Dalia,Farrell
padbergf292,Floyd,Padberg
moenn780,Noel,Moen
deckowl178,Lara,Deckow
kiehnc761,Chong,Kiehn
swaniawskim540,Myron,Swaniawski
keeblerj775,Jaimie,Keebler
spencere534,Elden,Spencer
purdyl564,Lee,Purdy
konopelskic830,Carroll,Konopelski
mcculloughk198,Keith,McCullough
sawaynf625,Flavia,Sawayn
reynoldse372,Efren,Reynolds
lindj851,Jolene,Lind
langm627,Mauro,Lang
jacobsb162,Buck,Jacobs
pagacj953,Jarrod,Pagac
treutelk966,Karoline,Treutel
baileym612,Marin,Bailey
macejkovici652,Iris,Macejkovic
murazikp745,Peter,Murazik
jastf9,Fiona,Jast
conng136,Genie,Conn
durganv177,Verda,Durgan
klingc760,Coy,Kling
pourosv956,Veta,Pouros
wisokys846,Shirly,Wisoky
murraya427,Augusta,Murray
o'harar834,Raymon,O'Hara
littels668,Shara,Littel
greenm942,Mae,Green
yosts121,Stephen,Yost
schaeferk375,Kati,Schaefer
wiegandw103,Wilford,Wiegand
dooleya87,Annis,Dooley
macejkovicm799,Marc,Macejkovic
kerlukep407,Pearle,Kerluke
bartolettie784,Echo,Bartoletti
davisf903,Frankie,Davis
mohrk892,Kimbra,Mohr
raynorr426,Rueben,Raynor
watsican872,Nanette,Watsica
johnsonl31,Lonnie,Johnson
rosenbaumc429,Charley,Rosenbaum
torpn943,Nelida,Torp
friesenm55,Mario,Friesen
ortizs515,Sylvie,Ortiz
stromand258,Dagmar,Stroman
vonruedeni73,Irvin,VonRueden
schulists359,Shelby,Schulist
turcottec762,Chester,Turcotte
johnsq600,Quyen,Johns
nitzschec350,Curt,Nitzsche
weissnatv134,Von,Weissnat
quigleyr680,Rob,Quigley
stantonh830,Hector,Stanton
windlerj57,Jesus,Windler
howellm674,Minda,Howell
quitzonj73,Juan,Quitzon
whitec667,Claudio,White
goldnera655,Anthony,Goldner
thompsons617,Stanton,Thompson
stokess382,Selma,Stokes
kuvalism630,Melody,Kuvalis
robela103,Arvilla,Robel
greenfelderm288,Marth,Greenfelder
ornr977,Rashad,Orn
kozeyl541,Lowell,Kozey
kemmerj322,Jeannetta,Kemmer
crooksn420,Norris,Crooks
zboncakm322,Marcelina,Zboncak
stantonm285,Marna,Stanton
bayerl656,Lekisha,Bayer
medhurstc364,Cayla,Medhurst
kutcht824,Tena,Kutch
connp487,Pasquale,Conn
flatleyb848,Brinda,Flatley
mclaughlinn614,Nora,McLaughlin
jerdet793,Tuyet,Jerde
harrisj482,Jean,Harris
schadens154,Shantay,Schaden
cruickshankb905,Booker,Cruickshank
dickenst523,Tameika,Dickens
weissnatm794,Malia,Weissnat
bruenf783,Fredric,Bruen
bahringerm834,Merrill,Bahringer
hilpertl836,Lilian,Hilpert
andersons584,Sal,Anderson
krisn574,Nelle,Kris
jacobsond657,Donnie,Jacobson
kuhnl299,Luci,Kuhn
smithamb362,Brunilda,Smitham
barrowsc709,Cleveland,Barrows
pfefferb813,Brett,Pfeffer
ullricho295,Orville,Ullrich
shanahanr11,Roselle,Shanahan
runted932,Dayle,Runte
lednera236,Albertha,Ledner
auere277,Earnest,Auer
klockoa97,Amos,Klocko
homenickb640,Bertha,Homenick
zboncakc504,Claretha,Zboncak
boylec641,Cassi,Boyle
schuppej184,Julietta,Schuppe
ullrichk610,Kevin,Ullrich
murrayd276,Donny,Murray
sauerk489,Kory,Sauer
jastl437,Laurence,Jast
treutelb478,Bobbi,Treutel
walterg244,Gala,Walter
wizal91,Leonor,Wiza
steubers813,Selene,Steuber
hillsf276,Floretta,Hills
cruickshankj652,Jon,Cruickshank
beahanm483,Marsha,Beahan
kuphalc947,Carma,Kuphal
kilbacka82,Antony,Kilback
abernathyt142,Taylor,Abernathy
eberta494,Arthur,Ebert
greenp968,Porter,Green
williamsonm215,Mitch,Williamson
deckowq287,Qiana,Deckow
smithl112,Lanell,Smith
prohaskac937,Cherise,Prohaska
kreigerd360,Diego,Kreiger
kubr240,Randolph,Kub
botsfordv209,Valentin,Botsford
brakusp403,Pok,Brakus
hackettr476,Ramona,Hackett
beahanb816,Ben,Beahan
schimmela263,Alfred,Schimmel
dachd936,Dominique,Dach
hilperta641,August,Hilpert
schusterd496,Dayna,Schuster
christiansenm335,Maybell,Christiansen
croninm280,Marcellus,Cronin
gloverr953,Rafael,Glover
mcculloughj646,Jamey,McCullough
shieldst425,Tyler,Shields
gulgowskir316,Rosalinda,Gulgowski
shanahanh511,Hank,Shanahan
pagacw290,Wendy,Pagac
hanseng491,Garnet,Hansen
wardt364,Tod,Ward
keelingl771,Luther,Keeling
robertsd804,Deonna,Roberts
schowalterm930,Marlin,Schowalter
krajcike926,Erik,Krajcik
fadeld470,Deana,Fadel
haleye854,Errol,Haley
gerlachs248,Shira,Gerlach
schusters472,Santana,Schuster
watsicaj83,Johnathan,Watsica
runolfsdottirf585,Felton,Runolfsdottir
kilbacks731,Steve,Kilback
corkeryh427,Ha,Corkery
funkr485,Reinaldo,Funk
nitzsches65,Sebastian,Nitzsche
cassink136,Kelly,Cassin
balistrerij96,Jacinto,Balistreri
boylec457,Cornelius,Boyle
kuvalisl723,Lon,Kuvalis
braunf840,Frank,Braun
ullrichi543,Ivory,Ullrich
keeblera955,Armand,Keebler
lemkeo365,Odessa,Lemke
hesselm760,Mauro,Hessel
mosciskic976,Chong,Mosciski
shanahanm894,Mindy,Shanahan
gerholdj223,John,Gerhold
faheyv427,Vance,Fahey
nicolase47,Ebony,Nicolas
labadiet714,Teddy,Labadie
creminr902,Royce,Cremin
marvinm688,Melony,Marvin
pollichb511,Billy,Pollich
brakuss700,Shin,Brakus
cremine784,Esmeralda,Cremin
runolfsdottirl514,Lashawnda,Runolfsdottir
kassulkek459,Kiesha,Kassulke
erdmanc628,Caroyln,Erdman
colea721,Avery,Cole
morissettep500,Perla,Morissette
hilllb749,Booker,Hilll
simonisa618,Angella,Simonis
zboncakk267,Kevin,Zboncak
stromanm776,Michelle,Stroman
lebsackk420,Keely,Lebsack
danielh440,Hong,Daniel
kohlerr231,Rudy,Kohler
pfeffert602,Tomasa,Pfeffer
gleasonl160,Lida,Gleason
littelt152,Travis,Littel
wildermani240,Israel,Wilderman
parkerj127,Jessika,Parker
huell804,Leonila,Huel
reynoldsm697,Maryjo,Reynolds
goyettev908,Valentin,Goyette
hayesc106,Charlie,Hayes
bednarb178,Britt,Bednar
o'connellc939,Chi,O'Connell
spencerf285,Francesco,Spencer
johnstone529,Elroy,Johnston
blockj888,Jenise,Block
christiansenl975,Loren,Christiansen
danielg111,Ghislaine,Daniel
nitzsches422,Sidney,Nitzsche
harberc727,Cara,Harber
koelpinl937,Landon,Koelpin
gutkowskin601,Nathaniel,Gutkowski
d'amorek787,Katherina,D'Amore
handg272,Gale,Hand
bergstromt24,Terese,Bergstrom
klingg396,Golda,Kling
bergstroma762,Audry,Bergstrom
rogahng283,Gerard,Rogahn
wymanc542,Cecil,Wyman
walshl460,Lakeisha,Walsh
boylec295,China,Boyle
koeppr877,Rene,Koepp
murphyr758,Rick,Murphy
krajcikl879,Lindsay,Krajcik
dickinsonh285,Hertha,Dickinson
koeppc211,Cindi,Koepp
lynchl77,Lou,Lynch
tillmanl834,Lara,Tillman
beattyz181,Zachariah,Beatty
goodwine345,Enrique,Goodwin
schustere354,Elizabeth,Schuster
kozeyi773,Iva,Kozey
armstrongl924,Loida,Armstrong
hackettv204,Vanesa,Hackett
pacochar935,Robbi,Pacocha
maggion69,Nicolette,Maggio
champlink22,Kallie,Champlin
ritchies958,Sherika,Ritchie
stantonc305,Chia,Stanton
blockt872,Truman,Block
satterfielde195,Ellis,Satterfield
adamse316,Elliot,Adams
torphyb222,Britteny,Torphy
hegmannf770,Felix,Hegmann
hickleo973,Odis,Hickle
bednars341,Simone,Bednar
cassind898,Dayna,Cassin
zulaufm46,Marcie,Zulauf
gislasong810,Guy,Gislason
schmidte954,Elli,Schmidt
schuppep737,Percy,Schuppe
murphym403,Marcelo,Murphy
walkere957,Evon,Walker
marquardtd466,Dalton,Marquardt
corwins571,Shon,Corwin
kossh826,Hassan,Koss
reynoldss684,Shaniqua,Reynolds
jacobsonw395,Wilford,Jacobson
waltere577,Emmett,Walter
prohaskab242,Bethel,Prohaska
mitchellm834,Merlyn,Mitchell
homenickc177,Colby,Homenick
willa483,Abraham,Will
leannona881,Amal,Leannon
o'kont103,Terry,O'Kon
hudsonb836,Bernard,Hudson
ernserr397,Roger,Ernser
leannonl375,Loise,Leannon
zulaufm48,Mila,Zulauf
lehnerd231,Darrel,Lehner
jakubowskia62,Ashley,Jakubowski
harveyb763,Blythe,Harvey
klinge927,Ellsworth,Kling
feilj23,Jerrell,Feil
reichertd816,Delilah,Reichert
sawaynj247,Jacques,Sawayn
hellere465,Erick,Heller
schmelerb424,Billy,Schmeler
hammesl635,Liane,Hammes
robelj640,Junior,Robel
brekked496,Dannie,Brekke
wiegandd283,Derrick,Wiegand
kuphalr678,Royce,Kuphal
schillerj539,Jim,Schiller
mantem880,Marylynn,Mante
mullerc301,Cedrick,Muller
wizac681,Chad,Wiza
weissnatb579,Brad,Weissnat
parkern920,Natacha,Parker
howej43,Jordan,Howe
wiegandc817,Columbus,Wiegand
shieldsk529,Kathrine,Shields
mcculloughc815,Cherlyn,McCullough
moorem893,Malcolm,Moore
lemkes12,Salome,Lemke
langi860,Isa,Lang
krisg354,Gilma,Kris
roobn108,Neil,Roob
ledners272,Stephen,Ledner
mayerth612,Helena,Mayert
feeneye674,Elbert,Feeney
johnsonv496,Vernon,Johnson
murazika439,Alfonso,Murazik
weissnatm806,Modesto,Weissnat
shieldsl755,Louie,Shields
schummn443,Numbers,Schumm
wilkinsonm547,Martin,Wilkinson
hermannl412,Loren,Hermann
kuhnm436,Mario,Kuhn
bernharda274,Art,Bernhard
mcdermotta600,Ali,McDermott
bahringern923,Nestor,Bahringer
thiels18,Sung,Thiel
kassulked39,Davis,Kassulke
feestt808,Tanner,Feest
schoenb316,Bertram,Schoen
pollichj607,Joslyn,Pollich
nicolasr504,Rob,Nicolas
dickensc695,Cheryl,Dickens
pacochao666,Ophelia,Pacocha
mayern542,Narcisa,Mayer
abernathyc400,Camila,Abernathy
lowec184,Clement,Lowe
williamsonm476,Mohammed,Williamson
carrolll712,Lorelei,Carroll
doylet941,Troy,Doyle
herzogh134,Hans,Herzog
schultzy46,Yuri,Schultz
langosha211,Andy,Langosh
sauerc367,Chieko,Sauer
kihns817,Spencer,Kihn
zulaufd751,Dorsey,Zulauf
hagenesk314,Kala,Hagenes
emmerichm807,Margrett,Emmerich
champlinl287,Lacie,Champlin
weimannn144,Noble,Weimann
hagenesz716,Zonia,Hagenes
spinkah131,Haywood,Spinka
starke719,Earle,Stark
halvorsonl210,Logan,Halvorson
millerm26,Margene,Miller
boscod498,Domenic,Bosco
braune259,Emily,Braun
prosaccoe685,Enedina,Prosacco
ortize651,Eva,Ortiz
smithamt623,Tammara,Smitham
thompsonw645,Willian,Thompson
zulauft946,Tyrell,Zulauf
blandae174,Eli,Blanda
hahnj499,Jorge,Hahn
schambergero471,Ollie,Schamberger
bashirianr148,Ruby,Bashirian
hands756,Sheri,Hand
dietrichn288,Ned,Dietrich
durgane234,Edelmira,Durgan
erdmane156,Edison,Erdman
huelr666,Rebeca,Huel
noland900,Diego,Nolan
cristl695,Lorenzo,Crist
farrellb121,Bernetta,Farrell
ortizp686,Philip,Ortiz
altenwertha83,Alysia,Altenwerth
wisozkz729,Zelda,Wisozk
daniell376,Lai,Daniel
collierm745,Maura,Collier
tillmank462,Kris,Tillman
welchm978,Merrill,Welch
cristt408,Tenesha,Crist
langm673,Maire,Lang
ricel670,Louanne,Rice
ortizl677,Lance,Ortiz
abernathys813,Sid,Abernathy
boehmc410,Carter,Boehm
kozeym91,Mellissa,Kozey
marquardte488,Ellsworth,Marquardt
ebertp436,Paula,Ebert
hyatte895,Esperanza,Hyatt
bernhardx453,Xiomara,Bernhard
pourosg212,Guadalupe,Pouros
auerl790,Liane,Auer
huell828,Lyn,Huel
kshlerinz386,Zoe,Kshlerin
dooleyg581,Gregorio,Dooley
macgyverr801,Reagan,MacGyver
durganc81,Corliss,Durgan
bahringerd167,Dong,Bahringer
framid263,Darrick,Frami
hackettr693,Rex,Hackett
welchn182,Niesha,Welch
goyettec385,Caron,Goyette
quigleyc595,Collin,Quigley
goldnerj463,Jean,Goldner
feestj288,Juan,Feest
shieldsh13,Harland,Shields
feilw117,Willian,Feil
o'connellm692,Monte,O'Connell
harveya267,Anton,Harvey
johnsj726,Jovita,Johns
fadell460,Leatha,Fadel
ankundingn283,Narcisa,Ankunding
wiegands60,Sal,Wiegand
leannonj373,Joana,Leannon
ziemem805,Marhta,Zieme
strackea148,Ali,Stracke
naderm937,Mitch,Nader
bergstromk107,Kayleigh,Bergstrom
lueilwitzj287,Janeen,Lueilwitz
hahnb448,Branden,Hahn
goyettel955,Lanette,Goyette
collierb938,Bertram,Collier
crooksp45,Porter,Crooks
raur427,Rosann,Rau
gutkowskim830,Marget,Gutkowski
schmelerc164,Clarence,Schmeler
thiela869,Al,Thiel
kunded550,Dagny,Kunde
steubers829,Shawana,Steuber
handt225,Tawna,Hand
kerlukek189,Kristeen,Kerluke
rogahnq568,Quintin,Rogahn
lubowitzj578,John,Lubowitz
ritchiej734,Jan,Ritchie
schustert603,Takisha,Schuster
haucks663,Shirley,Hauck
whitec669,Cuc,White
hegmannv795,Vilma,Hegmann
adamsl354,Luigi,Adams
dickensj964,Joseph,Dickens
millsa572,Augustus,Mills
wunschj717,Jerry,Wunsch
runolfssonw833,Winnie,Runolfsson
stokesk20,Kesha,Stokes
gerholdw635,Wilfred,Gerhold
haleys651,Stefanie,Haley
harrist776,Tien,Harris
rippina842,Alexandria,Rippin
pollichj368,Janell,Pollich
westp523,Pamella,West
hansend433,Daren,Hansen
hansenm203,Marcie,Hansen
mohrb640,Benny,Mohr
wehners287,Sherry,Wehner
sanfordm224,Muriel,Sanford
hackettg456,Geoffrey,Hackett
walkerk578,Kathryne,Walker
collierd278,Danny,Collier
hammesi467,Ismael,Hammes
hessele388,Edwardo,Hessel
howea452,Alva,Howe
bradtkel467,Lonny,Bradtke
koelpinc975,Cathi,Koelpin
bergek907,Kendall,Berge
grimest474,Tyesha,Grimes
cruickshankb604,Bianca,Cruickshank
fadelt787,Tammy,Fadel
kassulkea9,Alphonse,Kassulke
denesikn835,Nikita,Denesik
kohlert378,Tatum,Kohler
kuhnb744,Ben,Kuhn
wisokyb455,Brook,Wisoky
sengerm159,Marielle,Senger
dickensd91,Darren,Dickens
fishero945,Olen,Fisher
treutelm184,Maynard,Treutel
hesselc368,Chance,Hessel
goodwinq823,Quinn,Goodwin
smithz868,Zachary,Smith
lockmanl792,Leigh,Lockman
hudsonh521,Hilma,Hudson
kautzerk936,Karren,Kautzer
kautzere741,Earl,Kautzer
klingc142,Chong,Kling
koelpinb231,Brett,Koelpin
bogane772,Elvis,Bogan
leuschkel373,Lelia,Leuschke
markst769,Tula,Marks
nikolausj501,Jane,Nikolaus
volkmanl654,Lon,Volkman
hacketts459,Shad,Hackett
deckowr494,Rina,Deckow
harberc76,Colton,Harber
larkink719,Karma,Larkin
dickensk53,Kendrick,Dickens
weberg941,Grover,Weber
hahna454,Argelia,Hahn
parkerj705,Jonathon,Parker
schowalterw505,Wendy,Schowalter
crooksr365,Rupert,Crooks
runolfssonl70,Lottie,Runolfsson
morissettet937,Thanh,Morissette
abernathyj329,Jere,Abernathy
watsicar635,Rachel,Watsica
predovicl387,Lane,Predovic
collinsp566,Piper,Collins
kutcht755,Terrie,Kutch
quitzonn20,Nolan,Quitzon
padberge4,Elmo,Padberg
mullers522,Stefan,Muller
langc571,Cristen,Lang
muellerk480,Kayleigh,Mueller
keeblerc22,Crystle,Keebler
prosaccoe105,Edris,Prosacco
trantows596,Sharri,Trantow
swaniawskir42,Rufus,Swaniawski
schillere631,Elene,Schiller
hillls805,Samuel,Hilll
monahanf492,Fiona,Monahan
stantons614,Sherry,Stanton
heathcotea342,Ambrose,Heathcote
larsonj772,Jewel,Larson
rowej792,Joaquin,Rowe
runolfssonr208,Riley,Runolfsson
vonruedene234,Elden,VonRueden
rueckerg521,Gerard,Ruecker
crookss965,Sandy,Crooks
weberm328,Marvin,Weber
rohane399,Elvie,Rohan
cartwrightt66,Tonya,Cartwright
bartone570,Evan,Barton
braunk40,Kieth,Braun
d'amorea695,Abram,D'Amore
leuschker686,Rick,Leuschke
corwinc657,Catheryn,Corwin
marvinm955,Maxwell,Marvin
tremblayd602,Domingo,Tremblay
wolfd326,Dolly,Wolf
goodwinj484,Joetta,Goodwin
johnsonj233,Jamaal,Johnson
townem473,Mitsue,Towne
stehrl632,Laurence,Stehr
cummeratab239,Brad,Cummerata
paucekd839,Dana,Paucek
quitzons572,Stanton,Quitzon
simonisb186,Beulah,Simonis
abernathya513,Ahmed,Abernathy
armstrongl351,Lindsey,Armstrong
hegmannf71,Forrest,Hegmann
watsicaa945,Ammie,Watsica
andersonr979,Ruby,Anderson
reynoldsj691,Johnie,Reynolds
bruend650,Dion,Bruen
stiedemanne659,Era,Stiedemann
vandervortj282,Jeri,Vandervort
corkeryb852,Bette,Corkery
cartwrighte723,Ernesto,Cartwright
vonruedent142,Trena,VonRueden
pricea913,Alisha,Price
mantel685,Leticia,Mante
maggioe439,Elinor,Maggio
dietriche943,Elisabeth,Dietrich
kuhlmana439,Alton,Kuhlman
casperl403,Liza,Casper
prosaccob458,Bo,Prosacco
cronink19,Karlene,Cronin
batzn299,Nannette,Batz
smithamg2,Genaro,Smitham
marving757,Guy,Marvin
schneidere203,Elbert,Schneider
mcglynnc478,Cristie,McGlynn
muellert493,Tony,Mueller
haagh140,Harrison,Haag
townew19,Wilbert,Towne
mertzb555,Brain,Mertz
yosty315,Yelena,Yost
watersa392,Alena,Waters
hammesl707,Latia,Hammes
champlinn344,Nickolas,Champlin
watsicac53,Cedrick,Watsica
wisokyl132,Louvenia,Wisoky
macejkovick325,Keri,Macejkovic
kreigerj709,Jewel,Kreiger
mitchellt741,Terina,Mitchell
hintzk836,Katrice,Hintz
vonn329,Noble,Von
harberr667,Reinaldo,Harber
torphym304,Moira,Torphy
rohanb738,Brigida,Rohan
cruickshankj716,Josh,Cruickshank
o'conners853,Sherrie,O'Conner
gislasonr267,Roberta,Gislason
considinem115,Mario,Considine
gleasonh456,Hoyt,Gleason
rathb267,Bernadette,Rath
vonj98,Jackeline,Von
d'amores198,Shyla,D'Amore
lockmank305,Ken,Lockman
simonisd10,Domingo,Simonis
hermano338,Otha,Herman
padbergm670,Mayola,Padberg
luettgeny188,Yaeko,Luettgen
schmidtz170,Zaida,Schmidt
bergnaumq914,Quincy,Bergnaum
yundtm742,Mauricio,Yundt
berniere438,Esmeralda,Bernier
gerholdt207,Tyrone,Gerhold
marquardtj343,Jenette,Marquardt
konopelskik645,Kennith,Konopelski
gradyr646,Randy,Grady
tillmanl631,Lynwood,Tillman
kuphala613,Angela,Kuphal
fayd589,Dwayne,Fay
beahane858,Eleanore,Beahan
boyera566,Arron,Boyer
langworthh712,Hank,Langworth
pfannerstilll864,Lonny,Pfannerstill
schroederk259,Krysten,Schroeder
mccluret978,Thaddeus,McClure
hermistont80,Thomas,Hermiston
krajcikt20,Twanna,Krajcik
schultzp70,Pablo,Schultz
pagaca892,Ashlea,Pagac
fayv511,Veronica,Fay
maggion214,Nolan,Maggio
grante784,Everette,Grant
hellery141,Yasuko,Heller
jacobss819,Stephani,Jacobs
cruickshankt7,Tawanda,Cruickshank
bergstromj433,Jed,Bergstrom
barrowsw854,Wm,Barrows
hartmannb407,Bo,Hartmann
armstrongc884,Curtis,Armstrong
auers212,Sanora,Auer
mitchella365,Al,Mitchell
strackeg288,Grant,Stracke
hintzr932,Rosendo,Hintz
homenickm530,Mauro,Homenick
runteg770,Gertie,Runte
jaskolskim662,Mireille,Jaskolski
greenr529,Robin,Green
douglasr129,Roosevelt,Douglas
lefflerp152,Percy,Leffler
kemmerl969,Lakeisha,Kemmer
swiftn9,Nick,Swift
schupped543,Diamond,Schuppe
bernierh522,Howard,Bernier
boganr434,Roxann,Bogan
leannonc483,Carlos,Leannon
jacobiq220,Qiana,Jacobi
raynorh807,Hildred,Raynor
gutkowskib645,Bobby,Gutkowski
nolans262,Sung,Nolan
moorem25,Margaret,Moore
corwinc853,Charles,Corwin
o'keefeb466,Barton,O'Keefe
kubr532,Roland,Kub
weberb892,Byron,Weber
konopelskit351,Tambra,Konopelski
christiansenb59,Ben,Christiansen
koeppl596,Lino,Koepp
jastp716,Preston,Jast
o'reillyv493,Valentin,O'Reilly
krajcikc8,Carmelia,Krajcik
dared85,Drew,Dare
hodkiewiczw811,Weston,Hodkiewicz
franeckil957,Larisa,Franecki
dietrichs578,Seymour,Dietrich
rowel594,Leontine,Rowe
lefflerl62,Lonny,Leffler
parkerm630,Mamie,Parker
blandak128,Kurtis,Blanda
friesend168,Danny,Friesen
schuppec42,Chi,Schuppe
dietrichk935,Kyoko,Dietrich
donnellyx209,Xavier,Donnelly
stantong814,Genny,Stanton
jakubowskie172,Ernesto,Jakubowski
fayf847,Filiberto,Fay
doyleb391,Brant,Doyle
kuhnb305,Beata,Kuhn
kreigerk926,Kendall,Kreiger
pagacj295,Jewel,Pagac
skilesk11,Kelli,Skiles
kunded858,Dominic,Kunde
corkeryj843,Jessie,Corkery
pourosf854,Fidel,Pouros
wisozke478,Emma,Wisozk
okunevab353,Barton,Okuneva
douglasm20,Miesha,Douglas
buckridgel472,Lorelei,Buckridge
boganj755,Jonas,Bogan
kunzee224,Ernest,Kunze
ryand462,Damian,Ryan
cassinj327,Javier,Cassin
shieldsr175,Royce,Shields
gislasonv366,Vito,Gislason
leannonm279,Man,Leannon
thielt594,Tyrell,Thiel
kubm34,Monica,Kub
lehnerf790,Frank,Lehner
runtea322,Abraham,Runte
quigleym614,Mia,Quigley
lebsackp259,Pok,Lebsack
quitzonk168,Kim,Quitzon
murphym791,Marcus,Murphy
torphyy504,Yuko,Torphy
klockol226,Lucilla,Klocko
ortizt634,Troy,Ortiz
trantowl447,Lavera,Trantow
ornh799,Hai,Orn
monahanm411,Marion,Monahan
torphyb139,Beryl,Torphy
wisozks231,Sunday,Wisozk
maggioa363,Annabelle,Maggio
daref426,Fidel,Dare
pacochaw258,Weldon,Pacocha
kohlerm603,Monique,Kohler
reichell822,Larae,Reichel
dickensk631,Kimberely,Dickens
auerm423,Maisha,Auer
jenkinsj623,Jeniffer,Jenkins
rempell168,Lee,Rempel
hoppee174,Elton,Hoppe
schulisth974,Herschel,Schulist
kohlerg23,Gayla,Kohler
kovacekg608,Georgiana,Kovacek
westg188,Garrett,West
larsont3,Tatiana,Larson
lefflerh264,Hyman,Leffler
kemmerp355,Percy,Kemmer
trompc397,Cheryl,Tromp
feeneym464,Mariette,Feeney
brauns79,Silvana,Braun
vandervortj974,Jeffery,Vandervort
bashirianp894,Porter,Bashirian
mertzl702,Leeann,Mertz
gleasonk555,Kara,Gleason
waelchik247,Kayleigh,Waelchi
handl540,Laverne,Hand
westw86,Willis,West
schmitta880,Antonia,Schmitt
wizar214,Rusty,Wiza
o'connerl355,Lissette,O'Conner
haleya828,Ashly,Haley
purdyl125,Lacie,Purdy
blockb28,Booker,Block
beahanp99,Phillis,Beahan
ratkeb626,Brain,Ratke
hacketta96,Arlie,Hackett
d'amorek754,Kendall,D'Amore
croninc768,Clementine,Cronin
durgana333,Apolonia,Durgan
kleinm292,Mariam,Klein
mckenziem131,Melinda,McKenzie
kings288,Shantelle,King
hoppej405,Jamey,Hoppe
rueckerd882,Donnette,Ruecker
binsl315,Leslie,Bins
morard187,Darryl,Morar
parkerd640,Delila,Parker
lynchc433,Charlie,Lynch
gottliebr196,Rosio,Gottlieb
williamsonl736,Lacy,Williamson
swaniawskib509,Branden,Swaniawski
schadens692,Shira,Schaden
darej457,Josiah,Dare
mosciskim332,Marla,Mosciski
mcculloughk177,Kitty,McCullough
kshlerinl142,Loreta,Kshlerin
gerlachj516,Jackson,Gerlach
simonisi66,Isidro,Simonis
mayertb326,Barabara,Mayert
hudsonb43,Byron,Hudson
schultzl848,Luz,Schultz
simonisc357,Cassondra,Simonis
darec281,Cory,Dare
schulistl894,Lanny,Schulist
dietrichd297,Dong,Dietrich
fisherc566,Christopher,Fisher
funka52,Ashley,Funk
hamillr361,Rebbeca,Hamill
hagenesw675,Wendy,Hagenes
baileyv192,Viki,Bailey
robeli437,Isaura,Robel
pourosa355,Alexander,Pouros
ebertk218,Kenton,Ebert
kuvalisw732,Winnifred,Kuvalis
krisj455,Julius,Kris
dooleyn927,Nelly,Dooley
runolfsdottirw858,Wm,Runolfsdottir
huelse607,Emilee,Huels
schmelerr390,Ricky,Schmeler
cronal725,Lyn,Crona
romaguerac751,Cruz,Romaguera
hackettl46,Long,Hackett
lueilwitzv475,Valarie,Lueilwitz
brekkem858,Madelyn,Brekke
mertzj209,Jan,Mertz
hauckt859,Trent,Hauck
friesend513,Dian,Friesen
o'konl293,Lina,O'Kon
corwind465,Dollie,Corwin
pricea350,Amparo,Price
davisr102,Ramonita,Davis
o'keefed296,Derick,O'Keefe
whiten456,Nestor,White
breitenbergj885,Jimmie,Breitenberg
christiansene273,Eugenie,Christiansen
langoshr108,Rudolf,Langosh
kerlukea183,Allyn,Kerluke
caspera121,Alec,Casper
rueckers222,Shantay,Ruecker
stoltenbergs85,Steven,Stoltenberg
breitenbergm172,Mi,Breitenberg
macgyverx543,Xenia,MacGyver
beattym572,Myrl,Beatty
jastc520,Cristina,Jast
stantonw745,Wynell,Stanton
kuhnf157,Federico,Kuhn
fisherf320,Frankie,Fisher
heidenreichn660,Nicolette,Heidenreich
thompsonm463,Morris,Thompson
fayc87,Cristina,Fay
spinkas325,Sammy,Spinka
borerr822,Rosaline,Borer
russelh599,Hassie,Russel
marksd373,Dorian,Marks
romaguerae57,Erin,Romaguera
hodkiewiczc310,Cecil,Hodkiewicz
wunschc701,Chance,Wunsch
rowee594,Emilio,Rowe
millerf410,Florentino,Miller
ornc70,Catarina,Orn
buckridgej345,Jasmin,Buckridge
kshlerinr114,Rich,Kshlerin
hermistond799,Dewey,Hermiston
schmelerv227,Vaughn,Schmeler
mayerts584,Shasta,Mayert
boscok496,Keli,Bosco
rogahnm702,Megan,Rogahn
powlowskij220,Jimmie,Powlowski
maggioa950,Alleen,Maggio
runtek836,Kristyn,Runte
ferryr712,Ressie,Ferry
mckenziee289,Eduardo,McKenzie
toyo465,Olen,Toy
feild718,Dennis,Feil
conroyb786,Bok,Conroy
okunevaj740,Joeann,Okuneva
marquardth196,Harrison,Marquardt
ondrickal665,Luther,Ondricka
schinnere286,Enoch,Schinner
grimesi974,Irish,Grimes
konopelskia296,Aleen,Konopelski
raynora141,Adalberto,Raynor
kuvalise687,Eva,Kuvalis
stiedemanna131,Agustin,Stiedemann
howet634,Tam,Howe
hammese277,Esteban,Hammes
schuppei279,Irma,Schuppe
dickinsonn285,Noel,Dickinson
volkmanr550,Rhona,Volkman
faheyw570,Wiley,Fahey
bartonj442,Jacquline,Barton
hahnr871,Riley,Hahn
pollichj123,Julienne,Pollich
uptonv150,Valrie,Upton
leuschker213,Rheba,Leuschke
baumbachk346,Kaitlyn,Baumbach
lakinl284,Lashell,Lakin
herzoga361,Agustin,Herzog
jerdeb213,Brinda,Jerde
blandak540,Kaley,Blanda
corwinc716,Cletus,Corwin
kubs899,Shizuko,Kub
hesseli101,Ignacia,Hessel
ondrickaa237,Adrian,Ondricka
legrose329,Elisa,Legros
stoltenberga860,Antone,Stoltenberg
kiehnh685,Hester,Kiehn
hermanne354,Edwin,Hermann
bashirianj567,Jeffrey,Bashirian
yostv677,Valencia,Yost
watsicaj208,Jerrod,Watsica
hettingera336,Anabel,Hettinger
streichd968,Dana,Streich
gibsona449,Agustina,Gibson
littelr461,Ray,Littel
paucekv698,Vanita,Paucek
webers938,Sebrina,Weber
brekket934,Terrence,Brekke
muellerk557,Katherin,Mueller
johnse614,Elvin,Johns
volkmanv801,Vern,Volkman
williamsonm141,Maryellen,Williamson
flatleyj26,Jeffrey,Flatley
macejkovicd626,Demarcus,Macejkovic
gusikowskil766,Landon,Gusikowski
collinst498,Tonja,Collins
schinnera299,Arthur,Schinner
daughertyb303,Beatris,Daugherty
macgyverc334,Chelsea,MacGyver
satterfieldm859,Myrtis,Satterfield
emmerichj325,Jarod,Emmerich
yundtj408,Jeffry,Yundt
haned356,Douglass,Hane
nienowb679,Billy,Nienow
lemkev366,Vance,Lemke
mohrc177,Carroll,Mohr
rohanm54,Meridith,Rohan
o'reillyj426,Johnette,O'Reilly
purdyl554,Laureen,Purdy
stiedemannb77,Barrett,Stiedemann
rogahnl615,Latesha,Rogahn
effertzc788,Casey,Effertz
abernathyv887,Vickie,Abernathy
braunh784,Harris,Braun
daughertye900,Eldon,Daugherty
blandad223,Darrin,Blanda
kerlukeb315,Basil,Kerluke
jacobiv90,Violeta,Jacobi
hahne221,Emmy,Hahn
leuschkek55,Kelly,Leuschke
kuhicy199,Yukiko,Kuhic
bodek241,Kurt,Bode
wolfr11,Roberto,Wolf
wardr414,Riley,Ward
corkeryt572,Truman,Corkery
pfefferw612,Willie,Pfeffer
dibbertr373,Rosemarie,Dibbert
ryana938,Arden,Ryan
denesika765,Alonzo,Denesik
armstrongl959,Laurel,Armstrong
ullrichm829,Madeline,Ullrich
harberc287,Cornelius,Harber
watsican599,Nam,Watsica
hagenesa265,Anastasia,Hagenes
rippinn871,Nohemi,Rippin
swaniawskig901,Glen,Swaniawski
nolanr784,Roman,Nolan
rosenbaume437,Elida,Rosenbaum
thompsont85,Tricia,Thompson
gutmannl325,Leon,Gutmann
casperv911,Valorie,Casper
douglasp18,Phung,Douglas
donnellyb35,Brady,Donnelly
reingerg775,Gwendolyn,Reinger
krisd894,Dorian,Kris
wilkinsonc823,Cyrstal,Wilkinson
osinskia642,Avril,Osinski
leuschkec640,Cameron,Leuschke
reichelf840,Filiberto,Reichel
hartmannc208,Cory,Hartmann
rueckerm675,Marine,Ruecker
creminw576,Wynell,Cremin
kemmera727,Ai,Kemmer
trompj227,Jimmy,Tromp
paucekl900,Louis,Paucek
volkmanj113,Juan,Volkman
harberl345,Lamar,Harber
kuhico382,Olevia,Kuhic
parisianm322,Manie,Parisian
klockoa534,Ann,Klocko
smithp580,Palmer,Smith
manteb146,Betty,Mante
brakusv80,Verlene,Brakus
wildermank352,Keva,Wilderman
gleichnerl97,Lee,Gleichner
wintheiserj784,Josh,Wintheiser
purdyo284,Otha,Purdy
pfannerstillt790,Thanh,Pfannerstill
satterfields321,Sherley,Satterfield
walkerd151,Dion,Walker
fadelt62,Toney,Fadel
mannv10,Vergie,Mann
watsical14,Lara,Watsica
lednerf343,Floretta,Ledner
cummingsw856,Willard,Cummings
nolang420,Garret,Nolan
boehmv232,Venita,Boehm
o'reillyg417,Garry,O'Reilly
wolfj202,Jc,Wolf
goodwinc786,Clark,Goodwin
hartmannm716,Marcelle,Hartmann
robertsf652,Fletcher,Roberts
corwins417,Sanford,Corwin
harbers458,Shannon,Harber
steuberd969,Dwayne,Steuber
crookse730,Elene,Crooks
stammr499,Reed,Stamm
flatleyh806,Harley,Flatley
corwinr606,Rosaria,Corwin
ratkew952,Wilmer,Ratke
heidenreichk372,Kacey,Heidenreich
ullrichf655,Fernando,Ullrich
maggion860,Nikole,Maggio
feeneym691,Myron,Feeney
jakubowskie266,Erick,Jakubowski
walshf601,Ferdinand,Walsh
parisianl797,Leonardo,Parisian
fritschk446,Keenan,Fritsch
medhurste79,Eli,Medhurst
schneiderf702,Ferdinand,Schneider
nikolausb159,Bernie,Nikolaus
borerh127,Hallie,Borer
zulaufm9,Meagan,Zulauf
wiegandd665,Daina,Wiegand
reichelc645,Caroyln,Reichel
handr321,Reda,Hand
weimannm466,Mercy,Weimann
williamsona784,Alex,Williamson
trompc448,Cythia,Tromp
sengera195,Akilah,Senger
kohlerb328,Bruno,Kohler
hammesw752,Wallace,Hammes
johnstonc187,Cary,Johnston
mrazt102,Trevor,Mraz
luettgenv269,Violette,Luettgen
herzogd346,Doug,Herzog
herzogl57,Lester,Herzog
donnellye9,Elin,Donnelly
swiftr334,Rudy,Swift
crooksf48,Fabian,Crooks
ondrickaa213,Alden,Ondricka
beierl8,Lauren,Beier
willmsc383,Chong,Willms
kiehnm357,Morton,Kiehn
rempelf557,Foster,Rempel
macejkovicj70,Judson,Macejkovic
runolfsdottirj895,Johnie,Runolfsdottir
pfeffers169,Sylvie,Pfeffer
walshf145,Floyd,Walsh
pollicht729,Todd,Pollich
murphyl337,Lloyd,Murphy
pricer590,Ramon,Price
ritchiem397,Milan,Ritchie
kunzet772,Tomas,Kunze
swiftl565,Librada,Swift
boyerr424,Raymond,Boyer
schmelerm481,Mose,Schmeler
lebsacks573,Sandy,Lebsack
hartmannt360,Tiffanie,Hartmann
rodriguezv853,Voncile,Rodriguez
collinsn531,Newton,Collins
ziemea502,Aurea,Zieme
klingl777,Lenny,Kling
botsfords886,Sanford,Botsford
schultzk55,Kam,Schultz
blickk774,Ken,Blick
breitenbergm170,Maurita,Breitenberg
barrowsj380,Jame,Barrows
croninl66,Linnea,Cronin
labadiei280,Ian,Labadie
durganc638,Carma,Durgan
grahamw604,Winter,Graham
rogahnm556,Mariam,Rogahn
metzs920,Salina,Metz
reillys948,Sarita,Reilly
heidenreichl909,Lizabeth,Heidenreich
simoniss977,Stanford,Simonis
howella783,Aldo,Howell
leuschkea973,Alvaro,Leuschke
dubuquel366,Lawrence,DuBuque
altenwerthl845,Loren,Altenwerth
hettingerb355,Bryan,Hettinger
willa874,Adrien,Will
lefflery560,Yahaira,Leffler
weissnatd750,Deonna,Weissnat
gloverl72,Lucie,Glover
oberbrunnert957,Tu,Oberbrunner
nienowf616,Fernando,Nienow
mclaughlinj625,Janna,McLaughlin
hayesp94,Phillip,Hayes
nienowt269,Tristan,Nienow
morarj423,Jess,Morar
larsons242,Son,Larson
naderl833,Letisha,Nader
daniell428,Ling,Daniel
reillya764,Adelaide,Reilly
kautzern858,Nannette,Kautzer
faya233,Alex,Fay
christiansenm533,Max,Christiansen
pfannerstilll605,Lorrie,Pfannerstill
feill798,Letitia,Feil
mitchelli206,Inez,Mitchell
bogisichy771,Yong,Bogisich
schowalterw811,Wilfred,Schowalter
marquardtc647,Chance,Marquardt
rodriguezj128,Jayna,Rodriguez
schusterz839,Zora,Schuster
funkl529,Lorilee,Funk
robels979,Shizue,Robel
wymans792,Serena,Wyman
predovich344,Harris,Predovic
emmeriche277,Ellie,Emmerich
strosins373,Shaniqua,Strosin
leannonl25,Lura,Leannon
leuschkec184,Claretta,Leuschke
kossb332,Buddy,Koss
lesche730,Everette,Lesch
wizaj472,Jonna,Wiza
gleichnerc69,Chae,Gleichner
hesseln477,Nikole,Hessel
kerlukel80,Logan,Kerluke
kassulkev371,Vernon,Kassulke
schultzp119,Paris,Schultz
dibberts875,Sammy,Dibbert
yostt174,Troy,Yost
bergstromj90,Julianna,Bergstrom
watsical323,Lashawn,Watsica
hackettd82,Damian,Hackett
barrowsc47,Claud,Barrows
bauchh882,Hans,Bauch
cummingss904,Sandy,Cummings
weimannv107,Verlie,Weimann
uptons228,Shanna,Upton
kreigerk781,Karey,Kreiger
beahanb743,Bill,Beahan
bogisichc334,Cathrine,Bogisich
rosenbaume866,Echo,Rosenbaum
walshs139,Shellie,Walsh
schaeferj198,Jesica,Schaefer
dickinsonm6,Murray,Dickinson
glovert93,Tyrone,Glover
haagc359,Catalina,Haag
casperp318,Petra,Casper
rosenbauma129,Aileen,Rosenbaum
haaga458,Alec,Haag
lynchr434,Roosevelt,Lynch
wittingb839,Bernita,Witting
carterg430,Garfield,Carter
prohaskam858,Merideth,Prohaska
bayere604,Eldora,Bayer
durgang883,Graciela,Durgan
schadenk731,Kathyrn,Schaden
kertzmannf406,Felton,Kertzmann
cassint726,Tommie,Cassin
schadenc561,Corrie,Schaden
skilesg968,Glennie,Skiles
botsfordj644,Joya,Botsford
funkd544,Duncan,Funk
prohaskal597,Lakisha,Prohaska
carrolln586,Norman,Carroll
haleyc768,Cornelius,Haley
faheyd122,Dirk,Fahey
toyg520,Garnett,Toy
mayertm9,Markus,Mayert
jaskolskim731,Monte,Jaskolski
swaniawskir184,Royal,Swaniawski
hilperts909,Santos,Hilpert
cassinm408,Mikel,Cassin
tillmane99,Evelyn,Tillman
linde89,Elliott,Lind
ferryk276,Kim,Ferry
kutchs272,Samual,Kutch
willmsc93,Cory,Willms
runolfssonp886,Paul,Runolfsson
batzj636,Jennine,Batz
parkerk271,Karla,Parker
greenholtc553,Candi,Greenholt
millerd47,Dortha,Miller
brownd592,Dion,Brown
blockn694,Nova,Block
greens508,Stefany,Green
denesikr154,Rosina,Denesik
connellyi215,Iola,Connelly
harrisk261,Kanisha,Harris
starkd596,Derek,Stark
hicklec928,Carlene,Hickle
nolanj666,Jimmie,Nolan
swaniawskit503,Ted,Swaniawski
lynchm597,Mitchell,Lynch
faym690,Madaline,Fay
ankundingl190,Lynwood,Ankunding
metzl723,Lester,Metz
robertsf567,Faustino,Roberts
hicklee7,Ebony,Hickle
lakina763,Alvin,Lakin
smithj491,Jeramy,Smith
hermannh948,Hortense,Hermann
williamsong503,Gerardo,Williamson
stromans808,Sheilah,Stroman
macgyverd456,Donna,MacGyver
grimesl310,Larry,Grimes
manteb392,Beckie,Mante
osinskic599,Cristobal,Osinski
greenfelderi470,Ingrid,Greenfelder
okunevag409,Giuseppe,Okuneva
schimmell971,Lasandra,Schimmel
millsd125,Darrell,Mills
aufderharl41,Lynn,Aufderhar
waelchim80,Mathew,Waelchi
mohrd362,Doug,Mohr
dietricha698,Ashlee,Dietrich
jenkinse843,Erica,Jenkins
bergnaumk880,Karol,Bergnaum
hellerm32,Marin,Heller
hahnd412,Dale,Hahn
kohlery616,Yolande,Kohler
boylen629,Nathanael,Boyle
rutherfordm262,Mao,Rutherford
beahanw917,Willie,Beahan
o'haras228,Shaun,O'Hara
rogahnp244,Prince,Rogahn
kundev232,Verdell,Kunde
johnsd455,Dot,Johns
beattyt266,Tiffany,Beatty
kuhicr64,Royal,Kuhic
strosinv131,Valentine,Strosin
bednarg586,Gladis,Bednar
larkint123,Terrence,Larkin
wymanh373,Henriette,Wyman
wizah424,Herbert,Wiza
kuhics130,Shayne,Kuhic
larsonr736,Ross,Larson
browna72,Allene,Brown
dubuqued121,Domenic,DuBuque
fishers814,Shayne,Fisher
schroederg802,Graig,Schroeder
sengerr779,Robt,Senger
hellerl923,Loren,Heller
schneiderd509,Denis,Schneider
legross95,Sharonda,Legros
hamillm341,Marshall,Hamill
schroedere159,Eura,Schroeder
streichg596,Graham,Streich
kulass33,Sherwood,Kulas
kirlinl81,Lonna,Kirlin
beahanc130,Caron,Beahan
steuberd100,Dawne,Steuber
roobd974,Dorthy,Roob
dickinsont106,Tim,Dickinson
muellerm413,Mable,Mueller
borern64,Noelia,Borer
hammesl840,Luciana,Hammes
bogisichh728,Hank,Bogisich
ankundingc793,Corie,Ankunding
bergea229,Ariel,Berge
jacobsonk880,Kenton,Jacobson
framic867,Claretta,Frami
adamsk883,Keisha,Adams
gutmannl657,Lashaunda,Gutmann
borerw592,Waldo,Borer
olsonj718,Josh,Olson
gradyh330,Henry,Grady
goyettes59,Santiago,Goyette
handc332,Clint,Hand
wolfc274,Chery,Wolf
aufderhare687,Emerson,Aufderhar
schmittv751,Viki,Schmitt
colliert404,Tarah,Collier
brauns213,Suzette,Braun
nicolasc500,Christel,Nicolas
vonb59,Byron,Von
keelingm37,Mitchel,Keeling
mckenziec262,Corey,McKenzie
wizae375,Elanor,Wiza
kuphall139,Lennie,Kuphal
binsp290,Petronila,Bins
walshj253,Jacquelyn,Walsh
shieldsc92,Chung,Shields
towneb649,Blondell,Towne
ankundingw886,Wilfred,Ankunding
kulass61,Stacy,Kulas
o'connern363,Nilda,O'Conner
nikolausg342,Ginette,Nikolaus
altenwerthc320,Cordell,Altenwerth
padbergb802,Babette,Padberg
beierl208,Lise,Beier
haleyk114,Kent,Haley
croninj273,Jim,Cronin
rennerc209,Chae,Renner
cronini720,Ira,Cronin
d'amorej492,Jonas,D'Amore
mullerh205,Herb,Muller
corkerys329,Sharyl,Corkery
skilesa177,Adam,Skiles
greenholtd925,Danuta,Greenholt
pourosh698,Homer,Pouros
mccluret548,Thu,McClure
o'reillym135,Marc,O'Reilly
kemmert843,Tania,Kemmer
haagj506,Joni,Haag
dibbertl756,Lynwood,Dibbert
kiehnm98,Mallory,Kiehn
bradtkea30,Adell,Bradtke
mitchello617,Omer,Mitchell
schmelern569,Novella,Schmeler
o'connerj410,Julian,O'Conner
bednara591,Augustus,Bednar
klockoh834,Hershel,Klocko
walkerk671,Kirstie,Walker
halvorsonm829,Marcellus,Halvorson
reichertd387,Dana,Reichert
daughertys753,Shon,Daugherty
flatleym458,Misha,Flatley
boylee502,Elliot,Boyle
deckowl403,Lacy,Deckow
paucekf410,Felipe,Paucek
grimesh820,Hector,Grimes
hartmannr196,Rosana,Hartmann
blicke85,Evangelina,Blick
greenholtd502,Dexter,Greenholt
terryr947,Robbie,Terry
howem570,Maddie,Howe
ortizd779,Dalton,Ortiz
franeckin614,Nicolle,Franecki
mckenziej384,Jess,McKenzie
carrollk911,Kirstie,Carroll
gislasonm828,Markus,Gislason
rohanc418,Charlie,Rohan
adamst488,Tracy,Adams
leannonp591,Paulita,Leannon
ondrickar34,Roderick,Ondricka
harbert877,Tad,Harber
goyettek487,Kenton,Goyette
rempell178,Loren,Rempel
murphya818,Aundrea,Murphy
marvinm395,Marilyn,Marvin
lednerl810,Linwood,Ledner
ernserc309,Cathleen,Ernser
mosciskic237,Cordell,Mosciski
mayerm596,Manuela,Mayer
konopelskim119,Miles,Konopelski
rutherfordm942,Maryanne,Rutherford
dubuqued488,Dane,DuBuque
medhurstm48,Martine,Medhurst
rutherfordl159,Leif,Rutherford
marvind519,Dean,Marvin
skilesm188,Mika,Skiles
fritschc67,Carlotta,Fritsch
d'amorez645,Zackary,D'Amore
naderj905,Jim,Nader
turcotteb841,Benton,Turcotte
jacobin24,Nenita,Jacobi
pagaco186,Onie,Pagac
kutchb709,Benny,Kutch
o'connella850,Althea,O'Connell
greenholty614,Yuko,Greenholt
dubuquez177,Zulema,DuBuque
schmidth917,Herman,Schmidt
o'harae855,Eldridge,O'Hara
runtep524,Pedro,Runte
herzogl534,Luisa,Herzog
farrellt280,Tona,Farrell
kingm541,Marisha,King
warda775,Armand,Ward
quitzonl524,Lori,Quitzon
robelb595,Brent,Robel
walkera970,Ayesha,Walker
friesenr57,Ryan,Friesen
botsfords601,Shawn,Botsford
gislasonj662,Jeffrey,Gislason
kuhne944,Ewa,Kuhn
dubuquev140,Verla,DuBuque
keelingt949,Tamisha,Keeling
kleind750,Dorie,Klein
kiehnl308,Linnie,Kiehn
mayerr840,Renaldo,Mayer
dickensa724,Arnoldo,Dickens
doyleo65,Ozell,Doyle
fisherb146,Bryon,Fisher
thiels450,Shane,Thiel
yundtv626,Vernie,Yundt
gerholdb504,Beata,Gerhold
boreri522,Isaac,Borer
raynorh829,Hector,Raynor
boehme939,Earline,Boehm
bernierm533,Maude,Bernier
watsicac163,Charlyn,Watsica
beierm645,Madalene,Beier
hettingerc131,Corrina,Hettinger
fisherr759,Rod,Fisher
rosenbaumm652,Mariette,Rosenbaum
gleasons452,Shaina,Gleason
gottliebb780,Basilia,Gottlieb
daughertyl980,Len,Daugherty
prohaskas928,Sabra,Prohaska
o'keefel960,Latoyia,O'Keefe
heathcoted570,Daren,Heathcote
moend788,Darren,Moen
rueckerp979,Pasquale,Ruecker
schinnerj510,Jorge,Schinner
dubuquel524,Lara,DuBuque
o'keefed756,Doyle,O'Keefe
krajcikd905,Dorla,Krajcik
schambergerl349,Lizzie,Schamberger
cartwrighte395,Edison,Cartwright
gradyk333,Karin,Grady
durganz675,Zelda,Durgan
hacketts898,Shela,Hackett
borerr375,Randal,Borer
walterl494,Lawerence,Walter
swiftj861,Janeth,Swift
rippinl596,Leon,Rippin
rosenbaumn959,Neil,Rosenbaum
mcclured808,Denny,McClure
watersc242,Chante,Waters
barrowsm952,Milagros,Barrows
torphyf719,Francie,Torphy
pricer660,Ross,Price
harbers788,Sherwood,Harber
grantd899,Doretta,Grant
herzogm579,Mitch,Herzog
heaneyc645,Clifford,Heaney
kubm197,Merlyn,Kub
kutchk512,Kendall,Kutch
braune299,Evie,Braun
mannc733,Clinton,Mann
predovicf478,Frederick,Predovic
mcdermotte623,Eli,McDermott
shanahanl619,Lloyd,Shanahan
bogand51,Dennis,Bogan
pfefferj938,Jules,Pfeffer
boehmg298,Gus,Boehm
baumbachk96,Keven,Baumbach
cartwrightd217,Danyell,Cartwright
schusterm375,Makeda,Schuster
labadiej161,Jillian,Labadie
blockp939,Phil,Block
schinnerc22,Chrissy,Schinner
o'kont92,Todd,O'Kon
starkf185,Forrest,Stark
monahanf726,Floretta,Monahan
barrowsg33,Gilberto,Barrows
gaylordh636,Hilario,Gaylord
nolanj723,Jack,Nolan
klockoi155,Ian,Klocko
strosinr771,Robt,Strosin
wymana83,Alfreda,Wyman
rutherfordd689,Denis,Rutherford
lyncht536,Tresa,Lynch
cronaj746,Jayson,Crona
hellere287,Enriqueta,Heller
jastc11,Carleen,Jast
kohlerw702,Walter,Kohler
christiansenc196,Coleman,Christiansen
gerholdm471,Monty,Gerhold
krajcikd524,Delphine,Krajcik
corkeryc105,Cecilia,Corkery
lefflerc891,Cristobal,Leffler
windlerv351,Von,Windler
mcdermotts823,Shelba,McDermott
larsonj803,Jeromy,Larson
pagacl447,Leroy,Pagac
monahanl327,Lannie,Monahan
nicolasm793,Modesto,Nicolas
feilm663,Mallie,Feil
turcotter526,Regine,Turcotte
stracker395,Roxane,Stracke
nienowl232,Layla,Nienow
johnsone106,Edythe,Johnson
o'haral361,Lashanda,O'Hara
blandad791,Dannielle,Blanda
lemkef59,Fausto,Lemke
cristc899,Corine,Crist
rowei535,Isaac,Rowe
wolfj245,Jacinda,Wolf
cartwrightj580,Jordan,Cartwright
schultzc859,Cletus,Schultz
johnsonr452,Rashad,Johnson
cummingsm72,Marion,Cummings
brakusc116,Calvin,Brakus
nitzschec38,Cortez,Nitzsche
schimmelc476,Chad,Schimmel
krisa790,Armand,Kris
beerg772,Glory,Beer
ankundingt952,Terri,Ankunding
hayesr866,Reanna,Hayes
okunevak729,Kenda,Okuneva
grantf100,Francisco,Grant
reillyb477,Bettina,Reilly
jacobsonn72,Nanci,Jacobson
brakusl389,Lizzette,Brakus
hamillb110,Bobbie,Hamill
reynoldsd290,Douglas,Reynolds
larkinl440,Lina,Larkin
strackee569,Elliot,Stracke
sawayns599,Shelton,Sawayn
faheys547,Shaquana,Fahey
wehnerr616,Rickey,Wehner
walterc173,Colby,Walter
grimesf774,Francina,Grimes
monahanr43,Roosevelt,Monahan
raynorg356,Guadalupe,Raynor
weimannm749,Mira,Weimann
kuba732,Arnette,Kub
schaeferh583,Harlan,Schaefer
keelingm111,Manual,Keeling
casperc55,Christeen,Casper
ziemanne151,Easter,Ziemann
framir730,Regan,Frami
hintzs910,Sharee,Hintz
schusterl485,Lanny,Schuster
jakubowskim20,Marcellus,Jakubowski
andersonk878,Karri,Anderson
wills553,Shery,Will
huelsa206,Amado,Huels
watsicaa383,Alva,Watsica
davisc477,Cira,Davis
buckridger401,Rhona,Buckridge
morard850,Debbi,Morar
gorczanyv666,Von,Gorczany
pacochaa3,Arlen,Pacocha
hoegerc229,Cedrick,Hoeger
russeld833,Damien,Russel
sanfords843,Shaunna,Sanford
carrolld693,Doug,Carroll
leuschkeb248,Brittany,Leuschke
beera815,Andrea,Beer
d'amorew277,Waylon,D'Amore
jonesl753,Leigh,Jones
schummy722,Youlanda,Schumm
shanahank745,Karen,Shanahan
hermannn528,Natalie,Hermann
greent295,Trinidad,Green
keelingl424,Lacy,Keeling
bergnauma276,Aida,Bergnaum
streichd766,Darcie,Streich
jakubowskie581,Ethyl,Jakubowski
lebsackr139,Roman,Lebsack
hansenb326,Britta,Hansen
shanahanm250,Maryjo,Shanahan
creminj183,Jame,Cremin
pourose157,Eric,Pouros
danielh601,Hae,Daniel
daniele219,Emerson,Daniel
oberbrunnerh112,Hiedi,Oberbrunner
emmeriche873,Eloisa,Emmerich
sanfordb550,Bryan,Sanford
davise139,Elma,Davis
hellerr692,Rheba,Heller
williamsonj85,Jordon,Williamson
d'amorer307,Ronda,D'Amore
wunschc520,Christen,Wunsch
kiehnj15,Jack,Kiehn
hicklek166,Karyn,Hickle
stantonf846,Fidel,Stanton
parisiang441,Georgie,Parisian
kundea805,Alanna,Kunde
stiedemannl24,Librada,Stiedemann
croninc759,Cody,Cronin
marquardta75,Abel,Marquardt
satterfieldh323,Harriette,Satterfield
beierr128,Roscoe,Beier
dibbertt202,Tiffany,Dibbert
vandervortl889,Lucio,Vandervort
pacochar852,Robbi,Pacocha
roobd798,Davina,Roob
vonruedenl434,Letha,VonRueden
padberga790,Arcelia,Padberg
uptonh469,Hank,Upton
harveyb688,Burton,Harvey
haleyl956,Luther,Haley
yundtl521,Laronda,Yundt
turners379,Shelby,Turner
abernathyk878,Kalyn,Abernathy
mayerts139,Scotty,Mayert
turnerc499,Charles,Turner
moorea357,Agustin,Moore
kreigerd327,Danial,Kreiger
kshlerins745,Sophie,Kshlerin
wildermanj327,Janella,Wilderman
cristl306,Lacresha,Crist
manne831,Estefana,Mann
robeld583,Danyelle,Robel
rempelk800,Kenton,Rempel
dibbertr273,Randolph,Dibbert
schimmela438,August,Schimmel
veumi519,Ivan,Veum
ziemep518,Pura,Zieme
cummingsa183,Arlie,Cummings
feeneyp402,Pierre,Feeney
townew31,Willy,Towne
leuschket937,Tyree,Leuschke
schusterb218,Barbera,Schuster
funkz854,Zofia,Funk
zboncakc155,Carrol,Zboncak
wildermand573,Derrick,Wilderman
champlina11,Annemarie,Champlin
schusterk98,Kristeen,Schuster
o'connerz894,Zachariah,O'Conner
nienowh94,Helaine,Nienow
kohlerw819,Wilbur,Kohler
kuvaliss21,Sterling,Kuvalis
predovics26,Santos,Predovic
bernierb695,Bernard,Bernier
bauchm111,Madlyn,Bauch
lueilwitzk931,Ka,Lueilwitz
gulgowskii580,Izola,Gulgowski
adamsg36,Galina,Adams
dibbertr864,Rudy,Dibbert
hagenesm951,Matilda,Hagenes
kulasl921,Lucy,Kulas
reillyf770,Fernando,Reilly
powlowskia808,Ai,Powlowski
kundek109,Kit,Kunde
smithn619,Nick,Smith
heidenreichf38,Francis,Heidenreich
jonesa71,Alonzo,Jones
schambergerk859,Kristofer,Schamberger
grimesc265,Corrine,Grimes
gerlachb529,Barney,Gerlach
lindj29,Julian,Lind
herzoge48,Elsa,Herzog
walsha91,Alethia,Walsh
baileyk827,Kim,Bailey
feeneyn33,Noble,Feeney
spinkad980,David,Spinka
hoegerj150,Jamie,Hoeger
emmerichh539,Hyman,Emmerich
fritschk251,Kortney,Fritsch
erdmane735,Earl,Erdman
jacobid943,Dorthy,Jacobi
ullricht233,Trisha,Ullrich
reynoldsl636,Lenard,Reynolds
romagueras415,Steve,Romaguera
vonr784,Rodger,Von
raur901,Robbie,Rau
pagacv369,Vannessa,Pagac
larkind567,Dusti,Larkin
faye69,Ethel,Fay
hudsonl386,Leopoldo,Hudson
weimanni208,Irvin,Weimann
gulgowskik208,Kathrine,Gulgowski
bernhardk885,Kemberly,Bernhard
rutherforde849,Ellsworth,Rutherford
rutherfordb758,Bernarda,Rutherford
deckowc533,Chana,Deckow
weissnatr840,Ralph,Weissnat
kleinc761,Carl,Klein
rosenbaumm53,Marceline,Rosenbaum
hanej429,Jordan,Hane
quitzonl744,Lawerence,Quitzon
jacobsa601,Apryl,Jacobs
abernathyl547,Lyndon,Abernathy
altenwerthr200,Rossana,Altenwerth
haucke889,Elias,Hauck
jerdev457,Veronique,Jerde
schmittt300,Theron,Schmitt
paucekc961,Clayton,Paucek
moenh714,Hallie,Moen
bruenc377,Charlott,Bruen
kassulkew740,Weston,Kassulke
kuhlmanv842,Velva,Kuhlman
wintheiserc258,Chas,Wintheiser
schneiderb923,Benedict,Schneider
wildermano302,Odette,Wilderman
berged469,Dedra,Berge
mcglynnd225,Darin,McGlynn
mckenziel593,Lindsay,McKenzie
haleym432,Marcellus,Haley
mullerl896,Lora,Muller
strackel597,Libbie,Stracke
homenickt642,Tina,Homenick
altenwerthg358,Galina,Altenwerth
schoenf950,Ferdinand,Schoen
vonm340,Margurite,Von
greenfeldere887,Emilio,Greenfelder
bednark715,Kimbery,Bednar
luettgenc418,Clinton,Luettgen
okunevan159,Nicola,Okuneva
shieldsl517,Lucas,Shields
lueilwitzc630,Chad,Lueilwitz
mraze452,Eileen,Mraz
farrellc455,Chris,Farrell
schroederr885,Reed,Schroeder
spencera674,Ara,Spencer
flatleyt593,Treasa,Flatley
emardr359,Ramon,Emard
quigleyc549,Cliff,Quigley
legrosa287,Akiko,Legros
hellers7,Sina,Heller
koelpinm449,Marielle,Koelpin
hoegerr3,Rosalva,Hoeger
schulisti74,Ian,Schulist
ratkea270,Abraham,Ratke
jastr652,Rickey,Jast
skilese95,Evette,Skiles
beattyp836,Peter,Beatty
weimannc980,Clifton,Weimann
hayesl348,Linwood,Hayes
trantowp913,Peter,Trantow
schmelerv405,Vanessa,Schmeler
grantc964,Carolann,Grant
lowec261,Chadwick,Lowe
kerluket499,Thurman,Kerluke
lebsackf400,Freddy,Lebsack
mitchellj962,Johnny,Mitchell
koeppl773,Leon,Koepp
kozeye113,Elroy,Kozey
halvorsonm589,Masako,Halvorson
larsonj366,Julius,Larson
ullrichu300,Un,Ullrich
rempelw898,Woodrow,Rempel
jacobsh888,Hannah,Jacobs
hilllt136,Taylor,Hilll
hesselm266,Minh,Hessel
kassulkee407,Earlean,Kassulke
o'konj410,Jeraldine,O'Kon
cartera246,Ali,Carter
gaylordl747,Lee,Gaylord
walkerw317,Walker,Walker
boyerk124,Kyle,Boyer
monahanv387,Valrie,Monahan
okunevaa456,Alisa,Okuneva
dickil67,Lenna,Dicki
waelchib406,Bettye,Waelchi
barrowsg436,Georgina,Barrows
pfefferm589,Malika,Pfeffer
powlowskib883,Burton,Powlowski
koelpini270,Ismael,Koelpin
lubowitzb713,Brittney,Lubowitz
kozeyb772,Bernadine,Kozey
vandervorts8,Sachiko,Vandervort
steuberm552,Matthew,Steuber
johnsonm532,Margareta,Johnson
doyleh693,Hugh,Doyle
hilllh694,Hank,Hilll
terryl577,Lizbeth,Terry
jakubowskic930,Charlette,Jakubowski
schuppee981,Evelyn,Schuppe
connb717,Buster,Conn
leannona423,Angel,Leannon
fishers813,Scot,Fisher
auerz692,Zonia,Auer
cummingse461,Efren,Cummings
schoenr512,Rusty,Schoen
coles134,Shanna,Cole
hauckf847,Fabian,Hauck
kertzmanna16,Augustina,Kertzmann
ratked445,Darrick,Ratke
ricec806,Colene,Rice
ankundingl242,Luther,Ankunding
paucekl319,Linda,Paucek
pollichk249,Kari,Pollich
marquardtn597,Nichole,Marquardt
medhursts749,Sharonda,Medhurst
wintheisera834,Ardella,Wintheiser
quitzond59,Diego,Quitzon
haucko262,Omer,Hauck
walkerf344,Filiberto,Walker
kemmers920,Stanley,Kemmer
emardn99,Nedra,Emard
kovacekd876,Derick,Kovacek
effertzn683,Nicolas,Effertz
walkerd730,Delpha,Walker
tremblays746,Sydney,Tremblay
armstrongg628,Glennie,Armstrong
welchg719,Glen,Welch
sauera675,Antoine,Sauer
windlerj89,Jospeh,Windler
kuhicg121,Giovanni,Kuhic
jenkinsm192,Meg,Jenkins
barrowsm84,Manuel,Barrows
macejkovicm792,Miss,Macejkovic
wymans434,Sharen,Wyman
hintzb311,Ben,Hintz
kubj862,Jeffery,Kub
ratket53,Tyrell,Ratke
turnera77,Alesia,Turner
zemlakr803,Roland,Zemlak
yundtg363,George,Yundt
cronab74,Breann,Crona
langworthm541,Marcel,Langworth
jerdes716,Somer,Jerde
kuphalr367,Rene,Kuphal
kreigerp761,Philip,Kreiger
marvinf206,Freddy,Marvin
gibsonn46,Normand,Gibson
kassulked858,Dell,Kassulke
leschl328,Laurence,Lesch
dietrichy806,Yong,Dietrich
watsicas157,Siobhan,Watsica
greenn73,Nolan,Green
goldnerc192,Clarence,Goldner
pollichc509,Clyde,Pollich
terryr715,Ranae,Terry
huelsd539,Delorse,Huels
kundee383,Eliseo,Kunde
hicklei407,Ivory,Hickle
schoenb275,Brice,Schoen
keelinga909,Alphonse,Keeling
gloverc595,Cristin,Glover
macgyverj734,Jefferey,MacGyver
robertsc629,Chester,Roberts
kautzerr242,Raul,Kautzer
kutchd426,Detra,Kutch
gerholdc301,Coletta,Gerhold
erdmans507,Samella,Erdman
goyettev854,Vella,Goyette
kiehnd65,Dion,Kiehn
yostb635,Brian,Yost
macejkovicc613,Claud,Macejkovic
roobl582,Lurline,Roob
barrowsk866,Kendrick,Barrows
mertzt55,Tory,Mertz
kerlukej163,Johnson,Kerluke
hauckn163,Neil,Hauck
herzogm670,Martine,Herzog
maggiot59,Ty,Maggio
brakusa33,Alexander,Brakus
johnstonj333,Jason,Johnston
waelchil403,Lucile,Waelchi
hermannm455,Marina,Hermann
daniell901,Lesia,Daniel
kihnl535,Louise,Kihn
turnerr328,Raeann,Turner
dache244,Elvina,Dach
luettgenl71,Lashaunda,Luettgen
maggioa60,Anibal,Maggio
jerded697,Demetria,Jerde
pfannerstillp322,Philip,Pfannerstill
pacochae33,Elton,Pacocha
franeckiq408,Quinn,Franecki
haneq339,Quinton,Hane
gutkowskik646,Kristen,Gutkowski
kutchm871,Marquita,Kutch
trantown855,Natisha,Trantow
medhurstj804,Joleen,Medhurst
medhurstl567,Latarsha,Medhurst
ernsere938,Enrique,Ernser
langworthv393,Vicki,Langworth
johnsn169,Noreen,Johns
hicklec418,Cameron,Hickle
littelj325,Ja,Littel
wittingl377,Lauralee,Witting
wolfd799,Doreen,Wolf
barrowsd93,Delisa,Barrows
ankundinge345,Erik,Ankunding
torphyt235,Taren,Torphy
lynchy235,Yasmine,Lynch
jenkinsl467,Lanny,Jenkins
johnstonf35,Fausto,Johnston
bednard299,Dorla,Bednar
hyattf705,Filiberto,Hyatt
olsonj337,Jeni,Olson
corkeryr251,Rudy,Corkery
mantec852,Colette,Mante
brekkec719,Clarence,Brekke
kuphale335,Elias,Kuphal
o'konr338,Royce,O'Kon
murphyd381,Donn,Murphy
thompsonw239,Wonda,Thompson
monahank903,Kayleen,Monahan
jacobsons34,Sherise,Jacobson
homenickl447,Latrisha,Homenick
spinkal261,Lamont,Spinka
hesselk402,Kelley,Hessel
kshlerind917,Dwain,Kshlerin
markss937,Svetlana,Marks
fritschk12,Kurtis,Fritsch
raut753,Tonette,Rau
aufderharl13,Laurena,Aufderhar
koeppr101,Roberto,Koepp
marksi179,Iesha,Marks
robelp617,Patti,Robel
maggioj866,Jarrett,Maggio
kovacekd413,Deja,Kovacek
kiehnd494,Danial,Kiehn
kubs862,Shaniqua,Kub
bruenc117,Charissa,Bruen
johnstonl204,Lynn,Johnston
balistreric746,Cruz,Balistreri
robertsh850,Hyman,Roberts
nienowh221,Harvey,Nienow
swiftk80,Kellee,Swift
wisokyk672,Kendall,Wisoky
marvink690,Keneth,Marvin
kiehnb240,Barney,Kiehn
gutmannc969,Caroll,Gutmann
moenl515,Leandro,Moen
jonesm946,Maxwell,Jones
hyattr414,Raye,Hyatt
o'konb14,Bryant,O'Kon
beahana765,Avelina,Beahan
hermistona138,Angle,Hermiston
effertza922,Aaron,Effertz
langosha322,Antonietta,Langosh
huelsc769,Carla,Huels
braunn963,Nickolas,Braun
wisokyk109,Karyl,Wisoky
simonism251,Monnie,Simonis
konopelskia88,Alex,Konopelski
grantt281,Travis,Grant
boscol316,Lynnette,Bosco
millsc488,Cierra,Mills
strosinm53,Mireya,Strosin
rohanc339,Conrad,Rohan
ferryr496,Rosette,Ferry
oberbrunnerc94,Claudio,Oberbrunner
schaeferp527,Pauletta,Schaefer
douglasc335,Concepcion,Douglas
tremblaya777,Adeline,Tremblay
hermano79,Ozell,Herman
kutchr541,Roy,Kutch
strosinb411,Bill,Strosin
johnsonk347,Keiko,Johnson
schulistd578,Deangelo,Schulist
torphyt354,Terence,Torphy
schmittp829,Pamelia,Schmitt
rodriguezm890,Marisa,Rodriguez
boscol426,Lanette,Bosco
hessela834,Antone,Hessel
bradtkef121,Frederick,Bradtke
gutmannk932,Kisha,Gutmann
fisherk66,Kristen,Fisher
hayesb70,Barry,Hayes
gradyl183,Latasha,Grady
skilesi740,Isaac,Skiles
rempele354,Earl,Rempel
keeblerd768,Darnell,Keebler
pacochaj59,Jolynn,Pacocha
gaylordj357,Jonell,Gaylord
balistrerig544,Gracie,Balistreri
homenicks480,Shemika,Homenick
bahringerd127,Desirae,Bahringer
kemmerd560,Dirk,Kemmer
gleichnera422,Alexander,Gleichner
skilesm566,Mechelle,Skiles
krisj809,Jeromy,Kris
boscos261,Shawn,Bosco
wizab750,Burt,Wiza
hicklef477,Francis,Hickle
rosenbaumh493,Harley,Rosenbaum
hintzg228,Gilbert,Hintz
larsona650,Adelia,Larson
schupped645,Demetrius,Schuppe
parkerc466,Celina,Parker
donnellyl139,Louie,Donnelly
dooleyj119,Jesus,Dooley
heaneys500,Shanna,Heaney
buckridger483,Ruthe,Buckridge
kuhicr901,Rafaela,Kuhic
o'conneri724,Isaiah,O'Conner
dietrichc933,Charlotte,Dietrich
kochd526,Dagmar,Koch
parisianr679,Randall,Parisian
walterc779,Cordell,Walter
hahnm864,Micah,Hahn
mooreb355,Brady,Moore
watersg957,Gabriel,Waters
kassulked87,Danyel,Kassulke
schuliste178,Eldon,Schulist
schusters435,Sanford,Schuster
sawaync141,Cory,Sawayn
gottliebg472,Gavin,Gottlieb
stracket787,Thurman,Stracke
okunevat734,Tabatha,Okuneva
framiq324,Quinton,Frami
bernhardr651,Ralph,Bernhard
cartwrightq21,Quinn,Cartwright
mitchellt171,Trinity,Mitchell
mcculloughi472,Isaias,McCullough
collinsf180,Ferdinand,Collins
torpd900,Deangelo,Torp
westp469,Percy,West
collinsa329,Angel,Collins
parkert434,Toby,Parker
ricef37,Fatima,Rice
rempela652,Ailene,Rempel
gusikowskid194,Della,Gusikowski
willb430,Brittany,Will
bartonr450,Reinaldo,Barton
dubuquer442,Rebecca,DuBuque
goyetteo139,Olive,Goyette
brekkeh761,Hershel,Brekke
fadeld584,Dustin,Fadel
hansenf72,Forrest,Hansen
stokesc949,Cornell,Stokes
watsicaj497,Jim,Watsica
hermistont449,Timothy,Hermiston
wuckertk413,Katrice,Wuckert
lindgrena44,Arie,Lindgren
kossg705,Gabriele,Koss
deckowe123,Eddy,Deckow
christiansenm862,Maegan,Christiansen
purdyl762,Lachelle,Purdy
rutherfordg833,Grayce,Rutherford
ziemannc615,Carlos,Ziemann
lindn836,Nolan,Lind
kocha951,Andy,Koch
ziemannv338,Vernon,Ziemann
tillmanf952,Frederick,Tillman
johnstonr699,Rey,Johnston
sporera37,Aurelio,Sporer
thompsonv105,Valencia,Thompson
olsond912,Domitila,Olson
goldnera844,Alton,Goldner
mertzd44,Dori,Mertz
thiele968,Efren,Thiel
jerdeu114,Ulysses,Jerde
pourosc218,Charlesetta,Pouros
mcculloughr693,Rafael,McCullough
huele186,Eloy,Huel
robelo508,Oswaldo,Robel
macejkovicc837,Crysta,Macejkovic
krajcikf173,Fay,Krajcik
toyp335,Perry,Toy
langoshd178,Dalton,Langosh
johnsonv655,Vannesa,Johnson
millsj892,Jose,Mills
hauckm243,Malik,Hauck
schultzr757,Rosaline,Schultz
kilbackm440,Marline,Kilback
raynoro229,Oliver,Raynor
blandaa864,Abraham,Blanda
lindgrenb312,Barbara,Lindgren
reichelv120,Valorie,Reichel
dibbertr760,Robena,Dibbert
balistrerie537,Estela,Balistreri
vonruedenc494,Clarissa,VonRueden
bartellb321,Bernardina,Bartell
blickc239,Colton,Blick
gerlachc670,Celinda,Gerlach
grimesl478,Lacresha,Grimes
streichf306,Florine,Streich
mclaughlinh145,Henry,McLaughlin
marvins280,Shaniqua,Marvin
dickinsong389,Gonzalo,Dickinson
powlowskia162,Ardelle,Powlowski
roobe363,Emerson,Roob
rosenbaumt285,Tobias,Rosenbaum
volkmane699,Elmo,Volkman
tillmand236,Donn,Tillman
faya867,Azzie,Fay
williamsonh154,Hae,Williamson
bartolettik534,Kerri,Bartoletti
botsforda640,Archie,Botsford
swaniawskih435,Houston,Swaniawski
hayesr82,Rey,Hayes
parisianm635,Mandy,Parisian
harrisn908,Nathalie,Harris
gutmannb702,Blake,Gutmann
gloverc531,Cedrick,Glover
sipesd173,Devona,Sipes
friesenr154,Riley,Friesen
lefflerj960,Jacklyn,Leffler
zemlakd674,Darcy,Zemlak
leuschkel140,Loren,Leuschke
bodem803,Meryl,Bode
schaefera491,Adelia,Schaefer
emardl582,Leilani,Emard
walters517,Shelton,Walter
kutchd276,Dani,Kutch
o'connells859,Shakia,O'Connell
mertzc583,Cayla,Mertz
hermistonj602,Jonathon,Hermiston
zulaufe17,Edmund,Zulauf
sauerj693,Jenee,Sauer
klockoj87,Jermaine,Klocko
kuhlmand125,Dane,Kuhlman
crooksz388,Zachary,Crooks
shieldst559,Thad,Shields
d'amoreh898,Hoyt,D'Amore
okunevaj795,Jeremy,Okuneva
gottliebs287,Shelli,Gottlieb
leschm166,Mack,Lesch
cassinl651,Loyd,Cassin
effertzz735,Zachary,Effertz
prosaccoh18,Hong,Prosacco
schimmelm163,Merle,Schimmel
streicht777,Tommie,Streich
hoegerw74,Werner,Hoeger
welchm299,Makeda,Welch
whitek597,Korey,White
abshirel535,Lakeisha,Abshire
weberj594,Jose,Weber
heathcotes140,Sonny,Heathcote
howello388,Omar,Howell
goyettee431,Elyse,Goyette
walshg960,Gigi,Walsh
ondrickal954,Lashawnda,Ondricka
gutkowskie3,Elva,Gutkowski
welchc315,Clair,Welch
ondrickaa796,Azzie,Ondricka
langosha387,Aletha,Langosh
haaga248,Ayesha,Haag
ratkej429,Juanita,Ratke
lowej811,Jasper,Lowe
johnsonj954,James,Johnson
shieldsk755,Kittie,Shields
ziemee279,Eliseo,Zieme
bergstromt156,Tera,Bergstrom
ryanm900,Marcellus,Ryan
kihna799,Aldo,Kihn
mayerv748,Viviana,Mayer
pfannerstilla979,Allan,Pfannerstill
jastc196,Carlton,Jast
abbottr709,Raina,Abbott
weissnatm81,Mervin,Weissnat
hicklef959,Freeman,Hickle
osinskij551,Joyce,Osinski
croninc41,Cordia,Cronin
mosciskio122,Ozie,Mosciski
murphys784,Shira,Murphy
kirlinl973,Linwood,Kirlin
metzp193,Prince,Metz
roobp873,Parker,Roob
legrosa616,Andera,Legros
borerg307,Garland,Borer
braunf692,Franklyn,Braun
rauv942,Vanda,Rau
farrella733,Ayako,Farrell
terryf544,Fidelia,Terry
greens409,Sebastian,Green
volkmann851,Natacha,Volkman
homenickc114,Clarinda,Homenick
faheya846,Armand,Fahey
kertzmannv451,Valencia,Kertzmann
bayerj309,Jeremiah,Bayer
nikolausc647,Charleen,Nikolaus
farrellh123,Heide,Farrell
keeblerb611,Bradford,Keebler
simonisi83,Ira,Simonis
bartong978,Georgianna,Barton
klockow459,Willie,Klocko
hellerj148,Jerlene,Heller
ortizh272,Hai,Ortiz
jastr417,Romeo,Jast
satterfieldj337,Jamel,Satterfield
watsicac312,Coleman,Watsica
schinnerl896,Lionel,Schinner
wills924,Seymour,Will
kundel371,Leonila,Kunde
bergstromr372,Rodolfo,Bergstrom
lubowitzc537,Claretta,Lubowitz
satterfielda348,Anastasia,Satterfield
bergef424,Fausto,Berge
eberti455,Isa,Ebert
runtes200,Shanika,Runte
colliero379,Olin,Collier
homenickm374,Marylynn,Homenick
raur146,Raul,Rau
altenwerthm977,Millicent,Altenwerth
johnstona10,Asha,Johnston
pagacs320,Sybil,Pagac
feeneye389,Efrain,Feeney
legrose393,Ezekiel,Legros
kirlina790,Allen,Kirlin
hartmannm722,Melita,Hartmann
brownp499,Penney,Brown
stehrd564,Deeann,Stehr
gaylordo860,Olympia,Gaylord
hacketts958,Sonny,Hackett
gleasona140,Arnulfo,Gleason
feeste308,Elvis,Feest
kundek539,Karl,Kunde
stehrr589,Ruby,Stehr
schulists950,Sam,Schulist
schaeferm380,Mallory,Schaefer
funkh629,Hilario,Funk
swiftr422,Rey,Swift
pfefferj572,Jordan,Pfeffer
runolfssona413,Azucena,Runolfsson
herzogh969,Herminia,Herzog
mayertf963,Forrest,Mayert
lowel651,Laurel,Lowe
adamss656,Sherika,Adams
buckridgep210,Phuong,Buckridge
hellera86,Austin,Heller
kesslerz16,Zane,Kessler
mcglynnp717,Pia,McGlynn
danielr709,Robby,Daniel
cormierj679,Jc,Cormier
koeppa493,Allan,Koepp
farrello270,Ora,Farrell
davise111,Eleni,Davis
hoegere145,Estefana,Hoeger
kertzmanny691,Young,Kertzmann
jacobsc713,Cristopher,Jacobs
brownc844,Clinton,Brown
robertss360,Selina,Roberts
nicolask7,Katelynn,Nicolas
muellerr711,Rolando,Mueller
kings605,Stanley,King
yostm815,Margit,Yost
satterfieldj452,Johnny,Satterfield
bartolettil366,Leann,Bartoletti
mantem703,Magaly,Mante
walterm968,Magaret,Walter
ratha451,Alverta,Rath
hartmanns438,Sung,Hartmann
borerg845,Gail,Borer
bechtelarj395,Jere,Bechtelar
dooleyi850,Ivory,Dooley
stoltenbergn265,Nathanial,Stoltenberg
robelj707,Janee,Robel
terryj802,Jana,Terry
ernserd544,Donella,Ernser
windlere404,Ezekiel,Windler
kuhlmanl18,Leisa,Kuhlman
stehra636,Angila,Stehr
dachc729,Carlo,Dach
kuhicc632,Cedrick,Kuhic
funkr287,Raymonde,Funk
jenkinsr799,Rachell,Jenkins
torphyd652,Denisha,Torphy
haucke528,Evelin,Hauck
beattyo781,Odell,Beatty
langs545,Shanika,Lang
schinnert418,Tom,Schinner
mcclures418,Sherley,McClure
o'konl445,Lynette,O'Kon
littela562,Andreas,Littel
streichc346,Consuela,Streich
kiehns330,Sandy,Kiehn
andersonl812,Leora,Anderson
kautzerb185,Brady,Kautzer
bradtkek476,Kathline,Bradtke
klockos85,Sydney,Klocko
bashirianj403,Jacques,Bashirian
ryanw575,Walker,Ryan
schimmelm776,Morris,Schimmel
turnerm896,Merle,Turner
predovica874,Ayako,Predovic
huelsr208,Robbie,Huels
o'conners677,Sherryl,O'Conner
kreigerd171,Dave,Kreiger
towner824,Reginald,Towne
macejkovicl838,Lino,Macejkovic
howellg702,Graig,Howell
mccluren116,Naida,McClure
runtee832,Elijah,Runte
streichs869,Scotty,Streich
kiehns12,Shantel,Kiehn
greenholtd738,Deandre,Greenholt
rohant186,Tracey,Rohan
kautzerm806,Malik,Kautzer
beahand944,Deirdre,Beahan
mcglynna834,Annett,McGlynn
westk593,Kary,West
metzr742,Reta,Metz
terryr665,Rachel,Terry
batzs235,Sol,Batz
littlem145,Michaela,Little
breitenbergw459,Winston,Breitenberg
bernierm699,Mirella,Bernier
marvins843,Sophia,Marvin
krajcikh118,Herman,Krajcik
friesenc484,Carlita,Friesen
wittingd465,Debra,Witting
langoshn793,Nelida,Langosh
daughertyv598,Vance,Daugherty
tremblaya321,Ariel,Tremblay
christiansenc615,Caryn,Christiansen
townek285,Kip,Towne
stammm455,Matthew,Stamm
trompa150,Angle,Tromp
schummt32,Tammie,Schumm
harberm669,Morgan,Harber
zboncakb521,Benjamin,Zboncak
mayerts772,Stanford,Mayert
watersd427,Dona,Waters
nienown645,Nina,Nienow
thiele64,Edmond,Thiel
harrisb404,Bret,Harris
grantv858,Vergie,Grant
oberbrunnert712,Tiera,Oberbrunner
fritschk632,Kerstin,Fritsch
hermistono831,Octavio,Hermiston
oberbrunnerj609,Joellen,Oberbrunner
beerv683,Victor,Beer
bodem236,Matthew,Bode
corwins816,Stefan,Corwin
sauern637,Nelida,Sauer
hodkiewicza72,Alfonzo,Hodkiewicz
harbery803,Yahaira,Harber
schultzl783,Lucina,Schultz
wintheisers461,Shelia,Wintheiser
sawayns684,Sylvester,Sawayn
blockh589,Houston,Block
toys255,Solomon,Toy
keeblerh135,Herta,Keebler
cruickshankd13,Dung,Cruickshank
streichs700,Shawnda,Streich
gislasonb270,Brian,Gislason
collinss592,Sherril,Collins
toyl221,Lennie,Toy
hagenesf298,Floyd,Hagenes
nolane652,Eldridge,Nolan
farrellj75,Jeniffer,Farrell
mohrm708,Marilynn,Mohr
lubowitzg647,Genevieve,Lubowitz
macgyvere34,Elmer,MacGyver
rennerk115,Karrie,Renner
gibsonc943,Camilla,Gibson
murrayb700,Branden,Murray
gerholdd229,Dane,Gerhold
purdyh102,Hulda,Purdy
swaniawskim890,Michal,Swaniawski
considinel841,Laquita,Considine
pagacj94,Jacob,Pagac
haucke880,Emilia,Hauck
bayerm291,Mackenzie,Bayer
botsfordp452,Patricia,Botsford
kunzem434,Michal,Kunze
torphys512,Stewart,Torphy
jacobsonf520,Faustina,Jacobson
quitzons210,Serena,Quitzon
rolfsonk926,Kiley,Rolfson
haagb743,Bobby,Haag
satterfieldf913,Freddy,Satterfield
metzr145,Rosalind,Metz
gulgowskic468,Calvin,Gulgowski
jacobsonr893,Rozella,Jacobson
heidenreichm95,Maybell,Heidenreich
padbergr168,Roman,Padberg
darea906,Augustina,Dare
prohaskaj411,Jody,Prohaska
beerc382,Cornelia,Beer
carterr391,Raphael,Carter
rolfsono484,Oscar,Rolfson
muellers528,Stanley,Mueller
metzs969,Sang,Metz
mannc107,Catherina,Mann
rohanj300,Jona,Rohan
larsonk62,Keva,Larson
faye396,Evelin,Fay
langoshd341,Dana,Langosh
flatleyl10,Leonor,Flatley
mertza343,Alfredo,Mertz
carrollc901,Catherin,Carroll
cassint119,Terry,Cassin
murazikk509,Kamilah,Murazik
considinej466,Jacque,Considine
bernhards710,Shayla,Bernhard
johnstonn399,Nelia,Johnston
considinec597,Chung,Considine
williamsonh524,Hye,Williamson
o'harat321,Teressa,O'Hara
harberc292,Colby,Harber
o'reillyc274,Colton,O'Reilly
uptonr426,Russel,Upton
moorep517,Parker,Moore
pfefferk761,Krystin,Pfeffer
hermanj47,Jake,Herman
windlera417,Anton,Windler
o'harak841,Kirby,O'Hara
marksd140,Drew,Marks
waelchie575,Erinn,Waelchi
bergem30,Man,Berge
schaeferl124,Lashawnda,Schaefer
grimesa754,Alejandra,Grimes
walshh220,Herschel,Walsh
prosaccol846,Luther,Prosacco
muraziky603,Ying,Murazik
rippinn511,Nicolasa,Rippin
wardm412,Magaret,Ward
fayz54,Zina,Fay
schneidera769,Andy,Schneider
andersoni502,Isabella,Anderson
roobd514,Damien,Roob
klingd508,Dick,Kling
kuhnf850,Faustino,Kuhn
hirthef17,Faustino,Hirthe
hillle244,Ewa,Hilll
pourosg158,Garland,Pouros
paucekh389,Henry,Paucek
rosenbauml758,Lucie,Rosenbaum
hegmannb525,Bryan,Hegmann
hoegera414,Alexander,Hoeger
windlerl376,Lewis,Windler
o'haras300,Shane,O'Hara
tremblayc855,Carroll,Tremblay
botsfordb481,Boris,Botsford
hillso974,Oretha,Hills
funkm875,Magaret,Funk
kilbackt973,Terrie,Kilback
hirthee329,Eun,Hirthe
jastm590,Merlin,Jast
bradtkek817,Krista,Bradtke
champlinc591,Catrina,Champlin
wymand929,Dalton,Wyman
marquardtd406,Delpha,Marquardt
jastn800,Natalie,Jast
oberbrunnerd110,Deanna,Oberbrunner
yostd939,Douglas,Yost
zemlakw945,Wyatt,Zemlak
balistrerij653,Joan,Balistreri
abbotto438,Ozzie,Abbott
harrisj196,Jean,Harris
hermistonl919,Leon,Hermiston
shanahani665,Ivory,Shanahan
gutkowskia875,Anton,Gutkowski
rogahnm248,Mark,Rogahn
steuberj505,Jessenia,Steuber
reingerb356,Boyd,Reinger
daughertya384,Ahmad,Daugherty
weberr149,Rayford,Weber
yosts426,Susie,Yost
schmittc786,Curt,Schmitt
d'amored9,Delorse,D'Amore
ernsera368,Audrey,Ernser
sipesz403,Zachary,Sipes
hauckj661,Jolynn,Hauck
turcotteg677,Granville,Turcotte
sipesb175,Brett,Sipes
hellerj911,Jonas,Heller
schusterb415,Bruno,Schuster
bechtelarf48,Fumiko,Bechtelar
skilesa825,Ai,Skiles
schmidtk783,Karl,Schmidt
wolfa724,Alexandria,Wolf
johnstonc68,Clemente,Johnston
bayerm353,Marcus,Bayer
tillmanw50,Wayne,Tillman
linds884,Shelba,Lind
gulgowskie215,Eryn,Gulgowski
koelpina885,Alexander,Koelpin
hackette715,Evia,Hackett
balistreria817,Augustine,Balistreri
dibbertd586,Dorene,Dibbert
trompk807,Kandra,Tromp
yostk359,Kathaleen,Yost
greenj772,Janene,Green
braunl324,Lester,Braun
reicheln463,Nicholas,Reichel
bruenr890,Rickey,Bruen
strackel828,Laronda,Stracke
weissnath564,Huey,Weissnat
stehry855,Yessenia,Stehr
bergstromk253,Karri,Bergstrom
bodem928,Mary,Bode
kulasp797,Phillip,Kulas
wehnere36,Erwin,Wehner
townea730,Andria,Towne
langworthj22,Jasper,Langworth
bernhards181,Shaunna,Bernhard
mosciskim828,Mose,Mosciski
okunevaj850,Jonas,Okuneva
millsv848,Vivian,Mills
johnstony235,Ying,Johnston
willmsf553,Fonda,Willms
reynoldso910,Odelia,Reynolds
dickensg323,George,Dickens
gleichnere442,Erwin,Gleichner
adamsk830,Kendrick,Adams
volkmanp906,Patrina,Volkman
huelm709,Marybelle,Huel
aufderharg23,Guillermo,Aufderhar
streichh232,Huey,Streich
gibsonc635,Coy,Gibson
wittinge242,Elisha,Witting
olsono599,Orville,Olson
gradya367,Azalee,Grady
metzc122,Claudio,Metz
gradyg627,Glory,Grady
williamsonc473,Cassidy,Williamson
braunh531,Halina,Braun
ortizl600,Laurice,Ortiz
kuhlmang364,Gladys,Kuhlman
halvorsonm724,Maricruz,Halvorson
conne758,Euna,Conn
grahame620,Elbert,Graham
swaniawskis200,Scott,Swaniawski
greenr672,Romana,Green
farrelld421,Darrick,Farrell
fritschm541,Mathew,Fritsch
lemkeb444,Bambi,Lemke
swaniawskig240,Gertrud,Swaniawski
tillmanm735,Malorie,Tillman
ferrym608,Magdalena,Ferry
buckridgem837,Merle,Buckridge
harbera704,Anette,Harber
wuckerta461,Arthur,Wuckert
kutcht736,Ta,Kutch
williamsonm971,Maximo,Williamson
rolfsons563,Susanne,Rolfson
schinnery427,Yolanda,Schinner
hartmannw184,Wayne,Hartmann
spencerr580,Rusty,Spencer
binsl247,Lucio,Bins
armstrongs624,Shaun,Armstrong
langworthe297,Erin,Langworth
quigleya146,Avery,Quigley
collinst966,Trish,Collins
dooleya964,Anne,Dooley
riced300,Dong,Rice
kleine621,Esteban,Klein
leschr574,Roman,Lesch
lowen782,Nick,Lowe
bergen163,Nancy,Berge
rodriguezg67,Gabriella,Rodriguez
leannonb289,Broderick,Leannon
beerr581,Rashad,Beer
ziemed805,Donnette,Zieme
abernathyr420,Russel,Abernathy
littler799,Rolando,Little
heathcotem434,Marine,Heathcote
howella370,Aurea,Howell
d'amoret924,Tyron,D'Amore
klockoo439,Omar,Klocko
moenf409,Frida,Moen
baileym687,Maryalice,Bailey
wisozkj463,Jacques,Wisozk
thompsonk544,Karlene,Thompson
blickk637,Kelley,Blick
bergstromr81,Roberto,Bergstrom
baileye79,Erasmo,Bailey
smithamd78,David,Smitham
kuphala741,Angeline,Kuphal
fayc442,Clementina,Fay
steuberm587,Minh,Steuber
medhurstk603,Katy,Medhurst
adamsi382,Ivelisse,Adams
lockmanh572,Hanna,Lockman
mitchellm749,Marc,Mitchell
denesikh469,Hubert,Denesik
effertzc392,Claude,Effertz
haneg817,Giovanni,Hane
gutmanns698,Sheena,Gutmann
kemmerj757,Jayson,Kemmer
dubuquec792,Colby,DuBuque
baumbachk461,Kanisha,Baumbach
simonisa205,Alex,Simonis
weissnata206,Adelia,Weissnat
bergnaumm834,Miguel,Bergnaum
schultzs38,Stuart,Schultz
rowew239,Winfred,Rowe
konopelskiw329,Ward,Konopelski
wolffm258,Mikel,Wolff
krajciks714,Sterling,Krajcik
marvins839,Scott,Marvin
konopelskir7,Rana,Konopelski
greenholta175,Arlen,Greenholt
schustern212,Norris,Schuster
stiedemanna719,Alyson,Stiedemann
monahann65,Nikole,Monahan
gleichnerf926,Frances,Gleichner
stantond846,Dimple,Stanton
rauw898,Warren,Rau
franeckik751,Kim,Franecki
weissnata85,Allan,Weissnat
hegmannj60,Jospeh,Hegmann
moenj704,Jose,Moen
pagacm204,Melissa,Pagac
kiehnl288,Laure,Kiehn
abshirej777,Jeffie,Abshire
hansend406,Dorine,Hansen
millern627,Nilda,Miller
stromang591,Gertude,Stroman
lemken811,Nestor,Lemke
abshireb437,Boyce,Abshire
prosaccol956,Lorrie,Prosacco
dietrichl584,Leland,Dietrich
wittingg229,Gail,Witting
schaeferf817,Freeman,Schaefer
parkerd809,Delia,Parker
christiansenj486,Jacob,Christiansen
windlerc63,Carmen,Windler
boehmo139,Oswaldo,Boehm
jonesd875,Denna,Jones
jonesm544,Man,Jones
mannm877,Mirta,Mann
loweb6,Beau,Lowe
rowem253,Marjorie,Rowe
grimesb275,Betsey,Grimes
lehnerj542,Jasmin,Lehner
starkh941,Hilde,Stark
hanem61,Micah,Hane
veumd971,Delmer,Veum
cassins238,Sung,Cassin
ritchiel311,Luigi,Ritchie
legrosb797,Bettina,Legros
rolfsonm905,Maryln,Rolfson
morissetteg424,Gale,Morissette
heidenreichm548,Marisa,Heidenreich
o'connellj470,Janette,O'Connell
hansenr48,Riley,Hansen
steuberc109,Charlie,Steuber
spinkac381,Carole,Spinka
caspere152,Ervin,Casper
prosaccog894,Gavin,Prosacco
wilkinsond383,Daria,Wilkinson
schinnera67,Allyn,Schinner
cristl508,Londa,Crist
rempela565,Aubrey,Rempel
hermistona322,Allison,Hermiston
yosto67,Onita,Yost
wolfe88,Elba,Wolf
bradtkeb45,Brianne,Bradtke
kerlukeh714,Hershel,Kerluke
langj417,Jayne,Lang
o'konw150,Wilhemina,O'Kon
mantem826,Mattie,Mante
stantonm125,Marianna,Stanton
ryang563,Genesis,Ryan
hesseld780,Darryl,Hessel
rueckerm388,Moises,Ruecker
stiedemanne488,Eleonora,Stiedemann
donnellyg333,Grady,Donnelly
farrellr38,Ranae,Farrell
schmidtc473,Clair,Schmidt
lindgrend668,Dian,Lindgren
powlowskih739,Hosea,Powlowski
faheyh959,Herma,Fahey
macgyvern636,Nella,MacGyver
lubowitzd283,Dinorah,Lubowitz
schadenl70,Lieselotte,Schaden
howelln217,Neil,Howell
powlowskif390,Frank,Powlowski
schuppea647,Alphonse,Schuppe
fayn829,Naoma,Fay
schowalterj249,Joaquin,Schowalter
rennerr609,Roxie,Renner
trantowg36,Gilbert,Trantow
watersv962,Vivienne,Waters
trompw868,Wilda,Tromp
denesike710,Exie,Denesik
zulaufe745,Emilio,Zulauf
heidenreichv419,Vincent,Heidenreich
runtem49,Marcellus,Runte
jakubowskis233,Sal,Jakubowski
kubd321,Danny,Kub
muellerg112,Glen,Mueller
hower125,Ruthie,Howe
parkerd75,Denver,Parker
wildermanr142,Rich,Wilderman
greeng933,George,Green
altenwerths335,Stephen,Altenwerth
quigleyj691,Jay,Quigley
olsonl90,Logan,Olson
rauk629,Karl,Rau
eberts9,Sid,Ebert
schinneri301,Isaac,Schinner
harveyf542,Fermin,Harvey
barrowsb485,Belen,Barrows
kertzmanng515,Gaylord,Kertzmann
kundee946,Enriqueta,Kunde
sipesr850,Raleigh,Sipes
rueckery230,Yuko,Ruecker
thielt893,Tom,Thiel
pourost183,Tomi,Pouros
stehrr152,Russel,Stehr
kerlukes558,Sanford,Kerluke
collierd414,Doug,Collier
rueckers275,Shery,Ruecker
kovaceks520,Samuel,Kovacek
bodeb202,Bailey,Bode
fritschb426,Bettye,Fritsch
bernhardd313,Don,Bernhard
pacochal525,Lael,Pacocha
rennera98,Adrien,Renner
rempels937,Stevie,Rempel
schoenc374,Christian,Schoen
klockoc515,Christy,Klocko
schambergers363,Susana,Schamberger
willmsw795,Wynell,Willms
aufderhare971,Estrella,Aufderhar
hahnl969,Luba,Hahn
wizav717,Valentin,Wiza
baileyd43,Daniela,Bailey
schowaltere89,Efren,Schowalter
schoene363,Emile,Schoen
strosinn626,Nicol,Strosin
wolfft260,Theda,Wolff
conroyh583,Hal,Conroy
hellerm257,Marquis,Heller
champlinr470,Rudolph,Champlin
trompe12,Earnest,Tromp
larsonk610,Kristal,Larson
boyleb107,Burton,Boyle
reillyt919,Teddy,Reilly
simonisp254,Pierre,Simonis
haleyg254,Gerry,Haley
turnerw284,Wyatt,Turner
wisokyc891,Carroll,Wisoky
hamilll881,Lori,Hamill
reingerm265,Marth,Reinger
balistrerie403,Eliseo,Balistreri
gutkowskij463,Jae,Gutkowski
weimannc782,Cortney,Weimann
wymand28,Dewey,Wyman
jenkinsc828,Chuck,Jenkins
hilpertg890,Gonzalo,Hilpert
veumm650,Margie,Veum
colliern727,Nickolas,Collier
mcdermottb917,Bettina,McDermott
nikolaush592,Harold,Nikolaus
reynoldsh760,Hong,Reynolds
kovacekm926,Marlin,Kovacek
harbera467,Amada,Harber
beattyy379,Young,Beatty
kuhlmanv77,Virgilio,Kuhlman
dietrichg912,Ginny,Dietrich
waelchil928,Leopoldo,Waelchi
brownc169,Chung,Brown
dubuqueo734,Orlando,DuBuque
abernathyc538,Cherry,Abernathy
webera340,Ahmed,Weber
mclaughlint628,Thi,McLaughlin
ortizs849,Shirlene,Ortiz
wuckertb773,Burma,Wuckert
robelm160,Marlene,Robel
hermistonb74,Beatris,Hermiston
reichell552,Lannie,Reichel
rennerj99,Jackson,Renner
swiftd473,Dena,Swift
deckowl798,Lanelle,Deckow
rueckera836,Avery,Ruecker
wiegandt8,Tomi,Wiegand
hanes864,Stanford,Hane
pacochaa76,Andra,Pacocha
rogahnu200,Ulysses,Rogahn
hirthea752,Arcelia,Hirthe
mayert413,Thad,Mayer
mcglynnc111,Coral,McGlynn
ebertc164,Christena,Ebert
crooksn838,Nicole,Crooks
funkd778,Danial,Funk
hicklei348,Iona,Hickle
connellye374,Elmer,Connelly
whiter893,Randy,White
schilleri134,Ike,Schiller
boyles594,Sanford,Boyle
johnsv923,Venice,Johns
macejkovice619,Elmer,Macejkovic
langworthl524,Lewis,Langworth
maggioe252,Elias,Maggio
wilkinsone299,Emilee,Wilkinson
rippina912,Ann,Rippin
jaskolskis666,Shannon,Jaskolski
baileyl890,Lucrecia,Bailey
warda800,Adan,Ward
mayerb263,Britt,Mayer
weissnatg292,Geoffrey,Weissnat
romaguerao524,Ophelia,Romaguera
torphyb450,Byron,Torphy
effertza703,Abel,Effertz
schroedera195,Arnold,Schroeder
skilesl59,Leonel,Skiles
wymanc732,Chris,Wyman
stehrc299,Christoper,Stehr
champlinl301,Lucius,Champlin
tillmann684,Norris,Tillman
roobk428,Kelly,Roob
douglasp341,Perry,Douglas
labadiec677,Clement,Labadie
quigleyj117,Jeanett,Quigley
sengerg387,Gertha,Senger
shieldsw810,Wendi,Shields
dickinsonk778,Kimberlie,Dickinson
jakubowskif322,Farah,Jakubowski
andersonr803,Ruben,Anderson
murazikm313,Michale,Murazik
powlowskik190,Krishna,Powlowski
schinnerj493,Jeanett,Schinner
heaneyw801,Wilbert,Heaney
muellerl678,Leon,Mueller
wehnerp150,Patrice,Wehner
zulaufa819,Armida,Zulauf
mcclureb422,Branden,McClure
balistrerid244,Darrell,Balistreri
hintzd428,Dann,Hintz
whitee491,Edward,White
gislasonb978,Bret,Gislason
strackec166,Cleveland,Stracke
hamills615,Shanae,Hamill
konopelskic244,Carson,Konopelski
schadene538,Eric,Schaden
larsons926,Stella,Larson
hopper796,Romeo,Hoppe
wuckertk525,Kraig,Wuckert
mayertd940,Danica,Mayert
dickig608,Gayla,Dicki
kilbackl278,Les,Kilback
borerc427,Celeste,Borer
stehrg223,Garry,Stehr
beerj105,Joesph,Beer
dickinsonk207,Kandy,Dickinson
ornt880,Thomasina,Orn
spencera797,Anette,Spencer
stoltenbergd107,Donnie,Stoltenberg
vonruedend346,Darell,VonRueden
kesslerg821,Gilbert,Kessler
wuckerts837,Sharmaine,Wuckert
whiten183,Norbert,White
kossa232,Alejandro,Koss
johnsonm679,Milan,Johnson
goyettea947,Arnette,Goyette
bradtkem789,Marita,Bradtke
barrowsj192,Juliann,Barrows
lednerv200,Vivan,Ledner
heidenreichd102,Damien,Heidenreich
walshd950,Darrick,Walsh
vonruedena350,Alissa,VonRueden
walkers361,Sheila,Walker
mitchells432,Santiago,Mitchell
fayh325,Homer,Fay
bruenl832,Lane,Bruen
gottlieba973,Anneliese,Gottlieb
cassinl812,Lorenzo,Cassin
kleinc938,Cherryl,Klein
hackettb717,Bill,Hackett
nolann346,Nilsa,Nolan
o'keefea222,Ahmed,O'Keefe
cummeratac156,Cynthia,Cummerata
turnerc60,Carlee,Turner
hesselb687,Bob,Hessel
littlem555,Malik,Little
hermanj213,Jolynn,Herman
hickles885,Shanell,Hickle
emardz20,Zonia,Emard
abshirel129,Louie,Abshire
aufderhare376,Era,Aufderhar
quitzonm604,Manual,Quitzon
aufderharc420,Cedrick,Aufderhar
parkerl195,Liana,Parker
hande149,Elvin,Hand
kuvalisk83,Kecia,Kuvalis
cormierj297,Joel,Cormier
pollicht567,Trula,Pollich
homenickw721,Warner,Homenick
manter549,Ruben,Mante
konopelskim98,Margurite,Konopelski
reingerr80,Ron,Reinger
reynoldsc42,Clay,Reynolds
mckenziea53,Ariel,McKenzie
huelsh582,Hiram,Huels
hamillc643,Cecil,Hamill
hesselb683,Blanch,Hessel
konopelskih647,Huey,Konopelski
wehnert229,Tania,Wehner
runolfssons381,Sean,Runolfsson
botsfordc972,Cindy,Botsford
bernhards188,Sudie,Bernhard
botsfords897,Sharee,Botsford
hackettn538,Nestor,Hackett
mcdermottb547,Berry,McDermott
kingd854,Deandre,King
beahanm316,Marvel,Beahan
lebsackl278,Lynne,Lebsack
lehnerm266,Marcos,Lehner
goldnerl98,Luella,Goldner
beattyd498,Danilo,Beatty
dietrichv254,Vern,Dietrich
dubuquel240,Lelia,DuBuque
whitei67,Ivory,White
hirthek381,Kate,Hirthe
volkmanc129,Chase,Volkman
quitzonj709,Juliana,Quitzon
o'konm550,Marshall,O'Kon
hesselv395,Vennie,Hessel
townej9,Jamey,Towne
wolfr238,Reginald,Wolf
hettingerl381,Lillia,Hettinger
wardn595,Nelson,Ward
reingerg907,Gabriel,Reinger
ritchiel182,Lauren,Ritchie
schaeferb177,Berry,Schaefer
johnstonl820,Leslie,Johnston
walkerp683,Patrick,Walker
greenfelderh729,Hyacinth,Greenfelder
dachm322,Melodi,Dach
hagenesd335,Dale,Hagenes
powlowskif916,Fermin,Powlowski
sawaynj503,Janyce,Sawayn
mullerm99,Myesha,Muller
o'keefea929,Aubrey,O'Keefe
rutherfords742,Santo,Rutherford
smithd653,Darrell,Smith
dachg754,Gail,Dach
sengere885,Esmeralda,Senger
tillmanc110,Clifton,Tillman
fadell508,Lura,Fadel
kesslerl182,Lavada,Kessler
altenwerthm921,Maxwell,Altenwerth
langd172,Daisy,Lang
cummingsa392,Angelia,Cummings
hammesc636,Chang,Hammes
mcdermottl807,Laurence,McDermott
bahringerk312,Kenneth,Bahringer
kautzero216,Oliver,Kautzer
aufderhars736,Shelley,Aufderhar
macejkovica583,Alexandria,Macejkovic
schummj91,Josephina,Schumm
tillmane415,Ed,Tillman
mertzp46,Ping,Mertz
kihnl22,Leanne,Kihn
pfannerstillc283,Corrina,Pfannerstill
o'connellp856,Palmer,O'Connell
boyerj913,Julius,Boyer
sawayna838,Anjelica,Sawayn
hahnh59,Hettie,Hahn
kunzen175,Nakita,Kunze
wisozkf566,Fred,Wisozk
spinkaa284,Adan,Spinka
koelpine767,Erwin,Koelpin
gottliebg686,Gabriel,Gottlieb
swaniawskie359,Edmond,Swaniawski
wiegandd14,Derrick,Wiegand
schmitti814,Israel,Schmitt
hagenese962,Earl,Hagenes
millers448,Suzy,Miller
rosenbaumr612,Roscoe,Rosenbaum
kunzem660,Melinda,Kunze
kozeyk359,Kathrin,Kozey
bayerc4,Corazon,Bayer
mitchellp742,Priscila,Mitchell
pacochat427,Tereasa,Pacocha
schultzf529,Freida,Schultz
howea941,Abe,Howe
gislasonj209,Jarred,Gislason
beahanj733,Jeri,Beahan
wolfft25,Trenton,Wolff
dibberte820,Eva,Dibbert
bednark330,Kelle,Bednar
dibbertl867,Latrisha,Dibbert
wintheisera711,Andy,Wintheiser
strackem981,Miles,Stracke
feiln558,Nan,Feil
moenk273,Kasha,Moen
emmericho747,Omega,Emmerich
sawaynf571,Frances,Sawayn
gaylordl579,Lola,Gaylord
kuvalisz959,Zane,Kuvalis
pfannerstillm558,Madelyn,Pfannerstill
mayere921,Ernest,Mayer
leuschkej230,Johnny,Leuschke
hartmannr831,Rickey,Hartmann
mertzz786,Zackary,Mertz
gleasont468,Travis,Gleason
shanahanj896,Jani,Shanahan
beahanh146,Hollis,Beahan
cummingsj237,Junko,Cummings
bashirianc649,Cathern,Bashirian
dickinsons415,Sam,Dickinson
oberbrunners897,Sydney,Oberbrunner
monahany571,Yvonne,Monahan
blickm930,Malik,Blick
bogisicha468,Alonzo,Bogisich
lubowitzc365,Carla,Lubowitz
mullerr520,Roger,Muller
wehnerc781,Chastity,Wehner
kozeyf652,Felix,Kozey
shieldsg660,Geoffrey,Shields
kuhlmanh834,Hollie,Kuhlman
handb793,Brock,Hand
marvind960,Dede,Marvin
jonesl551,Le,Jones
reillyj323,Jonathon,Reilly
litteln268,Normand,Littel
rosenbauml738,Letha,Rosenbaum
hoegerj606,Jospeh,Hoeger
whiteg773,Geraldo,White
abshirer950,Rolland,Abshire
jacobid467,Dylan,Jacobi
hintza533,Alan,Hintz
schowaltera658,Adalberto,Schowalter
beierc200,Clyde,Beier
wisokyg241,Glayds,Wisoky
nikolausc227,Cherilyn,Nikolaus
johnsona411,Arthur,Johnson
bergel221,Latoya,Berge
ortizw101,Waldo,Ortiz
krisk280,Karissa,Kris
schoena409,Amada,Schoen
schmelerd503,Dong,Schmeler
jastt553,Tisa,Jast
breitenberge61,Emely,Breitenberg
waelchil761,Lissa,Waelchi
bergstroma134,Andrew,Bergstrom
nikolausc528,Clarissa,Nikolaus
keeblerc799,Carmina,Keebler
schusteri188,Iris,Schuster
bradtkem428,Maximo,Bradtke
metzd745,Deadra,Metz
russelb963,Bethel,Russel
gradyh881,Harris,Grady
champlinc329,Christia,Champlin
ziemanne583,Erlene,Ziemann
hintzl255,Lupe,Hintz
barrowsb837,Beaulah,Barrows
kubm255,Maurice,Kub
bahringers967,Sandra,Bahringer
hahnj432,Joe,Hahn
spencerg403,Grant,Spencer
boyerm721,Maxwell,Boyer
satterfieldc156,Carey,Satterfield
millerm237,Marlon,Miller
volkmanj323,Jackson,Volkman
pricek702,Kraig,Price
russelu37,Ursula,Russel
kohlerc730,Cody,Kohler
naders39,Susie,Nader
lindt860,Tierra,Lind
muellerc33,Casey,Mueller
pollichb853,Bo,Pollich
hermank204,Karisa,Herman
krisg421,Garret,Kris
manna214,Aurelio,Mann
medhurstj130,Juan,Medhurst
kirlinc62,Chassidy,Kirlin
langh663,Hubert,Lang
ebertb902,Brigette,Ebert
feeneyt339,Tania,Feeney
kuhlmanb569,Belinda,Kuhlman
greenholtm795,Marjorie,Greenholt
lindgrena243,Anglea,Lindgren
spencerl95,Lore,Spencer
auerc276,Cornelia,Auer
zemlaks292,Silva,Zemlak
maggiol227,Leonard,Maggio
tremblayj659,Janeth,Tremblay
cartwrightk294,Kathrin,Cartwright
bergnaums263,Steffanie,Bergnaum
marksg347,Gricelda,Marks
jakubowskiw583,Winston,Jakubowski
treutell664,Ludivina,Treutel
watsicab115,Beau,Watsica
oberbrunnerc174,Carmela,Oberbrunner
marvinp471,Pete,Marvin
konopelskid353,Damien,Konopelski
kohlert34,Tyler,Kohler
schulistj953,Joshua,Schulist
botsfordk638,Kristopher,Botsford
waelchiy191,Yoko,Waelchi
lueilwitze471,Eloy,Lueilwitz
cronaa914,Angelita,Crona
ebertp428,Preston,Ebert
macgyverf453,Foster,MacGyver
corkeryp900,Pandora,Corkery
glovera810,Armand,Glover
stammi306,Ivette,Stamm
langworthe484,Earnest,Langworth
shieldsl360,Larry,Shields
gradyi48,Izetta,Grady
walshl815,Luann,Walsh
gradyb464,Bruno,Grady
mrazm204,Milan,Mraz
starkk636,Katharyn,Stark
aufderharc592,Clayton,Aufderhar
bergstromb867,Bryan,Bergstrom
colec317,Colby,Cole
corkeryl165,Leonard,Corkery
kulass923,Susana,Kulas
wolffn253,Nicolasa,Wolff
tromps441,Shonda,Tromp
schuppem214,Maura,Schuppe
murrayr75,Rima,Murray
lefflert554,Tatyana,Leffler
schimmelt834,Tarsha,Schimmel
binsd635,Darryl,Bins
gibsonr709,Roxie,Gibson
nikolausj946,Jaimee,Nikolaus
brakusk703,Kermit,Brakus
parkerl942,Lillian,Parker
kilbackr628,Rickey,Kilback
torphyc760,Claribel,Torphy
medhurstd368,Danyelle,Medhurst
raynorz382,Zita,Raynor
hermistont655,Tenisha,Hermiston
kshlering185,Gino,Kshlerin
d'amorew480,Weldon,D'Amore
kleinc958,Cherrie,Klein
gaylordj230,Jerry,Gaylord
pollichg328,Gearldine,Pollich
nicolasf269,Frank,Nicolas
veumd893,Don,Veum
conno920,Osvaldo,Conn
schoend150,Daron,Schoen
willg205,Gracia,Will
bernhardj617,Jacquelynn,Bernhard
dubuquec851,Chara,DuBuque
kossm497,Marcelino,Koss
krajcikg500,Gregg,Krajcik
cormierd403,Debi,Cormier
kreigerw242,Winona,Kreiger
strosinm570,Margy,Strosin
o'keefel462,Laure,O'Keefe
stokesl86,Lelah,Stokes
schimmelh851,Haywood,Schimmel
larkint475,Tajuana,Larkin
willmsm920,Missy,Willms
friesenw751,Wilmer,Friesen
stokesk341,Kay,Stokes
reichertj831,Jeffrey,Reichert
zemlakj631,Jeremiah,Zemlak
murphya904,America,Murphy
kshlerink946,Krystin,Kshlerin
kreigero110,Ouida,Kreiger
bashirianj690,John,Bashirian
prosaccoc447,Cinthia,Prosacco
creminp167,Pat,Cremin
rowea304,Adam,Rowe
beerf499,Frances,Beer
braunl947,Lupe,Braun
jacobss963,Samuel,Jacobs
jakubowskik478,Kiesha,Jakubowski
cormierd870,Doug,Cormier
aufderharc405,Carrol,Aufderhar
blandaa639,Azalee,Blanda
watersl806,Loise,Waters
hettingerr720,Robert,Hettinger
hirthep743,Paul,Hirthe
blandan953,Necole,Blanda
moored409,Daine,Moore
ankundings28,Santos,Ankunding
kleinm394,Margy,Klein
torphyr902,Rasheeda,Torphy
wisozkl325,Latricia,Wisozk
gleichnere638,Eric,Gleichner
gleichnerc740,Chelsey,Gleichner
mclaughlinj465,Jaime,McLaughlin
stiedemannm952,Madaline,Stiedemann
powlowskig277,Gerard,Powlowski
feilo679,Oscar,Feil
abshirej336,Jerold,Abshire
kuhict154,Temple,Kuhic
corkeryh391,Hana,Corkery
murazikq961,Queenie,Murazik
heaneyj423,Jeffry,Heaney
purdye761,Elwood,Purdy
jacobsonc477,Cori,Jacobson
hilllj292,Jared,Hilll
krajcikm475,Maureen,Krajcik
lubowitzg719,Gail,Lubowitz
greeng267,Greg,Green
pfannerstillg788,Garth,Pfannerstill
strackes45,Shantae,Stracke
sawayng376,Graham,Sawayn
friesenl455,Liane,Friesen
sanfordd893,Darcy,Sanford
ratkei746,Iluminada,Ratke
armstrongf168,Francesco,Armstrong
framif500,Flor,Frami
luettgenv97,Vaughn,Luettgen
abernathyr89,Roni,Abernathy
mcdermottm837,Mathew,McDermott
metzw624,Williemae,Metz
mertza858,Apryl,Mertz
jastl782,Lourie,Jast
lynchh935,Herminia,Lynch
bergnauml835,Leatha,Bergnaum
bruenh980,Hollis,Bruen
labadiec517,Cole,Labadie
framic775,Coy,Frami
mcculloughs666,Shaina,McCullough
sanfordm346,Margart,Sanford
krajcikg534,Gene,Krajcik
halvorsonb611,Bart,Halvorson
cronai377,Ida,Crona
rempelm406,Mohammed,Rempel
stromans608,Sandy,Stroman
mitchellm613,Mireya,Mitchell
gutkowskik717,Kenyetta,Gutkowski
greenfelderf302,Frances,Greenfelder
wittings966,Sherryl,Witting
schuppev789,Veola,Schuppe
davisl304,Leesa,Davis
tremblayg709,Genaro,Tremblay
koelpins701,Sharolyn,Koelpin
wildermana287,Arianna,Wilderman
gradys345,Stasia,Grady
luettgenf243,Francisca,Luettgen
schroederc503,Christinia,Schroeder
pricet18,Tyrell,Price
stehrg826,Geraldo,Stehr
weimanns717,Signe,Weimann
boganj495,Jamar,Bogan
lemkek864,Kina,Lemke
konopelskid764,Danial,Konopelski
vandervorta579,Augustine,Vandervort
bednarr331,Rene,Bednar
hahnc649,Cherrie,Hahn
predovicw589,Wan,Predovic
whitet458,Theda,White
ornj519,Jayson,Orn
satterfieldm142,Martine,Satterfield
turnero38,Orlando,Turner
mosciskih496,Hans,Mosciski
andersonc111,Carri,Anderson
kertzmannr190,Ronnie,Kertzmann
kleink817,Kaila,Klein
kuphalp764,Perry,Kuphal
starkp591,Pearl,Stark
schillerw756,Wilfredo,Schiller
champlinm172,Marisha,Champlin
goldnerc146,Catherina,Goldner
littles304,Samual,Little
pourosj272,Joan,Pouros
grahamj475,Jarred,Graham
heidenreichr942,Rayford,Heidenreich
rennerp647,Patricia,Renner
vonruedenm859,Manuel,VonRueden
wiegande230,Ellis,Wiegand
mcglynng203,Giovanni,McGlynn
watsicar130,Ramiro,Watsica
kuhlmanm451,Merle,Kuhlman
rathn590,Nikita,Rath
ullrichr710,Raleigh,Ullrich
krisa705,Arden,Kris
gislasonp245,Pasquale,Gislason
kertzmannm344,Mitchel,Kertzmann
buckridgeh421,Hyman,Buckridge
rippinj546,Jayson,Rippin
rogahns570,Shirley,Rogahn
hanec244,Cindie,Hane
monahanm891,Mckinley,Monahan
hicklee813,Elliott,Hickle
batzh551,Hector,Batz
jakubowskid952,Dewayne,Jakubowski
townea21,Antonia,Towne
fishers16,Scottie,Fisher
o'konr771,Reid,O'Kon
willmsg360,Glayds,Willms
medhurstl10,Luigi,Medhurst
blockl859,Lorinda,Block
kuhics468,Stevie,Kuhic
lueilwitzw108,Willian,Lueilwitz
hartmannw657,Whitney,Hartmann
stehrv564,Virgilio,Stehr
dubuqued726,Dena,DuBuque
littlek749,Kali,Little
lefflere312,Ed,Leffler
rodriguezm728,Mitchel,Rodriguez
hoppec627,Caridad,Hoppe
baucht499,Trisha,Bauch
murphya879,Annabell,Murphy
dachg238,Gayla,Dach
bergei644,Ida,Berge
croninh67,Hugo,Cronin
spencera850,Archie,Spencer
krajcikp490,Perry,Krajcik
yundts843,Sherman,Yundt
wilkinsonz784,Zulema,Wilkinson
heidenreicha267,Alecia,Heidenreich
kulask235,Kelsi,Kulas
streicht175,Theo,Streich
swiftm234,Magdalena,Swift
mannt938,Timothy,Mann
nienowy699,Yung,Nienow
feestc903,Cathryn,Feest
turcottej506,Jules,Turcotte
hayese903,Ellsworth,Hayes
ondrickai952,Ivory,Ondricka
robelo554,Odelia,Robel
hammesl897,Lisabeth,Hammes
carterf271,Freeman,Carter
ankundinge506,Ellsworth,Ankunding
quigleyd573,Dino,Quigley
hirthec531,Carlotta,Hirthe
heidenreicho708,Orval,Heidenreich
keeblerk548,Kristofer,Keebler
medhurste460,Emile,Medhurst
terryj201,Jordan,Terry
millerp566,Prince,Miller
haleyg536,Guy,Haley
shieldsm492,Marcelene,Shields
parisianf162,Fritz,Parisian
hudsona457,Audry,Hudson
kubq316,Quintin,Kub
fishera90,Alix,Fisher
vonl882,Li,Von
kesslerm968,Marilee,Kessler
gerholds21,Sadie,Gerhold
dubuquea163,Augustina,DuBuque
dickinsonb317,Britta,Dickinson
lindgrenp635,Paola,Lindgren
lueilwitzl952,Loria,Lueilwitz
murazikd665,Dylan,Murazik
raynorm459,Marcella,Raynor
stehrd338,Devin,Stehr
brakusw617,Wiley,Brakus
veumd436,Dominick,Veum
mertzb835,Bobbi,Mertz
kovacekc825,Christopher,Kovacek
bashiriana432,Angel,Bashirian
ricel725,Linn,Rice
littela974,Arturo,Littel
wizac257,Charlyn,Wiza
farrelli786,Irving,Farrell
vandervorte632,Ed,Vandervort
lebsackp514,Paul,Lebsack
jacobig38,Gillian,Jacobi
sipesq215,Quentin,Sipes
littelp750,Pamula,Littel
faym683,Madeleine,Fay
macejkovick446,Kalyn,Macejkovic
stehrt269,Tierra,Stehr
langworthl500,Leola,Langworth
thompsons518,Sonny,Thompson
mclaughlins443,Shane,McLaughlin
kleinm97,Marcelo,Klein
danielf257,Felicidad,Daniel
skilesl579,Luciana,Skiles
stammy543,Yan,Stamm
nadert704,Tiera,Nader
emmericha242,Ayako,Emmerich
vonruedenj453,Judith,VonRueden
yundtk225,Kam,Yundt
o'keefec875,Clarita,O'Keefe
blandal528,Lavern,Blanda
kihnt874,Torie,Kihn
douglasa659,Alva,Douglas
cummeratav804,Vicenta,Cummerata
osinskie747,Ervin,Osinski
halvorsonv894,Valentine,Halvorson
huelsg174,Gerard,Huels
wolfq273,Quinn,Wolf
ferryd248,Doretta,Ferry
durgand822,Dusty,Durgan
spinkat712,Tracy,Spinka
hayesn831,Norene,Hayes
gaylordd70,Dave,Gaylord
watersh211,Hellen,Waters
huelsw857,Whitney,Huels
schaeferp525,Percy,Schaefer
tremblaya459,Arnette,Tremblay
macejkovicv79,Vella,Macejkovic
mannl606,Louanne,Mann
flatleye797,Eloisa,Flatley
fayp29,Pa,Fay
wintheisers141,Shannon,Wintheiser
hintze483,Edmund,Hintz
batza4,Arielle,Batz
skilesl710,Lynwood,Skiles
ankundingg357,Galen,Ankunding
priceb112,Breanne,Price
langworthr471,Rodrick,Langworth
mcclurep911,Patty,McClure
gerlachc481,Chiquita,Gerlach
bergstrome88,Eloy,Bergstrom
welchf406,Fidel,Welch
nitzscheb709,Brice,Nitzsche
dietrichs147,Stanford,Dietrich
hicklel448,Larissa,Hickle
littlel92,Lizzie,Little
parisianr371,Romeo,Parisian
pouross785,Shannon,Pouros
blockm637,Morton,Block
macgyveri787,Ileana,MacGyver
bartolettiy560,Yuko,Bartoletti
vandervortk339,Keeley,Vandervort
runolfsdottird708,Donovan,Runolfsdottir
waelchic835,Chaya,Waelchi
franeckig236,Genia,Franecki
haleyc374,Christene,Haley
bradtkej914,Jacqualine,Bradtke
blockl307,Lanny,Block
christiansenc549,Cleta,Christiansen
o'keefet850,Thi,O'Keefe
kuvaliss970,Susannah,Kuvalis
feils400,Salena,Feil
thielj969,Justin,Thiel
adamst541,Tad,Adams
vandervorte203,Eun,Vandervort
rolfsonl605,Lue,Rolfson
dickenst471,Tien,Dickens
creminr626,Rory,Cremin
lowed234,Darell,Lowe
koeppg312,Gail,Koepp
darej617,Justina,Dare
abernathyl136,Lael,Abernathy
waelchit340,Tommy,Waelchi
murphyq693,Quentin,Murphy
corwinv954,Veronika,Corwin
handc403,Clemente,Hand
roobm329,Maynard,Roob
ankundingd872,Derick,Ankunding
corkerye316,Eric,Corkery
cartwrightm29,Mckinley,Cartwright
shanahank711,Kathie,Shanahan
toyt69,Thelma,Toy
effertzm657,Maxwell,Effertz
schulists516,Shin,Schulist
kerlukem761,Maxie,Kerluke
bergnaume205,Edelmira,Bergnaum
corwinc314,Clint,Corwin
johnsg891,Gretchen,Johns
croninm73,Magaret,Cronin
rosenbauml861,Lorrine,Rosenbaum
vonruedent177,Tim,VonRueden
pourosk233,Katrice,Pouros
luettgene472,Erasmo,Luettgen
tremblayc560,Carlton,Tremblay
connellyh314,Harry,Connelly
bogisichb380,Bryon,Bogisich
welchm718,Maximo,Welch
pagacs496,Santana,Pagac
koelpins265,Sacha,Koelpin
hahnl139,Lauren,Hahn
cummingst579,Teddy,Cummings
hoppej978,Jean,Hoppe
konopelskik132,Karl,Konopelski
marksc30,Corey,Marks
zemlakc445,Christopher,Zemlak
oberbrunnere771,Eric,Oberbrunner
streichw464,Winford,Streich
lynchl907,Leontine,Lynch
lynchg878,George,Lynch
kochm437,Myesha,Koch
shieldst400,Toya,Shields
durganb401,Bernie,Durgan
wiegandg214,Garnett,Wiegand
bernhardw980,Winfred,Bernhard
halvorsons489,Silas,Halvorson
starkc657,Carlota,Stark
schinnero695,Orlando,Schinner
kshlerinb130,Bernie,Kshlerin
yundtr889,Rusty,Yundt
medhurstc276,Columbus,Medhurst
cruickshankt562,Thad,Cruickshank
haleyr680,Riley,Haley
raynorm893,Monty,Raynor
rogahns336,Simonne,Rogahn
hartmannl153,Lenny,Hartmann
fayk547,Kyra,Fay
lockmane731,Elliott,Lockman
wolffe979,Emmett,Wolff
smithd659,Darius,Smith
cummingsi617,Ignacio,Cummings
kovacekk727,Kristy,Kovacek
altenwerths644,Sherrell,Altenwerth
weberb201,Billie,Weber
eberta791,Antwan,Ebert
hammesa903,Alton,Hammes
beckerm673,Maxwell,Becker
borert173,Tyron,Borer
schroederb948,Billy,Schroeder
sauerj47,Jackie,Sauer
joness346,Sylvester,Jones
greenfelderr423,Ronna,Greenfelder
shanahanw164,Wally,Shanahan
boscol587,Lawanda,Bosco
yundtc122,Chad,Yundt
cronap609,Paula,Crona
mckenzied37,Denna,McKenzie
ryanm585,Marge,Ryan
kshlerinc64,Cruz,Kshlerin
trompi560,Ignacio,Tromp
shanahanl172,Lavenia,Shanahan
koeppl574,Luci,Koepp
hicklej702,Jesusita,Hickle
rutherfordn58,Neal,Rutherford
hartmanne411,Eugene,Hartmann
o'connerl205,Lucinda,O'Conner
huell686,Lizzette,Huel
wuckertr81,Ron,Wuckert
jakubowskit701,Trey,Jakubowski
cruickshankh975,Hobert,Cruickshank
cartwrightm684,Magda,Cartwright
bruenc618,Claude,Bruen
wildermanw79,Willian,Wilderman
leuschkee375,Elmira,Leuschke
reingerm199,Miriam,Reinger
andersona470,Abel,Anderson
gaylords176,Sung,Gaylord
connellym264,Marcus,Connelly
strosina752,Angelo,Strosin
creminh258,Herbert,Cremin
townee754,Edwin,Towne
dubuquet241,Thurman,DuBuque
ritchiem356,Mitchel,Ritchie
leuschkem85,Marianela,Leuschke
breitenberge100,Eugenio,Breitenberg
rohanf84,Francoise,Rohan
kossy108,Yolande,Koss
gleasonj969,Joshua,Gleason
schmelerm188,Marylouise,Schmeler
pfannerstillj25,Jeffery,Pfannerstill
mantej408,Joseph,Mante
reillyv290,Vernon,Reilly
parisianr322,Roma,Parisian
rolfsonb229,Beata,Rolfson
rennerc708,Charlette,Renner
murphya291,Altagracia,Murphy
walterd453,Dorthey,Walter
cassinr122,Riley,Cassin
connellyc392,Cristi,Connelly
smithn927,Normand,Smith
pricec142,Calvin,Price
bruenc207,Claretha,Bruen
purdyw562,Winford,Purdy
stromanc769,Carmen,Stroman
balistrerib564,Bryan,Balistreri
kuphalm959,Mack,Kuphal
goldnerl473,Larry,Goldner
gislasonh369,Hollis,Gislason
rutherfordk61,Kirk,Rutherford
mayerh115,Hanh,Mayer
homenickp951,Patria,Homenick
krajcikd475,Dale,Krajcik
kovacekb756,Brent,Kovacek
morarl100,Lorriane,Morar
carrollc222,Carmelia,Carroll
doylea201,Alfreda,Doyle
vonw768,Wenona,Von
weberb12,Beryl,Weber
hettingerv569,Violeta,Hettinger
dibbertn210,Nam,Dibbert
weimannp279,Pete,Weimann
effertzr247,Rachelle,Effertz
borerv144,Valorie,Borer
hauckm400,Micheal,Hauck
lindr461,Raul,Lind
davisv476,Velvet,Davis
considinel265,Luis,Considine
danield426,Denver,Daniel
kunzes263,Scarlet,Kunze
dietrichw319,Williemae,Dietrich
millsd865,Donald,Mills
morissettez619,Zofia,Morissette
ankundingk821,Kathe,Ankunding
abernathym854,Mauricio,Abernathy
stehrh593,Hilary,Stehr
corwind828,Dominic,Corwin
hauckc371,Corrie,Hauck
johnss307,Stephan,Johns
boscoj865,John,Bosco
sauerr927,Rolland,Sauer
bernierm36,Meta,Bernier
bernhardl339,Lu,Bernhard
steuberj369,Jennine,Steuber
kubv151,Valencia,Kub
batze877,Enoch,Batz
thield77,Dion,Thiel
nienown359,Nola,Nienow
brownh771,Hwa,Brown
hesselv138,Violet,Hessel
wymang79,Gaston,Wyman
lindt162,Tifany,Lind
abshiren281,Nisha,Abshire
conroyw548,Wyatt,Conroy
farrella137,Annie,Farrell
runtes629,Shirley,Runte
vone543,Efrain,Von
beahanh469,Hildegard,Beahan
schultzk153,Kandis,Schultz
ratkek34,Kyla,Ratke
gaylordn423,Nicolette,Gaylord
dibbertk59,Kip,Dibbert
harveyk261,Keenan,Harvey
ullrichl591,Leonida,Ullrich
cartwrighte517,Esther,Cartwright
wittingm948,Mikaela,Witting
kesslerm227,Mirta,Kessler
kubk468,Kerstin,Kub
beckerw490,Wilfred,Becker
hammeso725,Olen,Hammes
schimmelc939,Coletta,Schimmel
danielj777,Joycelyn,Daniel
goldnera567,Alisa,Goldner
langworths73,Sammy,Langworth
johnsonr744,Rick,Johnson
murrayj353,Jared,Murray
mayerta118,Andrea,Mayert
pacochae290,Evalyn,Pacocha
andersonr912,Rafael,Anderson
haleyt23,Terrell,Haley
kautzeri56,Irvin,Kautzer
wuckertk892,Kaila,Wuckert
oberbrunnerd508,Desirae,Oberbrunner
runtef695,Forest,Runte
hyattj51,Jovita,Hyatt
marksc818,Calista,Marks
stantonl961,Laine,Stanton
lower558,Ricki,Lowe
spencerc178,Cathleen,Spencer
doylec301,Cheri,Doyle
pfannerstillm965,Malik,Pfannerstill
nikolauss890,Stacey,Nikolaus
torpm276,Manual,Torp
connj860,Jena,Conn
crists196,Sylvester,Crist
reichelc736,Chas,Reichel
schuppeo5,Orval,Schuppe
ernsern776,Norris,Ernser
bauchm521,Marsha,Bauch
leannonj160,Jordon,Leannon
roobb478,Barrie,Roob
faheya106,Avery,Fahey
kovaceko867,Octavio,Kovacek
blandal620,Lavern,Blanda
balistrerie61,Erick,Balistreri
stracker621,Rashida,Stracke
joness387,Salvador,Jones
satterfielde770,Ernie,Satterfield
nikolausl417,Lesley,Nikolaus
creminn733,Natalia,Cremin
hellerl348,Lynne,Heller
lindb396,Benton,Lind
schowalterl644,Latesha,Schowalter
ritchier868,Rich,Ritchie
grimesd829,Don,Grimes
wehnero572,Ollie,Wehner
auerk852,Kirby,Auer
whitem873,Mauro,White
lockmanm63,Mitsue,Lockman
greenj361,Jonas,Green
ritchiej578,Joleen,Ritchie
hoppej261,John,Hoppe
berniera828,Althea,Bernier
hartmanna760,Ariel,Hartmann
monahand106,Dagny,Monahan
abbottk712,Ken,Abbott
strosinj275,Jenelle,Strosin
bartolettic378,Chana,Bartoletti
mclaughlint614,Timika,McLaughlin
borerc137,Curtis,Borer
pourosw654,Wes,Pouros
langoshe278,Emery,Langosh
larkinj920,Joanie,Larkin
dickinsonr390,Roxane,Dickinson
ullriche886,Erik,Ullrich
feeneyl136,Leonardo,Feeney
schroeders103,Sherie,Schroeder
bahringerd791,Dagmar,Bahringer
dooleyl296,Livia,Dooley
o'haraj525,Joannie,O'Hara
hillsm141,Marlen,Hills
cartwrightt227,Teodoro,Cartwright
jaskolskio514,Olin,Jaskolski
kihno371,Otha,Kihn
kossm617,Monte,Koss
beeri718,Isadora,Beer
hegmannl7,Luci,Hegmann
wittingl574,Lloyd,Witting
rathc977,Christian,Rath
halvorsonk836,Karly,Halvorson
hickleb706,Bronwyn,Hickle
waelchin397,Nicolas,Waelchi
marksg341,Geoffrey,Marks
sengerj744,Janell,Senger
dubuquej378,Junior,DuBuque
boyera291,Alfred,Boyer
kuhlmand191,Denita,Kuhlman
lindgrenm605,Morton,Lindgren
gradyn258,Nichol,Grady
haagf121,Frederic,Haag
huelso901,Owen,Huels
buckridgej326,Jed,Buckridge
kuhicl383,Lane,Kuhic
kutchm246,Myrtie,Kutch
wuckertp828,Phylis,Wuckert
mcdermottf112,Fredricka,McDermott
vonruedenv678,Valentine,VonRueden
mckenziek216,Kelly,McKenzie
pagacn578,Noma,Pagac
abernathyg141,Gregory,Abernathy
goodwinh140,Hung,Goodwin
o'reillyp543,Porter,O'Reilly
leuschket788,Tobie,Leuschke
schmitti551,Irish,Schmitt
ziemeb232,Bessie,Zieme
hansenc519,Clinton,Hansen
stantonr540,Reyes,Stanton
bruenr46,Regina,Bruen
yosta381,Alex,Yost
boscol294,Leta,Bosco
croninl491,Luana,Cronin
hyattl25,Leif,Hyatt
pauceks230,Stephenie,Paucek
schroederp611,Parker,Schroeder
mosciskiv688,Velva,Mosciski
grantr629,Robby,Grant
bahringera582,Angelo,Bahringer
andersonr460,Roland,Anderson
nienows90,Shavon,Nienow
goyettes913,Santiago,Goyette
abshired746,Dwayne,Abshire
walshs221,Shanna,Walsh
hermana931,Annabel,Herman
windlerk112,Kip,Windler
boehmm416,Michele,Boehm
smithams338,Shawn,Smitham
quigleyv892,Van,Quigley
blandal316,Laure,Blanda
kuhlmank636,Kristeen,Kuhlman
hamillj434,Janean,Hamill
beiers459,Stephen,Beier
jonesr185,Rozella,Jones
windlerp868,Perry,Windler
runolfssonj441,Jerica,Runolfsson
koeppf283,Faustino,Koepp
wizai57,Ike,Wiza
satterfields672,Sally,Satterfield
purdye903,Eden,Purdy
kohlern160,Nannie,Kohler
prohaskae410,Enrique,Prohaska
bernieri592,Ignacio,Bernier
pfefferk836,Kristal,Pfeffer
kohlerc968,Chin,Kohler
waelchic863,Coletta,Waelchi
wuckertb300,Bobby,Wuckert
johnsh421,Hershel,Johns
kshlerins311,Shantel,Kshlerin
townej946,Jonah,Towne
reingerm629,Manual,Reinger
wunschp921,Pat,Wunsch
grahamf789,Frances,Graham
blockr498,Renato,Block
weissnatm245,Marlin,Weissnat
grimesm667,Miss,Grimes
wittingm380,Monroe,Witting
hodkiewiczg387,Gilbert,Hodkiewicz
wieganda120,Abel,Wiegand
fadelj509,Jack,Fadel
baumbachb747,Brett,Baumbach
bogana30,Alesia,Bogan
sengerg473,Gretta,Senger
mayertb30,Bette,Mayert
kesslerf848,Foster,Kessler
lindp804,Pamelia,Lind
auerp661,Phillip,Auer
johnsona976,Alta,Johnson
kertzmannn237,Nam,Kertzmann
bernhardj13,Junior,Bernhard
coled666,Donnetta,Cole
lebsackb392,Berneice,Lebsack
champlind232,Donya,Champlin
schneiderf224,Floretta,Schneider
trompc335,Carl,Tromp
blickm357,Morris,Blick
mullera311,Allan,Muller
o'connerc202,Christiane,O'Conner
ornc778,Claretta,Orn
johnsonm394,Marshall,Johnson
johnsona601,Adela,Johnson
howellt112,Terrell,Howell
leschl746,Lamar,Lesch
manna482,Alpha,Mann
dickit356,Tomiko,Dicki
gislasons667,Susana,Gislason
morarl731,Lona,Morar
krisg395,Giovanni,Kris
mullerr842,Ross,Muller
conroyj380,Jackie,Conroy
schadenw644,Willow,Schaden
schinnero420,Omar,Schinner
gulgowskia753,Annabel,Gulgowski
olsont380,Tresa,Olson
padbergq349,Quiana,Padberg
hettingerj119,Jarvis,Hettinger
kundec424,Charley,Kunde
o'connelll193,Loreta,O'Connell
hansens396,Samella,Hansen
powlowskip264,Pok,Powlowski
casperl45,Lester,Casper
reynoldsd743,Demetrius,Reynolds
powlowskir200,Rubin,Powlowski
sporera131,Art,Sporer
olsonr221,Raymundo,Olson
robertsr501,Raquel,Roberts
rolfsona543,Ashton,Rolfson
mcdermotta14,Annetta,McDermott
townea289,Alejandra,Towne
wolfh538,Hayden,Wolf
doylen496,Norberto,Doyle
naderk595,Kaylee,Nader
linde565,Erik,Lind
haleya285,Almeda,Haley
huelsv372,Vivien,Huels
boylem315,Maribeth,Boyle
skilesd147,Dale,Skiles
haagl366,Lorenzo,Haag
emmerichi82,Irving,Emmerich
sanfordm649,Maurine,Sanford
willa927,Abel,Will
lueilwitzb322,Buster,Lueilwitz
homenicki300,Ileana,Homenick
kutchk285,Keith,Kutch
rodriguezr94,Rosalind,Rodriguez
webera474,Allyn,Weber
schambergere157,Erline,Schamberger
trompd421,Dolly,Tromp
feeneyp966,Phil,Feeney
lemkes380,Shaniqua,Lemke
pagaci337,Isreal,Pagac
yostl784,Leigh,Yost
jacobsf963,Francisco,Jacobs
abbottb15,Blaine,Abbott
handw720,Winfred,Hand
considinel764,Lynn,Considine
muraziks64,Stephen,Murazik
treutelq427,Queen,Treutel
willd56,Dennise,Will
langosha423,Andres,Langosh
blickj469,Jeanna,Blick
spenceri886,Irvin,Spencer
haleye560,Eldridge,Haley
blockf270,Filiberto,Block
vong956,Gretta,Von
danield511,Donte,Daniel
beattyk596,Kraig,Beatty
greenm732,Marcus,Green
kovacekd532,Dominica,Kovacek
mcglynnw463,Willy,McGlynn
jacobsonb806,Buddy,Jacobson
ullrichj615,Jerald,Ullrich
fadelr962,Rudolf,Fadel
kuhlmang627,Garfield,Kuhlman
schneiderd696,Diann,Schneider
hauckg364,Gracie,Hauck
jakubowskim881,Melida,Jakubowski
bartonl305,Lawerence,Barton
schulistd248,Devora,Schulist
douglasl432,Leann,Douglas
veumc937,Christa,Veum
mcclurem850,Marian,McClure
lindgrenp586,Paris,Lindgren
uptonc50,Cherise,Upton
bashirianb944,Brendon,Bashirian
fishern685,Nell,Fisher
langworthr413,Rogelio,Langworth
zulaufd299,Damien,Zulauf
nicolasa521,Adela,Nicolas
hamills545,Sergio,Hamill
lindgrenm620,Manuel,Lindgren
kilbackh395,Halina,Kilback
rolfsonm92,Melissa,Rolfson
creminl350,Luis,Cremin
kossk695,Keven,Koss
gloverv306,Vikki,Glover
reingerj287,Jospeh,Reinger
emarda409,Aleen,Emard
skilesh880,Harley,Skiles
schneidera735,Augustus,Schneider
gleichnerm671,Monica,Gleichner
erdmanm731,Malik,Erdman
moenj721,Joanie,Moen
connc295,Cecil,Conn
boyerm413,Martin,Boyer
gleasons324,Susann,Gleason
bayerm477,Marvin,Bayer
lakinc887,Cinthia,Lakin
mullerk203,Keenan,Muller
raue951,Evangeline,Rau
kovaceke945,Eldridge,Kovacek
cronak488,Kermit,Crona
bednarb794,Bonny,Bednar
huelsl751,Lloyd,Huels
welchm526,Marquis,Welch
riceh462,Hassan,Rice
steuberb216,Benny,Steuber
walshj966,Jetta,Walsh
schulistf317,Francesca,Schulist
howes435,Stephane,Howe
rooba912,Albertina,Roob
mertzt872,Terese,Mertz
bogisichw953,Willena,Bogisich
murphyn179,Natosha,Murphy
blandar441,Rubin,Blanda
nienowl936,Lorenzo,Nienow
robertsd899,Dudley,Roberts
hamills939,Sarina,Hamill
moorec843,Cody,Moore
konopelskib780,Barry,Konopelski
sipesl945,Louis,Sipes
connellyj630,Janean,Connelly
erdmanj576,Jaime,Erdman
hermane441,Ed,Herman
mcclureb628,Brittney,McClure
schroederf117,Francisca,Schroeder
goodwinm182,Mariela,Goodwin
braunt415,Tony,Braun
swaniawskin401,Nicholas,Swaniawski
hermane945,Evonne,Herman
framim636,Marcelo,Frami
leuschkes32,Sage,Leuschke
lefflerv511,Val,Leffler
kosst872,Tyler,Koss
kesslere251,Eduardo,Kessler
larsonr963,Reiko,Larson
o'reillyd355,Destiny,O'Reilly
kulasr907,Roscoe,Kulas
macejkovicm948,Mika,Macejkovic
greenholtr506,Rick,Greenholt
toyc269,Cyndy,Toy
millsa138,Anya,Mills
haags84,Sharda,Haag
swifth851,Hong,Swift
bahringerm672,Malcom,Bahringer
bradtkes824,Sima,Bradtke
ziemem65,Magdalena,Zieme
bayerr372,Rebbeca,Bayer
stiedemanng980,Gene,Stiedemann
durganr974,Renaldo,Durgan
heidenreichb978,Brady,Heidenreich
welchj550,Joel,Welch
paucekt628,Timika,Paucek
baileyt445,Thi,Bailey
lueilwitzl610,Leoma,Lueilwitz
erdmang451,Glory,Erdman
hilllt738,Toney,Hilll
schuppem333,Marshall,Schuppe
klingh980,Hilton,Kling
wehners883,Steffanie,Wehner
goyettef697,Felicidad,Goyette
durganh620,Helen,Durgan
baileye831,Emmitt,Bailey
greenfelderl91,Leeanna,Greenfelder
ullrichc323,Cecil,Ullrich
gleasond298,Don,Gleason
blandal201,Leida,Blanda
marvink274,Kelvin,Marvin
gerholdd36,Dane,Gerhold
dubuqueh597,Han,DuBuque
marquardtt503,Tim,Marquardt
grantc794,Concha,Grant
haleyd258,Demetrius,Haley
quigleym634,Mitchell,Quigley
aufderharj856,Jeff,Aufderhar
pollichj80,Jacquetta,Pollich
howella817,Antone,Howell
ratkem458,Michiko,Ratke
champlinr743,Rosalba,Champlin
bahringerr147,Randi,Bahringer
bahringerd692,Danika,Bahringer
mclaughlind546,Dean,McLaughlin
mertzc190,Chi,Mertz
doylem44,Maida,Doyle
mckenzies339,Scott,McKenzie
rippint819,Trish,Rippin
morissettec159,Cecily,Morissette
wizaj346,Joane,Wiza
wolfh294,Hazel,Wolf
kutcht812,Teressa,Kutch
medhurstd361,David,Medhurst
brekkeo846,Orville,Brekke
steuberl619,Lynsey,Steuber
schmelerw587,Wan,Schmeler
larsons727,Sheila,Larson
colliere762,Elias,Collier
reichertn384,Norberto,Reichert
uptonl529,Lyndia,Upton
boyerc200,Carlos,Boyer
buckridgea263,Alonso,Buckridge
ziemannd277,Diedre,Ziemann
monahanw343,Wesley,Monahan
ferryd731,Dannette,Ferry
ullrichm406,Mozella,Ullrich
strosina113,Asuncion,Strosin
coleh725,Hermila,Cole
balistrerir658,Randolph,Balistreri
blockl554,Lovie,Block
keelingb398,Benton,Keeling
ankundingr344,Rosamond,Ankunding
wintheisers484,Selene,Wintheiser
gaylordn264,Nobuko,Gaylord
nolans189,Serina,Nolan
langl578,Lesha,Lang
greenholtq507,Quiana,Greenholt
davisd686,Dalton,Davis
zboncakb529,Bessie,Zboncak
boscoj791,Justin,Bosco
pourosa924,Alfonzo,Pouros
hahnj288,Janetta,Hahn
conroyf190,Francis,Conroy
gottliebc198,Chana,Gottlieb
rempelk683,Kevin,Rempel
binsc547,Cary,Bins
kozeyp233,Phil,Kozey
schustern433,Normand,Schuster
adamst882,Thu,Adams
durgand525,Denis,Durgan
sipess557,Sheilah,Sipes
ernsere478,Elmira,Ernser
weissnatl839,Latarsha,Weissnat
cummingsm311,Milagro,Cummings
leannonh563,Harvey,Leannon
millerf727,Forrest,Miller
schulisth190,Hermila,Schulist
mosciskid439,Derek,Mosciski
erdmang717,Gina,Erdman
tremblayj276,John,Tremblay
dachm593,Milo,Dach
pollichf913,Fredrick,Pollich
hauckv697,Valentine,Hauck
dickinsonc951,Carmelo,Dickinson
millerf871,Fransisca,Miller
jakubowskie853,Elton,Jakubowski
erdmanl104,Lauretta,Erdman
mccluref958,Fernando,McClure
johnsony848,Young,Johnson
littlej421,Jettie,Little
krajcika695,Alfredo,Krajcik
towneh744,Horace,Towne
kreigerp22,Preston,Kreiger
bauchl543,Lincoln,Bauch
mayers876,Scot,Mayer
hyattd810,Desirae,Hyatt
russelc55,Clarence,Russel
hettingerr913,Richard,Hettinger
cummingsa339,Antione,Cummings
schmelerc685,Candyce,Schmeler
hackette884,Eliana,Hackett
stiedemannm676,Max,Stiedemann
hilpertg42,Gil,Hilpert
townec468,Cruz,Towne
paucekt189,Tiffaney,Paucek
bartella833,Andrea,Bartell
starke827,Emmanuel,Stark
jacobil111,Louie,Jacobi
naderr516,Rochel,Nader
smithame904,Erma,Smitham
bartolettip105,Phung,Bartoletti
o'connelle579,Elizebeth,O'Connell
o'reillyc902,Camelia,O'Reilly
cronins193,Saul,Cronin
marquardtd400,Darnell,Marquardt
langf947,Freeman,Lang
stammo384,Ophelia,Stamm
terrye606,Edison,Terry
vandervortr784,Roderick,Vandervort
kerlukek774,Kenyatta,Kerluke
boscok33,Kizzy,Bosco
mannc552,Caleb,Mann
littelc611,Cody,Littel
fayw773,Woodrow,Fay
feeneyc427,Claretha,Feeney
mcclurej766,Jon,McClure
doylek312,Keva,Doyle
abbotts168,Shawanda,Abbott
bergnaums629,Scarlet,Bergnaum
kihnd343,Delphine,Kihn
darem895,Marvin,Dare
kovaceks123,Soledad,Kovacek
nitzschee720,Eduardo,Nitzsche
collinsj635,Johnnie,Collins
stehrl8,Lorean,Stehr
rohanc273,Carlos,Rohan
bergej700,Javier,Berge
jacobsons564,Silas,Jacobson
gloverj553,Jon,Glover
willmsb78,Bud,Willms
walteri153,In,Walter
binsk687,Ken,Bins
rippinm801,Margy,Rippin
ernserl865,Loria,Ernser
thompsone920,Elroy,Thompson
huelsa2,Alex,Huels
sawaynb92,Buford,Sawayn
gottliebr688,Raymond,Gottlieb
cartwrightl393,Lindsay,Cartwright
gleasono556,Orville,Gleason
gislasonr711,Rosalba,Gislason
whitec649,Cristina,White
gradys850,Sherman,Grady
cristm305,Miguel,Crist
swaniawskim11,Monique,Swaniawski
watersb378,Bertram,Waters
schinnerz626,Zetta,Schinner
kerlukel780,Leida,Kerluke
wittingl75,Lilian,Witting
nitzschea228,Altha,Nitzsche
schimmeld242,Denice,Schimmel
quigleyw555,Wilburn,Quigley
harveyo740,Olen,Harvey
gloverb874,Barbara,Glover
mantes760,Shayne,Mante
kilbackt873,Taren,Kilback
stammk11,Kirk,Stamm
binsd415,Debroah,Bins
hilperta854,Anitra,Hilpert
bednarm260,Martina,Bednar
stammm263,Mafalda,Stamm
mcdermottt747,Twana,McDermott
o'connella324,Annika,O'Connell
aufderharj403,Jacquelin,Aufderhar
adamsf211,Felicitas,Adams
tremblaym243,Miguel,Tremblay
schimmelr815,Rod,Schimmel
gleichnera147,Angelo,Gleichner
kiehns839,Sherrill,Kiehn
leuschkeb423,Blaine,Leuschke
lynchj628,Jed,Lynch
schummf579,Fermin,Schumm
wolfd949,Dan,Wolf
volkmanb954,Brooks,Volkman
langoshc836,Carylon,Langosh
herzogg873,Georgann,Herzog
brownk790,Katherine,Brown
parkerd474,Doug,Parker
howel919,Lia,Howe
mosciskig518,Gregory,Mosciski
dubuquee494,Ernest,DuBuque
runtet88,Taisha,Runte
jastc603,Cheryl,Jast
brownr909,Rickie,Brown
gorczanym888,Malka,Gorczany
koelpinw859,Williemae,Koelpin
trompz864,Zoe,Tromp
jacobin975,Noreen,Jacobi
feeneyg334,Glayds,Feeney
kertzmanna695,Aron,Kertzmann
weberk371,Kenyatta,Weber
o'reillyd441,Douglass,O'Reilly
kassulkeg791,Gordon,Kassulke
heathcotek588,Kaila,Heathcote
homenickv940,Verna,Homenick
nolana814,Allen,Nolan
stantonj543,Jewell,Stanton
koepps486,Stefani,Koepp
kuvalisl598,Loriann,Kuvalis
o'connellr762,Robin,O'Connell
friesena277,Adina,Friesen
langd375,Dominique,Lang
kirlinp120,Philomena,Kirlin
blicko217,Obdulia,Blick
reillyp412,Patrick,Reilly
leannonr42,Raul,Leannon
kohlerz339,Zenia,Kohler
kilbackf617,Fannie,Kilback
gutkowskib866,Broderick,Gutkowski
skilesi502,Ingeborg,Skiles
stoltenbergi538,In,Stoltenberg
olsoni281,Ingeborg,Olson
hahnh781,Hobert,Hahn
rempela698,Aurelio,Rempel
cummeratac387,Candi,Cummerata
balistrerig892,Gwendolyn,Balistreri
ernsert403,Talitha,Ernser
gerlachl363,Luis,Gerlach
reingerh506,Harvey,Reinger
friesena178,Ali,Friesen
cormiers922,Sixta,Cormier
kuvalisr770,Ryan,Kuvalis
littlel949,Lamar,Little
handj412,Joella,Hand
boylec617,Clotilde,Boyle
kings399,Stacie,King
gerholds922,Shelley,Gerhold
mclaughlinh832,Hollis,McLaughlin
yosta49,Anthony,Yost
blandaa8,Arnulfo,Blanda
blockh776,Hillary,Block
hermank386,Kattie,Herman
schuppek772,Kam,Schuppe
cronat361,Ty,Crona
gottliebs56,Shemeka,Gottlieb
bernhardl851,Lindsey,Bernhard
satterfieldm596,Mozell,Satterfield
kerluked519,Dustin,Kerluke
breitenbergl822,Lesli,Breitenberg
ullrichd452,Dorene,Ullrich
langworthh429,Hans,Langworth
simonism839,Marshall,Simonis
lynchc432,Chuck,Lynch
torpm715,Marcelo,Torp
pricep173,Paul,Price
d'amores208,Silvia,D'Amore
jerdem161,Manda,Jerde
kinge40,Elfreda,King
greenv591,Vera,Green
feile679,Eden,Feil
hyattm558,Madelyn,Hyatt
ortizc309,Chiquita,Ortiz
pagacr450,Robbyn,Pagac
keeblerc580,Corrinne,Keebler
bodee43,Eleonora,Bode
goyettec498,Cherie,Goyette
hillsx113,Xavier,Hills
wintheiserm944,Maisie,Wintheiser
conroyi516,In,Conroy
heaneym180,Madeline,Heaney
langoshe122,Eneida,Langosh
beattyt424,Teodoro,Beatty
weberc574,Clifford,Weber
turnere264,Edison,Turner
willk409,Ken,Will
sauere830,Enda,Sauer
bashiriang216,Guillermo,Bashirian
halvorsonm899,Meghann,Halvorson
keeblerm16,Myrta,Keebler
franeckij563,Jesse,Franecki
heathcotec674,Cherry,Heathcote
kunden951,Normand,Kunde
beckers832,Sherlene,Becker
dubuquea49,Arica,DuBuque
gutmannh224,Hans,Gutmann
dickinsonm879,Marcellus,Dickinson
zulaufa493,Avery,Zulauf
schneiderm342,Monte,Schneider
erdmann228,Neta,Erdman
framir739,Reiko,Frami
bergel603,Lila,Berge
hermannd648,Dani,Hermann
ratkeh976,Harrison,Ratke
medhurstf47,Florentina,Medhurst
ebertw815,Wiley,Ebert
gottliebt727,Ted,Gottlieb
faheyl595,Louie,Fahey
langc21,Clarissa,Lang
mckenziek435,Kim,McKenzie
hansenk209,Kathline,Hansen
dachg910,Gaynelle,Dach
langworthl93,Lee,Langworth
ferryl608,Lyndsey,Ferry
schmelers955,Spencer,Schmeler
schulistb340,Bertram,Schulist
marquardtd374,Danilo,Marquardt
borerm869,Michel,Borer
dareo281,Orval,Dare
balistrerip878,Patrina,Balistreri
hammese861,Emmaline,Hammes
dickiw497,Weldon,Dicki
schoenl387,Leanora,Schoen
prohaskai747,Israel,Prohaska
emardg324,Garret,Emard
kubr69,Rasheeda,Kub
farrelln695,Nikole,Farrell
marvina180,Anthony,Marvin
herzogk794,Kory,Herzog
manna895,Antonia,Mann
schaeferk495,Kieth,Schaefer
haagd243,Dino,Haag
carrollh360,Herschel,Carroll
bergstromm304,Merrilee,Bergstrom
franeckin522,Nathaniel,Franecki
leschs632,Susie,Lesch
littlej190,Jae,Little
jacobij615,Jeanna,Jacobi
cassinq45,Quintin,Cassin
kiehnv628,Valeri,Kiehn
quitzong794,Genaro,Quitzon
hodkiewicze28,Ervin,Hodkiewicz
flatleym436,Mei,Flatley
beierl610,Leanne,Beier
leschj682,Janna,Lesch
stokesr161,Robbie,Stokes
abshireb727,Blanch,Abshire
reillyd304,Dave,Reilly
cummingst503,Tanja,Cummings
renners333,Sheryl,Renner
fadelk754,Karole,Fadel
kossr242,Roxana,Koss
klingl405,Lacy,Kling
satterfields213,Shu,Satterfield
trompb325,Bethanie,Tromp
rosenbaumj298,Jarrett,Rosenbaum
hansenb366,Brenna,Hansen
lindg298,Grover,Lind
schusters551,Sidney,Schuster
o'koni292,Irvin,O'Kon
littled806,Dee,Little
cartere661,Elli,Carter
heidenreichk340,Kendrick,Heidenreich
wizad643,Darline,Wiza
o'connerc900,Chas,O'Conner
mitchellb122,Bernardo,Mitchell
balistrerin98,Nichole,Balistreri
barrowsn162,Nettie,Barrows
prosaccoy634,Young,Prosacco
rauf391,Fleta,Rau
rodriguezd943,Dakota,Rodriguez
stoltenbergy276,Young,Stoltenberg
wittingl195,Lamont,Witting
metzg39,Gilma,Metz
fadelj442,Joleen,Fadel
jenkinsa533,Alene,Jenkins
gerholdc210,Chante,Gerhold
smithamm497,Marcia,Smitham
kulasr533,Rosann,Kulas
doylea909,Angelia,Doyle
goodwinh507,Hannah,Goodwin
tremblaym835,Micah,Tremblay
willh182,Heriberto,Will
bartolettig634,Geraldo,Bartoletti
marksk116,Karren,Marks
binsr522,Robin,Bins
brakusa362,Adrian,Brakus
flatleyb349,Becki,Flatley
brownr570,Royce,Brown
balistrerir152,Rana,Balistreri
buckridgec669,Criselda,Buckridge
krajcikg761,Gerard,Krajcik
rohanj511,Jonah,Rohan
okunevaa497,Angelo,Okuneva
grahamd390,David,Graham
baumbachs420,Sherlyn,Baumbach
marvinl124,Latesha,Marvin
botsfordb684,Barrie,Botsford
nikolausj278,Jesus,Nikolaus
macejkovicj273,Jessie,Macejkovic
corwinl400,Luis,Corwin
harberj434,Jocelyn,Harber
gleichnere969,Eddie,Gleichner
klingc666,Chi,Kling
pollichg780,Gina,Pollich
vonw722,Wilber,Von
kautzero15,Orval,Kautzer
fadell197,Lesa,Fadel
mayerm797,Malcolm,Mayer
casperh457,Hollis,Casper
schummo414,Olin,Schumm
torphyj595,Jeffrey,Torphy
mclaughlina332,Alfred,McLaughlin
pourosb581,Becky,Pouros
raynorm690,Mario,Raynor
balistreril959,Lashonda,Balistreri
thielj317,Jake,Thiel
parkero114,Omer,Parker
wintheiserm314,Maurine,Wintheiser
cummeratao428,Olinda,Cummerata
reynoldsi471,Irish,Reynolds
o'reillys781,Shirleen,O'Reilly
kirlint390,Treena,Kirlin
dibbertv675,Vince,Dibbert
cassind6,Demetrius,Cassin
macgyvera144,Amada,MacGyver
hauckg322,Gordon,Hauck
beierl825,Leif,Beier
gloverp714,Preston,Glover
bartolettit106,Teodoro,Bartoletti
flatleyp8,Palmer,Flatley
cummingsc526,Cynthia,Cummings
mclaughlinw941,Whitney,McLaughlin
williamsonc21,Clarence,Williamson
herzogj573,Jamel,Herzog
labadiel620,Lorenzo,Labadie
cormierw442,Warner,Cormier
o'connellj556,Jarrod,O'Connell
wuckertm417,Mercedez,Wuckert
huelsr222,Reid,Huels
smithg428,Glenn,Smith
prices925,Sona,Price
hellers625,Sara,Heller
osinskic938,Chrissy,Osinski
schummf588,Florance,Schumm
hillsc423,Chung,Hills
rutherfords699,Shelton,Rutherford
gradyz886,Zackary,Grady
gaylordl8,Lanell,Gaylord
larsonj298,Jong,Larson
walkera238,Ashely,Walker
willh277,Holley,Will
satterfieldt501,Tarsha,Satterfield
kulasj949,Judson,Kulas
strackeg902,Ghislaine,Stracke
gerlachd175,Dario,Gerlach
buckridgeb440,Beatrice,Buckridge
lynchj828,Josefa,Lynch
russell164,Leon,Russel
beattyw214,Waylon,Beatty
strackef590,Frank,Stracke
townep400,Phillis,Towne
abbottk953,Karolyn,Abbott
gutkowskiy424,Yoshie,Gutkowski
wisozkd368,Dario,Wisozk
welchk80,Katelyn,Welch
yosti145,Ingeborg,Yost
botsfordm295,Meagan,Botsford
stracked21,Dan,Stracke
robertsr856,Rickie,Roberts
cummingsm827,Matthew,Cummings
lowee791,Elma,Lowe
schmittm296,Maurine,Schmitt
klockof177,Fredric,Klocko
windlerw855,Waylon,Windler
hettingerj341,Julietta,Hettinger
jonesd951,Dan,Jones
tillmana480,Annice,Tillman
watsicak333,Kris,Watsica
huelss95,Sena,Huels
ondrickao26,Osvaldo,Ondricka
aufderhard28,Dirk,Aufderhar
lubowitzl208,Louann,Lubowitz
shanahang651,Gonzalo,Shanahan
watsicah933,Huey,Watsica
lynchs212,Seymour,Lynch
bernierl472,Logan,Bernier
howelld763,Donnell,Howell
schmelert414,Tom,Schmeler
uptonj768,Jacquelin,Upton
rippinj313,Joye,Rippin
weberm103,Melany,Weber
hirthep199,Patrick,Hirthe
spinkan273,Norman,Spinka
medhurstn804,Nestor,Medhurst
parisianj131,Junior,Parisian
crooksa658,Asa,Crooks
haagm844,Markus,Haag
nicolasb106,Byron,Nicolas
wisozkg237,Giovanni,Wisozk
kingg721,Grady,King
rippinc3,Cornell,Rippin
hermant339,Trista,Herman
millsn903,Ngan,Mills
simonism239,Mimi,Simonis
blickb480,Buford,Blick
reichelm146,Malcolm,Reichel
herzogs887,Sean,Herzog
kuhicj693,Jeanetta,Kuhic
hyattm308,Maia,Hyatt
wittingc970,Camellia,Witting
beattyj345,Juliet,Beatty
fadell293,Leora,Fadel
okunevad540,Deshawn,Okuneva
walterj121,Josiah,Walter
hermanw450,Warner,Herman
greenfelderc316,Chanda,Greenfelder
kuhlmank684,Kathlyn,Kuhlman
watsicae466,Elvera,Watsica
daughertyb552,Beckie,Daugherty
lakink866,Kris,Lakin
mrazv922,Veola,Mraz
heidenreiche437,Eva,Heidenreich
carrolld954,Dennis,Carroll
gaylordm166,Martin,Gaylord
lednerp240,Phillip,Ledner
gleasonm60,Mac,Gleason
thompsond823,Deshawn,Thompson
bartong499,Gordon,Barton
bogisichb219,Burton,Bogisich
schneideri335,Isa,Schneider
metzj694,Jacqui,Metz
ullrichg753,George,Ullrich
wisokyt585,Teddy,Wisoky
kozeyb125,Buddy,Kozey
runolfsdottirm245,Marvin,Runolfsdottir
zboncakl405,Lai,Zboncak
runolfssonk862,Kera,Runolfsson
schmidtn140,Nida,Schmidt
buckridgeb926,Barabara,Buckridge
thield365,Davina,Thiel
framid888,Diann,Frami
koelpina77,Alfredo,Koelpin
littelj320,Joette,Littel
rowej937,Jasper,Rowe
stammc223,Clayton,Stamm
nienowa293,Afton,Nienow
abshirew851,Warren,Abshire
fadelc478,Chas,Fadel
wymane144,Ellie,Wyman
altenwerthj767,Joe,Altenwerth
ortizv590,Vincenzo,Ortiz
parkerj704,Jeanie,Parker
dietrichb11,Bernie,Dietrich
waelchic35,Chad,Waelchi
swaniawskie705,Emma,Swaniawski
friesenj436,Joellen,Friesen
veumw532,Woodrow,Veum
beckerb383,Bradley,Becker
bauchz140,Zachery,Bauch
spinkal59,Laronda,Spinka
bednara264,Alonso,Bednar
kossb343,Buster,Koss
stehra19,Alexander,Stehr
rodriguezd794,Demetrius,Rodriguez
goyetter284,Ramon,Goyette
bartolettip621,Prince,Bartoletti
faheyb416,Brittni,Fahey
bahringerj492,Jose,Bahringer
hacketta977,Albert,Hackett
hettingerj593,Jacqui,Hettinger
nadera491,Andrew,Nader
predovicc56,Cecile,Predovic
macejkovicn917,Nicholas,Macejkovic
langworthc899,Carlton,Langworth
kingg171,Georgiana,King
weimannv561,Verline,Weimann
robertsd224,Dee,Roberts
beierv733,Vania,Beier
schmittj595,Joni,Schmitt
deckowm428,Melani,Deckow
westr397,Rene,West
kirlint693,Tayna,Kirlin
brownj285,Janise,Brown
hamills5,Scot,Hamill
beahanc538,Cecilia,Beahan
emmerichb637,Byron,Emmerich
terryr610,Rina,Terry
morarb600,Boyce,Morar
schmelera808,Andre,Schmeler
rosenbaumd372,Doreen,Rosenbaum
hamillj980,Jewel,Hamill
bodee249,Emelina,Bode
reillyc901,Chuck,Reilly
lynchs242,Stanley,Lynch
gutkowskib790,Britteny,Gutkowski
deckowd340,Demarcus,Deckow
pagact925,Tommie,Pagac
hackettd69,Dick,Hackett
huelm357,Malka,Huel
hintzb200,Brad,Hintz
hayesy337,Young,Hayes
ricel558,Latrisha,Rice
kiehni761,Ira,Kiehn
rolfsonl272,Laverna,Rolfson
gislasonj699,Johnie,Gislason
gibsonj568,Jona,Gibson
wisozkj294,Jill,Wisozk
conroyt665,Tiesha,Conroy
rohanh900,Hye,Rohan
mcdermottn961,Nicki,McDermott
raynork637,Kallie,Raynor
cummeratav606,Vina,Cummerata
ritchiew922,Waylon,Ritchie
keelingn629,Natividad,Keeling
reichertd618,Dorthy,Reichert
gorczanyf550,Fumiko,Gorczany
smithd346,Deandrea,Smith
danielk832,Karima,Daniel
schowalterg198,Gianna,Schowalter
kossw226,Wilton,Koss
jacobsa930,Alana,Jacobs
bartone954,Emerson,Barton
harriss445,Stella,Harris
pacochaf771,Frederic,Pacocha
dibberte893,Elwood,Dibbert
homenickd368,Donovan,Homenick
ankundingb520,Bernetta,Ankunding
moored118,Delmar,Moore
jonesy943,Yahaira,Jones
abshirea819,Alyssa,Abshire
smithj212,Jimmie,Smith
hudsonv894,Valda,Hudson
nitzschej260,Joshua,Nitzsche
pouross623,Sharon,Pouros
stoltenbergt828,Teri,Stoltenberg
stehrj465,Jamie,Stehr
koeppd526,Dante,Koepp
parisians254,Stefan,Parisian
stehrs655,Shawnee,Stehr
boscok539,Kendall,Bosco
jacobir665,Reyes,Jacobi
franeckil162,Loyce,Franecki
daughertyw275,Willian,Daugherty
larsonl820,Leroy,Larson
abernathya643,Afton,Abernathy
watersr390,Reed,Waters
breitenbergt98,Tatiana,Breitenberg
hahnf816,Fae,Hahn
boganp410,Phyliss,Bogan
mosciskit794,Tammy,Mosciski
satterfieldr678,Reed,Satterfield
koeppi872,Isaac,Koepp
simonisr860,Ross,Simonis
brakusa974,Albert,Brakus
kshlerint864,Tommy,Kshlerin
rogahnl888,Lona,Rogahn
lindgrenm771,Marco,Lindgren
friesenb618,Bertram,Friesen
strosinj615,Joesph,Strosin
marvinp623,Palmer,Marvin
nadera286,Andera,Nader
balistreril742,Lily,Balistreri
bartolettid624,Danica,Bartoletti
daren785,Nidia,Dare
watsicaj654,Julienne,Watsica
maggioj125,Jacinto,Maggio
tremblays622,Shaunda,Tremblay
mclaughlinh409,Harriet,McLaughlin
schillerm231,Mauricio,Schiller
ryanl387,Lucretia,Ryan
zemlakj244,Jonathon,Zemlak
kuhicw473,Willian,Kuhic
haner716,Rusty,Hane
bartolettib819,Barney,Bartoletti
cormiers197,Sadye,Cormier
haagm536,Marlin,Haag
andersone691,Edgar,Anderson
pollicha212,Austin,Pollich
deckowk692,Kenyetta,Deckow
borerm777,Micah,Borer
bergnaumt731,Tyron,Bergnaum
littelb525,Bertram,Littel
howelll720,Lonna,Howell
stiedemannr811,Robby,Stiedemann
mertzc672,Charmain,Mertz
hesselc11,Cathleen,Hessel
barrowsk638,Kenda,Barrows
mckenzier704,Ricardo,McKenzie
yundta635,Antonetta,Yundt
dibbertk178,Kerry,Dibbert
hudsond396,Darrell,Hudson
boyerg157,Gema,Boyer
effertzs263,Siu,Effertz
adamse224,Erwin,Adams
christiansenc55,Courtney,Christiansen
murphyl709,Luther,Murphy
steuberf411,Flo,Steuber
donnellyk544,Kyong,Donnelly
johnstonh755,Hayden,Johnston
kirlinl204,Loma,Kirlin
thiell428,Leena,Thiel
gradym321,Micheal,Grady
pfefferw464,Warner,Pfeffer
larsonj814,Jody,Larson
ratket541,Tana,Ratke
lockmana715,Aaron,Lockman
bogisichk728,Kristine,Bogisich
binsm820,Misha,Bins
ziemej932,Josh,Zieme
kihnc343,Cole,Kihn
hesselg708,Gilbert,Hessel
browng845,Gary,Brown
osinskil86,Leisa,Osinski
vona77,Adrian,Von
wisokyj186,Jeff,Wisoky
wardv57,Vito,Ward
yostv933,Vern,Yost
bernierd542,Domingo,Bernier
krise127,Ezequiel,Kris
shanahang139,Gil,Shanahan
harveyg396,Gene,Harvey
bogisichd654,Denisse,Bogisich
turnerq487,Quinton,Turner
moorel625,Lorelei,Moore
lockmant277,Tabitha,Lockman
bodej402,Jaunita,Bode
willd557,Darron,Will
leschl557,Loria,Lesch
volkmant969,Tomas,Volkman
kubr838,Roy,Kub
fritschj538,Jeffery,Fritsch
toyp273,Paul,Toy
jerdeo9,Ona,Jerde
boganc267,Carmen,Bogan
watsicaa420,Alyse,Watsica
prohaskac539,Cindi,Prohaska
kuhna91,Ara,Kuhn
cassinm290,Maribel,Cassin
daughertyc80,Christopher,Daugherty
mraza891,Allegra,Mraz
mayerh151,Harris,Mayer
jonesm450,Milo,Jones
homenickj674,James,Homenick
schneiderl233,Lee,Schneider
beckerl452,Lou,Becker
adamsg159,Gerald,Adams
goodwinb574,Bradly,Goodwin
reicherts165,Sterling,Reichert
binsk451,Kyung,Bins
hauckr217,Randell,Hauck
oberbrunnern110,Nicolasa,Oberbrunner
sanfordm520,Miquel,Sanford
pricea813,Aurelia,Price
altenwertht521,Trula,Altenwerth
baumbachs491,Sharita,Baumbach
fritschm510,Moises,Fritsch
jerdec43,Coy,Jerde
stokesb413,Billie,Stokes
vandervortm754,Maricruz,Vandervort
kemmerp975,Pat,Kemmer
kuhnh613,Helen,Kuhn
barrowsg862,Gale,Barrows
treutelj626,Jimmie,Treutel
balistrerid948,Delicia,Balistreri
larkinc463,Cathi,Larkin
hesselw785,Ward,Hessel
buckridgea141,Avery,Buckridge
wizal505,Long,Wiza
sauerl162,Long,Sauer
bergnaumm387,Marc,Bergnaum
volkmanm606,Miss,Volkman
rowel80,Lois,Rowe
kertzmannw511,Willa,Kertzmann
strackew153,Wilbert,Stracke
klingj751,Josiah,Kling
murphym948,Maryanna,Murphy
friesena660,Astrid,Friesen
strosint195,Tajuana,Strosin
gorczanya370,Alan,Gorczany
boganj455,Johnathan,Bogan
gerlachl163,Louanne,Gerlach
sauerc68,Carroll,Sauer
larsona308,Abram,Larson
stehrl398,Layne,Stehr
fisherr595,Ron,Fisher
willa494,Antionette,Will
starkh440,Harold,Stark
toya422,Aretha,Toy
cummingsc832,Cristi,Cummings
skilesg751,Gracie,Skiles
bartellc938,Clarissa,Bartell
wintheiserr20,Riva,Wintheiser
macejkovico476,Oralia,Macejkovic
ryang941,Gilda,Ryan
mrazr309,Rory,Mraz
kreigerl597,Lilian,Kreiger
ziemel507,Lajuana,Zieme
braunb717,Basilia,Braun
wuckerth507,Heidy,Wuckert
warde527,Ethan,Ward
johnstonl6,Lesia,Johnston
cronine418,Emilio,Cronin
kunzeg98,Gerald,Kunze
effertzm787,Mei,Effertz
farrellr117,Royal,Farrell
mohrw688,Wilhemina,Mohr
konopelskii420,Izola,Konopelski
hickles875,Sylvester,Hickle
emmerichs735,Shayne,Emmerich
rohanc159,Cherryl,Rohan
blicka696,Allen,Blick
kubj765,Josphine,Kub
wardm660,Morgan,Ward
terryj964,Jeniffer,Terry
bahringerf283,Felton,Bahringer
hanet529,Tobias,Hane
bradtkeh364,Huey,Bradtke
hueln495,Nicole,Huel
gutmanns314,Sammie,Gutmann
greenholta445,Adolph,Greenholt
schillerk505,Kylie,Schiller
cummingsj51,Jeremy,Cummings
bergstromv266,Vern,Bergstrom
reingers907,Sima,Reinger
dubuqued723,Danilo,DuBuque
greenholtl742,Leon,Greenholt
auern133,Nick,Auer
hilllj764,Jeremy,Hilll
ondrickaj342,Jessie,Ondricka
turcottep298,Preston,Turcotte
jacobsj228,Joshua,Jacobs
walkerr755,Rickey,Walker
reillyc97,Carmen,Reilly
dietrichc424,Codi,Dietrich
torpa979,Albertine,Torp
ryana150,Aimee,Ryan
larsont576,Trang,Larson
daughertyj355,Jacob,Daugherty
bergef397,Fred,Berge
wilkinsont409,Trinity,Wilkinson
langg37,Guy,Lang
binsr542,Roland,Bins
kassulkeg151,Gayle,Kassulke
wisozks340,Sandi,Wisozk
handj70,Jessia,Hand
sauerm687,Micheal,Sauer
ortizh306,Harmony,Ortiz
beerf705,Francoise,Beer
orns20,Sid,Orn
pollicho954,Ora,Pollich
kochw715,Wiley,Koch
mitchelln300,Nelson,Mitchell
millery127,Yajaira,Miller
halvorsonj748,Janell,Halvorson
linds240,Shayna,Lind
donnellyw969,Will,Donnelly
klockor930,Rayford,Klocko
keeblerc511,Clifton,Keebler
kuhlmana256,Antonio,Kuhlman
kreigerd294,Dulce,Kreiger
hoegerp946,Pete,Hoeger
gorczanye427,Etsuko,Gorczany
blockd969,Dorian,Block
lockmanf406,Fidela,Lockman
koeppj197,Joie,Koepp
carrollt917,Tenisha,Carroll
marvinm112,Marlena,Marvin
ornr937,Rudolf,Orn
gutmanna940,Alleen,Gutmann
stoltenbergb411,Bobbie,Stoltenberg
goodwinb931,Brady,Goodwin
krajcika152,Arletha,Krajcik
rauk645,Korey,Rau
dooleyd98,Danika,Dooley
kautzerh864,Harrison,Kautzer
vonruedena136,Ariel,VonRueden
wolfft160,Toby,Wolff
millsa909,Audria,Mills
gerholda445,Alfred,Gerhold
gusikowskia867,Angelita,Gusikowski
hammesf93,Frank,Hammes
sawayng468,Glinda,Sawayn
halvorsonb271,Bradford,Halvorson
beattyj581,Jerica,Beatty
friesenm35,Milan,Friesen
collieri348,Ivy,Collier
durgana558,Anissa,Durgan
gutmannt802,Ty,Gutmann
willd5,Dorthea,Will
hoppee431,Emery,Hoppe
bechtelarr885,Ricardo,Bechtelar
robell678,Larita,Robel
lubowitzs767,Shirley,Lubowitz
auert728,Trinidad,Auer
buckridgeg743,Gerard,Buckridge
hermano175,Ona,Herman
millsm704,Myesha,Mills
koeppg442,Garland,Koepp
whites280,Solomon,White
marvina780,Alphonse,Marvin
bogano862,Odell,Bogan
sanfordc553,Carolina,Sanford
watsicac547,Catherina,Watsica
schowalterd590,Dannie,Schowalter
grimeso358,Odell,Grimes
mullere752,Eleonor,Muller
larkinv222,Vannessa,Larkin
mrazl313,Luvenia,Mraz
schoend961,Darrick,Schoen
olsont697,Trudi,Olson
mullero752,Orville,Muller
bartolettia644,Ariel,Bartoletti
altenwerthp127,Pat,Altenwerth
rippine688,Easter,Rippin
abbottf603,Frankie,Abbott
hagenesg246,Gillian,Hagenes
volkmanu92,Una,Volkman
gloverl754,Luis,Glover
boyerb542,Brittani,Boyer
boded624,Dorian,Bode
berget9,Terrell,Berge
littelj584,Jamika,Littel
wintheiserh74,Hyacinth,Wintheiser
walshc55,Colton,Walsh
gislasonn294,Nancie,Gislason
kesslert168,Truman,Kessler
westj459,Jesse,West
macgyverh841,Hannelore,MacGyver
stantonp594,Pete,Stanton
steuberj291,Jonah,Steuber
gerlachj91,Jeromy,Gerlach
lebsackk127,Keisha,Lebsack
wiegandr692,Ronald,Wiegand
yundte928,Edmundo,Yundt
jaskolskim321,Mohammed,Jaskolski
johnsona339,Arturo,Johnson
raud41,Dustin,Rau
collinss259,Sterling,Collins
kshlerinb502,Basil,Kshlerin
rosenbaumc725,Curtis,Rosenbaum
emardn703,Nickolas,Emard
leschm177,Modesto,Lesch
predovicv901,Val,Predovic
morissettes755,Shanon,Morissette
runolfsdottirk835,Ken,Runolfsdottir
willa954,Arnoldo,Will
lakind573,Devin,Lakin
kerlukec126,Caprice,Kerluke
mohrl978,Leonor,Mohr
casperj142,Jacquelyne,Casper
jonesa170,Allen,Jones
fayj860,Janella,Fay
runtel112,Lilian,Runte
bauchm351,Misha,Bauch
connellyl277,Lelia,Connelly
langf885,Fanny,Lang
howellc693,Cruz,Howell
abbotte822,Earlie,Abbott
swaniawskio882,Omar,Swaniawski
zulaufr264,Randall,Zulauf
watersm265,Martin,Waters
larsonk865,Kandice,Larson
gerlachj197,John,Gerlach
thompsonf593,Florentino,Thompson
prohaskak23,Kenton,Prohaska
caspers5,Stacey,Casper
batzi547,Isreal,Batz
o'reillyb542,Buford,O'Reilly
littlej669,Joanne,Little
willmsm823,Margart,Willms
sipesr450,Rex,Sipes
thielc898,Chanell,Thiel
marvinc646,Cristine,Marvin
lowel612,Latesha,Lowe
bernhardm98,Mohammad,Bernhard
goldnerj866,Jenine,Goldner
romaguerac167,Candy,Romaguera
mantem476,Marylee,Mante
bechtelard526,Dominick,Bechtelar
walshl282,Laine,Walsh
stantonj272,Julianna,Stanton
sporerd373,Daryl,Sporer
mckenziea381,Ava,McKenzie
champlinb347,Blaine,Champlin
hermanr795,Raymond,Herman
carterr627,Rusty,Carter
haagr699,Reyna,Haag
watersa369,Augustine,Waters
robels309,Shea,Robel
hayesd265,Delmer,Hayes
schmittc523,Chang,Schmitt
jerdej385,Jarred,Jerde
kulasw305,Wonda,Kulas
abernathys53,Saul,Abernathy
lemkem465,Marcos,Lemke
cartwrightk584,Kenneth,Cartwright
vonruedenv335,Vivien,VonRueden
jacobsona406,Alva,Jacobson
kuhicb706,Bobette,Kuhic
goyettee317,Elfriede,Goyette
marquardtc35,Cordie,Marquardt
ernserb395,Barry,Ernser
hoegerr428,Rosendo,Hoeger
kocha878,Angelo,Koch
durganj355,John,Durgan
feilm219,Marcelle,Feil
jacobsc19,Chas,Jacobs
durgant432,Tilda,Durgan
corkerym905,Monica,Corkery
farrells710,Scott,Farrell
littled798,Dominic,Little
eberts220,Shawnda,Ebert
blockd522,Donny,Block
quitzong954,Graham,Quitzon
thompsonm611,Mariann,Thompson
purdym70,Maida,Purdy
ferrye897,Edmund,Ferry
ernserc875,Carmen,Ernser
sporera158,Alfonzo,Sporer
luettgens296,Salvatore,Luettgen
hammesa431,Arturo,Hammes
connellyb573,Bradly,Connelly
hanee576,Eugenio,Hane
altenwertha531,Adeline,Altenwerth
pfefferl432,Lavenia,Pfeffer
batzd678,Daniell,Batz
davist17,Twyla,Davis
muellerj520,Jaquelyn,Mueller
goyettea85,Arlean,Goyette
nolanm549,Maya,Nolan
kuvaliso619,Orville,Kuvalis
leannong369,Gavin,Leannon
doylet352,Tricia,Doyle
mckenziew823,Willene,McKenzie
keeblerm730,Myesha,Keebler
hackette889,Erwin,Hackett
blockm65,Matt,Block
schillerw925,Walker,Schiller
medhurstv640,Vikki,Medhurst
labadiej690,Jamie,Labadie
legrosf619,Frankie,Legros
beerl414,Liana,Beer
considinek636,Kirby,Considine
powlowskit488,Tracy,Powlowski
goodwint375,Trevor,Goodwin
abernathyc617,Cleopatra,Abernathy
metzt940,Teresia,Metz
simonisc968,Chad,Simonis
raynorc94,Clyde,Raynor
sporers168,Sanford,Sporer
weissnatl258,Love,Weissnat
predovict70,Tegan,Predovic
hansenb298,Brady,Hansen
mertzw245,Williams,Mertz
strosinc928,Chelsea,Strosin
cronar961,Ressie,Crona
rogahnl102,Lewis,Rogahn
andersonh744,Hallie,Anderson
vont118,Tammara,Von
stokesr380,Roberto,Stokes
turcottee393,Eric,Turcotte
swifta437,Amiee,Swift
willmsn279,Nicolas,Willms
sporers880,Sharron,Sporer
dubuques26,Sanjuanita,DuBuque
o'connellj214,Janice,O'Connell
tillmanm657,Margret,Tillman
bashiriann495,Noma,Bashirian
kihns960,Shaquita,Kihn
quigleyd980,Darcy,Quigley
bartolettil270,Lamar,Bartoletti
johnstons706,Stefan,Johnston
ornl66,Luanne,Orn
heidenreichy461,Yong,Heidenreich
ferryh621,Horace,Ferry
hoppes909,Sina,Hoppe
kshlerinm904,Maya,Kshlerin
greenholta506,Aldo,Greenholt
runolfssonm829,Marcelo,Runolfsson
harveye673,Estella,Harvey
huelr429,Royce,Huel
parisianl201,Lamont,Parisian
emmerichb421,Bernita,Emmerich
koeppd497,Danny,Koepp
kertzmanna785,Arica,Kertzmann
borerg716,Garth,Borer
ankundingb465,Buddy,Ankunding
schulistc960,Chloe,Schulist
shieldsj525,Joana,Shields
bruens892,Sondra,Bruen
williamsonw558,Winston,Williamson
faheyk859,Kelly,Fahey
andersont52,Truman,Anderson
hahnv436,Victor,Hahn
effertzs309,Savannah,Effertz
luettgens400,Shonda,Luettgen
davist391,Trevor,Davis
boscof787,Fernande,Bosco
bogisichg697,Gary,Bogisich
wolffd898,Devon,Wolff
klockom970,Marc,Klocko
morard64,Darius,Morar
trompm381,Maryrose,Tromp
larkinc414,Charise,Larkin
ryane810,Eleonor,Ryan
maggiop869,Phylicia,Maggio
hegmanny589,Yuette,Hegmann
cummeratam471,Marcelino,Cummerata
bergeh14,Heath,Berge
bashirians631,Sabra,Bashirian
skilesh973,Helena,Skiles
grantw180,Williams,Grant
naderj167,James,Nader
gleichnerb428,Bo,Gleichner
leschd93,Demetrius,Lesch
rauh539,Hyman,Rau
pacochak187,Kenny,Pacocha
schowalterr434,Roscoe,Schowalter
gaylordn193,Nigel,Gaylord
rathz855,Zula,Rath
boyert783,Trena,Boyer
carrolli562,Ismael,Carroll
wymanm670,Magdalena,Wyman
heaneyc41,Cammy,Heaney
greenm328,Miki,Green
rolfsonj302,Jerrell,Rolfson
gerlachf520,Freda,Gerlach
hudsonb598,Brett,Hudson
williamsond323,Deadra,Williamson
kleinc51,Carolin,Klein
davisj540,Julius,Davis
bartellm556,Marlana,Bartell
sipesv421,Von,Sipes
casperl516,Lazaro,Casper
berges210,Stan,Berge
skilesm564,Marica,Skiles
dickinsonl608,Lamont,Dickinson
walkerm770,Marybeth,Walker
bashirianr290,Royal,Bashirian
kautzere673,Eleanore,Kautzer
cruickshankj326,Jamie,Cruickshank
boyerb127,Byron,Boyer
murphyj41,Jaimee,Murphy
andersonc482,Coletta,Anderson
haneh565,Hassan,Hane
deckowc314,Cathie,Deckow
welchp689,Pete,Welch
d'amorek23,Karmen,D'Amore
klockoc827,Columbus,Klocko
halvorsonu250,Una,Halvorson
brakuss974,Shanice,Brakus
ritchies602,Shila,Ritchie
o'konm794,Maryjane,O'Kon
ondrickab796,Bruce,Ondricka
reichelp930,Porter,Reichel
ricej237,Jerrod,Rice
adamsm690,Maryam,Adams
kiehnj6,Jarrod,Kiehn
hillss236,Shon,Hills
gutkowskib631,Brant,Gutkowski
nolanm88,Mellie,Nolan
swaniawskir72,Russell,Swaniawski
gutkowskic68,Chrissy,Gutkowski
whitea455,Alita,White
gleichnerw208,Wesley,Gleichner
hagenesn850,Novella,Hagenes
beahann248,Natalya,Beahan
rohanj297,Janeen,Rohan
weimannt961,Tawnya,Weimann
flatleym266,Morris,Flatley
manted125,Deloris,Mante
dickinsonj473,Jack,Dickinson
ferryw533,Warner,Ferry
hilpertm356,Merri,Hilpert
hirthen262,Nicki,Hirthe
labadieo403,Octavio,Labadie
naderc766,Christel,Nader
schuppeb244,Bo,Schuppe
denesikn95,Nan,Denesik
hudsona923,Anja,Hudson
heidenreichl862,Lynn,Heidenreich
sawaynp366,Polly,Sawayn
rolfsond371,Dianne,Rolfson
robertsj849,Jesus,Roberts
schowalters289,Simon,Schowalter
hillsd260,Diann,Hills
cronak293,Kent,Crona
williamsonj542,Johnathon,Williamson
tremblayt923,Tammi,Tremblay
collierl618,Lizzie,Collier
lindgrenp339,Patricia,Lindgren
huelsj442,Jacinta,Huels
balistrerij912,Jene,Balistreri
ankundings210,Suanne,Ankunding
mantec524,Cyrstal,Mante
heaneyj133,Jeremy,Heaney
emmerichj457,Jae,Emmerich
schultze862,Elliot,Schultz
daviss64,Sonja,Davis
hoppev879,Vito,Hoppe
schinnerg64,Gladis,Schinner
vonruedenk373,Kyla,VonRueden
kochb323,Barrie,Koch
keelingb631,Bert,Keeling
nikolauss422,Solomon,Nikolaus
boylel848,Loma,Boyle
williamsonc845,Curtis,Williamson
glovera40,Anja,Glover
hesselk862,Kiersten,Hessel
pourosh666,Hector,Pouros
hermanj20,Jacob,Herman
weissnatm189,Maude,Weissnat
nolanm427,Michale,Nolan
muellere699,Eula,Mueller
gaylordr926,Rochelle,Gaylord
hartmannm456,Mervin,Hartmann
medhurstw566,Wendolyn,Medhurst
wintheisera144,Ambrose,Wintheiser
monahanb766,Berneice,Monahan
mohrh517,Hyon,Mohr
sipest627,Thanh,Sipes
ritchies665,Soraya,Ritchie
kundew729,Whitley,Kunde
runolfssonj667,James,Runolfsson
mohrn699,Nolan,Mohr
ernserk595,Kim,Ernser
stiedemannc239,Creola,Stiedemann
monahanc245,Cami,Monahan
schadeno306,Ozzie,Schaden
wisokyc504,Cierra,Wisoky
lebsackr730,Roland,Lebsack
toya606,Aubrey,Toy
torphyc609,Clint,Torphy
schmidtj581,Jc,Schmidt
carrolll922,Luther,Carroll
luettgend705,Dale,Luettgen
goyettek526,Karin,Goyette
smithamm74,Maryrose,Smitham
schadenr565,Roxane,Schaden
gradyl433,Leon,Grady
robelo775,Ozzie,Robel
shanahank944,Keneth,Shanahan
reichertd369,Dewayne,Reichert
erdmanw246,Winford,Erdman
mccullougha532,Ahmed,McCullough
naderk588,Ken,Nader
watersv173,Viki,Waters
lednerm811,Maple,Ledner
ziemec483,Casandra,Zieme
marquardtc55,Celinda,Marquardt
oberbrunnerh765,Heriberto,Oberbrunner
d'amorec569,Casey,D'Amore
cruickshankk191,Kyle,Cruickshank
pfeffere918,Ellena,Pfeffer
daughertyd311,Donald,Daugherty
breitenbergs482,Spring,Breitenberg
veuma689,Anita,Veum
parisiana639,Art,Parisian
luettgens261,Shayne,Luettgen
homenicko590,Osvaldo,Homenick
mcclurel936,Lieselotte,McClure
lynchl271,Leonor,Lynch
hoppes756,Shelby,Hoppe
mrazt745,Tisa,Mraz
harveye157,Edison,Harvey
reingerd92,Danial,Reinger
millerm629,Maynard,Miller
walterk108,Kendall,Walter
trantowh528,Hung,Trantow
lefflers99,Sherill,Leffler
schadenz887,Zandra,Schaden
boehmk310,Keith,Boehm
collierm42,Monet,Collier
ondrickad896,Denice,Ondricka
kuhnd48,Deon,Kuhn
jacobiz374,Zenia,Jacobi
turcotted387,Dora,Turcotte
fayr843,Robby,Fay
carrollk205,Karly,Carroll
kuhica805,Adam,Kuhic
binsd322,Daryl,Bins
simonisj894,Junior,Simonis
adamsc53,Christin,Adams
vonruedena166,Allen,VonRueden
ratha725,Alejandrina,Rath
streiche562,Elmo,Streich
brekkek219,Kaley,Brekke
nitzschee322,Enoch,Nitzsche
paucekj431,Jason,Paucek
bergnaumw20,Wilfred,Bergnaum
larkinc703,Cecelia,Larkin
gibsond476,Donnie,Gibson
christiansenc100,Chun,Christiansen
bogisichl174,Leonard,Bogisich
huelsc480,Clair,Huels
starkc61,Coleman,Stark
reichela875,Audria,Reichel
davisp395,Pete,Davis
koeppa835,Alvin,Koepp
cronins365,Stephen,Cronin
pfefferc24,Cole,Pfeffer
whitec858,Clint,White
wolffd902,Dora,Wolff
vandervorth764,Hassan,Vandervort
volkmang789,Georgeanna,Volkman
considines111,Shelby,Considine
rauj297,Jordon,Rau
nitzscheg668,Graig,Nitzsche
schimmelt113,Troy,Schimmel
goodwini802,Isaias,Goodwin
bauchl296,Lavonda,Bauch
schmitts135,Sandy,Schmitt
kossj888,Janette,Koss
douglasg164,Gordon,Douglas
effertzj234,Joslyn,Effertz
cassinf676,Frank,Cassin
gislasoni61,Isaias,Gislason
dickensn977,Noah,Dickens
ortizb114,Bree,Ortiz
bogisicha911,Adrian,Bogisich
larkinp699,Porfirio,Larkin
nienowr285,Rosa,Nienow
pagace106,Eddie,Pagac
andersong584,Granville,Anderson
kleine244,Elvie,Klein
casperm396,Mckinley,Casper
sipesl844,Lorenzo,Sipes
schoent38,Trista,Schoen
ryanj838,Jung,Ryan
schupped806,Devin,Schuppe
ondrickam725,Murray,Ondricka
osinskik820,Kesha,Osinski
robelt188,Tari,Robel
wildermanc261,Carl,Wilderman
barrowsk649,Karl,Barrows
fadelw972,Whitley,Fadel
baumbache459,Ezequiel,Baumbach
leschj44,Janis,Lesch
kohlerr928,Rudolph,Kohler
mclaughlinr929,Reggie,McLaughlin
greenholtm639,Merri,Greenholt
croninm326,Moises,Cronin
gottliebs766,September,Gottlieb
haagk609,Kelle,Haag
raynorh417,Hiram,Raynor
weissnate721,Enola,Weissnat
mrazr67,Rosalee,Mraz
conroys902,Sidney,Conroy
effertzl420,Leonard,Effertz
runolfsdottirs920,Stuart,Runolfsdottir
towneg685,Gregory,Towne
herzogd476,Delisa,Herzog
wehnere797,Enriqueta,Wehner
jerdeg762,Graciela,Jerde
zboncakq251,Quinton,Zboncak
parkert481,Tod,Parker
o'connells5,Shenita,O'Connell
reingerw55,Wei,Reinger
wizaa971,Aliza,Wiza
kerluker342,Rosalva,Kerluke
nikolause180,Elnora,Nikolaus
kulass746,Scot,Kulas
kshlerini391,Isiah,Kshlerin
murrays800,Serafina,Murray
wisokyp976,Pauline,Wisoky
okunevac487,Cleveland,Okuneva
harveyg447,Gaylord,Harvey
kiehnk676,Keeley,Kiehn
stantonm22,Mary,Stanton
trantowt278,Tory,Trantow
trompd945,Doyle,Tromp
predovica511,Adeline,Predovic
howelle189,Edwardo,Howell
kingp453,Patrice,King
kemmeri292,Isis,Kemmer
rodriguezm125,Mitchell,Rodriguez
wisozkj124,Jolanda,Wisozk
colek374,Kelley,Cole
halvorsond800,Deeanna,Halvorson
marquardtl955,Lakiesha,Marquardt
corwina761,Aura,Corwin
dickenst574,Thaddeus,Dickens
friesenl140,Leighann,Friesen
sauerl130,Laine,Sauer
mannb624,Beaulah,Mann
mosciskim163,Masako,Mosciski
blockf556,Florencia,Block
shieldss72,Sung,Shields
kubc921,Cuc,Kub
doylea352,Albertina,Doyle
kuhicm424,Mohammad,Kuhic
kirlinm480,Mariette,Kirlin
wisokya849,Ariel,Wisoky
funks516,Shanel,Funk
danielt626,Trent,Daniel
kuphalh66,Hoyt,Kuphal
jerdea368,Amber,Jerde
runteu49,Ulysses,Runte
harriso713,Octavio,Harris
millerc754,Claudio,Miller
macejkovicj832,Jerrie,Macejkovic
boylet472,Tashia,Boyle
marvint804,Theron,Marvin
hartmanna776,Ailene,Hartmann
mosciskid965,Dorris,Mosciski
nolanr544,Rudolph,Nolan
goldners100,Stefan,Goldner
ferrye528,Ellamae,Ferry
deckowr956,Rubye,Deckow
kossa534,Abraham,Koss
wilkinsond700,Darius,Wilkinson
wisokym278,Man,Wisoky
luettgenn927,Nannie,Luettgen
kutchj870,Jeri,Kutch
stiedemannc374,Claudio,Stiedemann
mcculloughe145,Elsie,McCullough
paucekm27,Marquis,Paucek
rutherfordd466,Darron,Rutherford
ripping45,Galina,Rippin
williamsonv918,Vincent,Williamson
powlowskid524,Dallas,Powlowski
russels686,Salvador,Russel
rowec216,Corinna,Rowe
kossa162,Ahmed,Koss
nienowr926,Randolph,Nienow
schummf151,Fredrick,Schumm
kautzerm959,Margorie,Kautzer
vandervortb872,Britt,Vandervort
hagenesa145,Alita,Hagenes
raus922,Shanita,Rau
larkind950,Dexter,Larkin
langa488,Aracelis,Lang
braune979,Ellsworth,Braun
legross211,Shoshana,Legros
johnsn401,Nona,Johns
bednary386,Yer,Bednar
romagueraa423,Alverta,Romaguera
buckridgej270,Johna,Buckridge
nienowc24,Colene,Nienow
kuhnm545,Myles,Kuhn
williamsonc581,Chung,Williamson
boscor859,Rebecka,Bosco
oberbrunnerc656,Chandra,Oberbrunner
bartone455,Elwood,Barton
sengery408,Yuette,Senger
blockr14,Rebbecca,Block
schumml566,Liz,Schumm
bergef337,Filomena,Berge
wieganda315,Allen,Wiegand
macgyvere464,Ellsworth,MacGyver
daughertye32,Ela,Daugherty
mitchella814,Allene,Mitchell
danielp215,Pa,Daniel
keelingm558,Milo,Keeling
o'harad769,Dong,O'Hara
dietriche640,Ellsworth,Dietrich
hayess446,Spencer,Hayes
lindgrenc420,Chadwick,Lindgren
kuphalf843,Felix,Kuphal
schulistl366,Luann,Schulist
schroedert15,Toney,Schroeder
labadieg670,Geoffrey,Labadie
rodriguezj404,Justina,Rodriguez
rennerv175,Valentin,Renner
binsa521,Arminda,Bins
schinnerm818,Marcellus,Schinner
stokesj240,Jerald,Stokes
hauckh707,Harlan,Hauck
farrelld927,Devin,Farrell
cassink581,Kimberlie,Cassin
feesta874,Anika,Feest
deckowc491,Chris,Deckow
heathcotee104,Elliott,Heathcote
hessell117,Linsey,Hessel
brownf809,Fernando,Brown
reynoldsn903,Noemi,Reynolds
macejkovicg262,Gerardo,Macejkovic
dickensd125,Dorcas,Dickens
davisr929,Roxanna,Davis
ornr738,Roosevelt,Orn
balistrerie945,Ervin,Balistreri
erdmanj409,Joannie,Erdman
sanfordl133,Louisa,Sanford
huelsl795,Luther,Huels
mannk305,Kera,Mann
lockmanh132,Hilde,Lockman
predovica173,Alesia,Predovic
huelsl760,Lynwood,Huels
konopelskib80,Brian,Konopelski
schinnerb482,Brandon,Schinner
armstrongk644,Ken,Armstrong
keelings317,Sondra,Keeling
townea233,Adam,Towne
roobs559,Solomon,Roob
kuhna567,Awilda,Kuhn
runolfsdottird538,Dalton,Runolfsdottir
waelchij2,Janis,Waelchi
cormierd712,Deneen,Cormier
botsfordr108,Rodrigo,Botsford
herzogg744,Georgianne,Herzog
hegmannj190,Janna,Hegmann
jacobsm653,Marty,Jacobs
thieln961,Nancie,Thiel
labadied405,Delores,Labadie
braunc385,Christal,Braun
ritchies937,Solomon,Ritchie
caspera833,Andreas,Casper
o'reillyj673,Jonah,O'Reilly
pfannerstillt571,Tosha,Pfannerstill
hudsono341,Oma,Hudson
vons495,Shea,Von
cormierc40,Clayton,Cormier
ankundingc358,Cornell,Ankunding
mohrl51,Loyd,Mohr
lowei836,Izola,Lowe
altenwerthd341,Donya,Altenwerth
funkl185,Loren,Funk
hellerd907,Deonna,Heller
kemmerd428,Donnie,Kemmer
mertzd674,Denny,Mertz
jakubowskii135,Iliana,Jakubowski
connb149,Benito,Conn
wolffd136,Deon,Wolff
gaylordn288,Normand,Gaylord
kemmerm634,Marlon,Kemmer
wymanb624,Brittny,Wyman
dickinsont779,Tish,Dickinson
jacobsonm45,Mauricio,Jacobson
parkera232,Antone,Parker
dietrichb328,Benjamin,Dietrich
stantonc365,Cathey,Stanton
denesikd425,Dorothy,Denesik
reynoldse94,Elden,Reynolds
herzogm196,Morgan,Herzog
skilesk168,Korey,Skiles
millsc572,Chloe,Mills
schultzt344,Tifany,Schultz
effertzl492,Lavonia,Effertz
hellerb526,Burt,Heller
ortizp144,Pat,Ortiz
mertzd510,Demarcus,Mertz
bayerm893,Marlin,Bayer
hammesa11,Alesia,Hammes
emmerichp11,Priscila,Emmerich
bergstromj879,Justine,Bergstrom
larsonm734,Maia,Larson
wunscha4,Agnus,Wunsch
tremblayd668,Daron,Tremblay
kulash104,Humberto,Kulas
wymana483,Adelaide,Wyman
mannr464,Riley,Mann
raynorj127,Jaime,Raynor
danielt284,Tami,Daniel
waelchim499,Milton,Waelchi
trantowd785,Darryl,Trantow
lueilwitzl258,Lamont,Lueilwitz
leannonk77,Kenia,Leannon
kutchf629,Frank,Kutch
powlowskic285,Cyril,Powlowski
doyles112,Stanford,Doyle
kuvalisl784,Leo,Kuvalis
bogisichh142,Hal,Bogisich
friesenc792,Clay,Friesen
emardj378,Jacquline,Emard
lynchm647,Moises,Lynch
bahringeri634,Irena,Bahringer
pfefferm780,Melonie,Pfeffer
wymant254,Tuan,Wyman
dooleyc539,Cecily,Dooley
heaneye6,Erich,Heaney
moored779,Dane,Moore
danielg322,Gillian,Daniel
daniels244,Soon,Daniel
connellys976,Sonny,Connelly
leschr236,Rosa,Lesch
handm639,Mabel,Hand
howee964,Eryn,Howe
schimmelx225,Xiomara,Schimmel
krajcikj309,Jaclyn,Krajcik
nienowa524,Archie,Nienow
schmittr804,Remedios,Schmitt
hicklew125,Warner,Hickle
runolfsdottira304,Azalee,Runolfsdottir
rodrigueza268,Alethia,Rodriguez
stoltenberge685,Elvis,Stoltenberg
dooleyw133,Wade,Dooley
browne901,Emilio,Brown
lueilwitze211,Emile,Lueilwitz
goldnerl700,Len,Goldner
lemkea194,Althea,Lemke
moenk502,Kirsten,Moen
jaskolskii321,Ilene,Jaskolski
simonisg484,Gilberto,Simonis
dubuquef12,Francisco,DuBuque
jacobin896,Natalya,Jacobi
blicks928,Stacee,Blick
fishert741,Tod,Fisher
mertzc80,Criselda,Mertz
purdyk192,Kiley,Purdy
turcotted435,Don,Turcotte
langj203,Jesus,Lang
harberd464,Donny,Harber
walshh739,Hermina,Walsh
mcdermotts546,Shirlene,McDermott
hodkiewicze299,Elwood,Hodkiewicz
streichj698,Joy,Streich
millst298,Tyrone,Mills
kertzmanns515,Stewart,Kertzmann
durganv70,Vincent,Durgan
dietrichs620,Sebastian,Dietrich
beckers448,Shayne,Becker
hilperte696,Eugene,Hilpert
doylek234,Kathrin,Doyle
marvind38,Doyle,Marvin
kuhne507,Elana,Kuhn
muellerb599,Buddy,Mueller
rolfsons910,Suk,Rolfson
walshp587,Percy,Walsh
rogahnd710,Dong,Rogahn
huelsa640,Austin,Huels
kohlerl245,Lavon,Kohler
cummingsh669,Herschel,Cummings
jacobit64,Thomasine,Jacobi
parkerl619,Leroy,Parker
conroyb666,Billy,Conroy
ullrichm687,Maximo,Ullrich
leuschkeb142,Bryce,Leuschke
wisokym686,Mikaela,Wisoky
harberm16,Marnie,Harber
stantonj898,Janessa,Stanton
hellerv203,Vivienne,Heller
ziemeo622,Omer,Zieme
kertzmannn335,Newton,Kertzmann
hellerm202,Mayme,Heller
spinkae307,Eleanor,Spinka
johnsons312,Steven,Johnson
hegmannd582,Dorthey,Hegmann
feild649,Dannette,Feil
kulask335,Katlyn,Kulas
hyattd234,Dawna,Hyatt
kirlinw329,Willie,Kirlin
mclaughlinj453,Jewell,McLaughlin
ferryt697,Tera,Ferry
dibbertj409,Jamey,Dibbert
vonl234,Lindsey,Von
strackeh85,Hiedi,Stracke
kulasm345,Morris,Kulas
blandat830,Tod,Blanda
reillys530,Sam,Reilly
ernserj889,Jonas,Ernser
aufderharm566,Myung,Aufderhar
runtee130,Eric,Runte
moeng635,Garry,Moen
fayg437,Gema,Fay
gerlachv146,Van,Gerlach
reingerd271,Domingo,Reinger
cormierw476,Wilburn,Cormier
keeblerm549,Mauricio,Keebler
treutelp176,Phebe,Treutel
ratkek314,Kala,Ratke
lubowitzs937,Sandy,Lubowitz
wiegandp842,Palmira,Wiegand
wolffb241,Blake,Wolff
mayerd4,Devon,Mayer
lemked34,Dakota,Lemke
schroederl271,Larry,Schroeder
reichell941,Lucas,Reichel
harriss109,Sammie,Harris
langm514,Macie,Lang
lefflerw622,Walton,Leffler
quigleyn427,Nick,Quigley
johnsf452,Frank,Johns
vonruedenn686,Ned,VonRueden
rueckerw407,Willow,Ruecker
stoltenbergm685,Marcell,Stoltenberg
tremblayf275,Felicitas,Tremblay
andersonl302,Lieselotte,Anderson
tremblayg203,Greg,Tremblay
luettgene925,Elli,Luettgen
blockm769,Miles,Block
ernserh679,Hermine,Ernser
hilperts747,Samira,Hilpert
ankundingm961,Mathilde,Ankunding
dickinsont723,Tawny,Dickinson
bartonm37,Meghan,Barton
daniels460,Sylvester,Daniel
kerlukem419,Marguerite,Kerluke
boscot241,Theron,Bosco
franeckir576,Rocky,Franecki
lebsackn901,Nathan,Lebsack
huelm369,Maricela,Huel
cruickshankg745,Garland,Cruickshank
howellc312,Carmen,Howell
effertzm919,Mozella,Effertz
mertzp554,Pablo,Mertz
roobj509,Jenny,Roob
roweb223,Birgit,Rowe
wisokyl161,Lincoln,Wisoky
kovacekm743,Milford,Kovacek
effertzc170,Caroll,Effertz
nikolausf856,Felix,Nikolaus
mayerg417,Georgeanna,Mayer
corkeryl877,Lawrence,Corkery
bechtelarv76,Val,Bechtelar
raynorw385,Whitney,Raynor
spinkab545,Birgit,Spinka
wittingb19,Benito,Witting
d'amoren135,Nena,D'Amore
murazikr419,Ronald,Murazik
bartone493,Evan,Barton
gibsoni941,Ileana,Gibson
skilesd366,Damian,Skiles
gerlacht327,Terrell,Gerlach
fadelw7,Willy,Fadel
turcotteg323,Gus,Turcotte
baumbacha438,Adeline,Baumbach
gusikowskig962,Grazyna,Gusikowski
heidenreichw679,Wilbert,Heidenreich
bradtkep275,Parthenia,Bradtke
jenkinsc963,Cyrus,Jenkins
hayesd825,Darwin,Hayes
wolffa708,Audie,Wolff
jacobsa557,Anette,Jacobs
keeblerj980,Jolie,Keebler
orns134,Shanta,Orn
morara42,Alejandra,Morar
gislasont548,Tobias,Gislason
feeneym536,Madelyn,Feeney
turcottes707,Sona,Turcotte
connellyb93,Burt,Connelly
torphyb743,Brian,Torphy
rolfsond14,Dennis,Rolfson
champlina761,Andera,Champlin
christiansend212,Divina,Christiansen
vonruedenr609,Raven,VonRueden
cassinw325,Wilfred,Cassin
wuckertl734,Louis,Wuckert
hammesl558,Leslie,Hammes
hayess645,Shaunda,Hayes
kocht756,Toby,Koch
lindgrend413,Darrick,Lindgren
casperh400,Huey,Casper
kilbacko296,Orlando,Kilback
swaniawskiv775,Vance,Swaniawski
parisianc603,Cyndy,Parisian
larsond972,Derek,Larson
borero381,Oliver,Borer
lockmanm749,Mason,Lockman
hoppet851,Teresia,Hoppe
watersd139,Deeann,Waters
rippinj404,Jackie,Rippin
yundtb150,Brandie,Yundt
faheyk117,Kirby,Fahey
schuppeo50,Odis,Schuppe
hansent827,Tami,Hansen
vandervortg785,Gary,Vandervort
hackettc757,Craig,Hackett
jakubowskil935,Laila,Jakubowski
kubl574,Lynell,Kub
buckridgeg194,Gilbert,Buckridge
kovacekb445,Bertram,Kovacek
grimesl315,Linette,Grimes
hillsa144,Amada,Hills
waelchie45,Emmanuel,Waelchi
ernserc546,Catrice,Ernser
kassulkek889,Kenisha,Kassulke
stokesc136,Chet,Stokes
darem324,Macy,Dare
o'connerk7,Kristeen,O'Conner
andersonb628,Brinda,Anderson
champlind388,Daniela,Champlin
purdys18,Shaun,Purdy
wymant792,Tandy,Wyman
beckerl80,Lesha,Becker
langoshs108,Sharlene,Langosh
pacochaj756,Jeraldine,Pacocha
boehmm586,Michaela,Boehm
harrisl692,Lavenia,Harris
simonism811,Marilynn,Simonis
flatleyk364,Kristofer,Flatley
veume378,Elbert,Veum
kiehny333,Yajaira,Kiehn
mcglynnw768,Willian,McGlynn
johnsona390,Alvaro,Johnson
cummingsb923,Barbie,Cummings
grimese359,Edmond,Grimes
kassulkee129,Elliot,Kassulke
medhurstr277,Ronnie,Medhurst
mcculloughj573,Judie,McCullough
dickensb256,Broderick,Dickens
wiegandr52,Rory,Wiegand
effertzv954,Valery,Effertz
swifta810,Abraham,Swift
hahna419,Ashly,Hahn
hoegerc637,Christel,Hoeger
murazikt650,Tom,Murazik
rennerm239,Mariano,Renner
balistrerik183,Kimiko,Balistreri
ritchier323,Rochelle,Ritchie
barrowsv274,Velva,Barrows
leuschkeh584,Howard,Leuschke
rempell721,Lloyd,Rempel
schneiderv461,Vennie,Schneider
johnsona453,Altha,Johnson
schimmelr864,Ryan,Schimmel
donnellyh719,Heidi,Donnelly
muellerr53,Rico,Mueller
frieseng430,Gertrude,Friesen
ortizj632,Jaime,Ortiz
daviss872,Stanford,Davis
rogahnm469,Melania,Rogahn
altenwerths240,Selma,Altenwerth
doylej814,Jefferey,Doyle
homenickp307,Patrice,Homenick
predovica429,Adriana,Predovic
haleym597,Marline,Haley
willmsa790,Amy,Willms
hahnf302,Frankie,Hahn
cassinv707,Valda,Cassin
sengerm758,Mina,Senger
kreigero514,Oliver,Kreiger
harbera903,Arlie,Harber
murphya128,Angelena,Murphy
lednerh361,Henry,Ledner
davisj109,Jc,Davis
hermistonl923,Laverna,Hermiston
pfefferd67,Dane,Pfeffer
schoenc590,Chong,Schoen
hellerc738,Christian,Heller
williamsong243,Gerald,Williamson
kundej304,Joesph,Kunde
thompsonh197,Hilton,Thompson
frieseni314,Ian,Friesen
haleym888,Magdalena,Haley
weissnats861,Shonda,Weissnat
framid134,Dorian,Frami
haagn922,Norene,Haag
johnsd330,Demetrius,Johns
wolfn432,Nigel,Wolf
collinse532,Elliott,Collins
collinsl832,Leoma,Collins
marvinh692,Helaine,Marvin
langv4,Veronica,Lang
trantowe319,Evan,Trantow
huelsa74,Alona,Huels
roobc67,Cruz,Roob
emmerichw676,Wendell,Emmerich
bahringerc56,Carli,Bahringer
labadien653,Noemi,Labadie
mayertj244,John,Mayert
collinsl96,Linnie,Collins
sanforde819,Esteban,Sanford
hermanr475,Roberto,Herman
goldners966,Stacia,Goldner
haleyb156,Brittani,Haley
luettgenl501,Lolita,Luettgen
langworthl541,Lashaun,Langworth
treutelm318,Myron,Treutel
heaneys356,Sabine,Heaney
mcculloughc530,Candelaria,McCullough
yosts12,Solomon,Yost
mohrb831,Bryant,Mohr
lebsacka156,Alejandro,Lebsack
reingern86,Nina,Reinger
stammc963,Consuela,Stamm
cummingsc973,Cristy,Cummings
rohand856,Dee,Rohan
roobd134,Darnell,Roob
thompsonj589,Jame,Thompson
quigleym481,Mariela,Quigley
grahamm142,Myron,Graham
hackettj958,Jeannette,Hackett
croninl526,Loren,Cronin
hoegerb939,Bruce,Hoeger
beerd788,Dorian,Beer
schinnerh680,Hung,Schinner
russeld135,Darren,Russel
cristg576,Gregorio,Crist
grants785,Susannah,Grant
gusikowskij699,Joanna,Gusikowski
rohanm677,Madge,Rohan
townes130,Selene,Towne
dacho11,Ollie,Dach
bergstromc947,Concha,Bergstrom
oberbrunnera75,Antonia,Oberbrunner
boehmm303,Mohammed,Boehm
auerr379,Raylene,Auer
bechtelarc680,Ciera,Bechtelar
veuml436,Lester,Veum
bednarm44,Michal,Bednar
farrellj331,Jeremy,Farrell
barrowsn132,Noe,Barrows
kunzed588,Darius,Kunze
boganj344,Johnson,Bogan
leannonv444,Vincenza,Leannon
schambergera574,Addie,Schamberger
spencerg168,Gail,Spencer
roobs807,Sari,Roob
nienowj450,Jonathan,Nienow
considinel465,Lauryn,Considine
funkd567,Darell,Funk
willmss347,Selma,Willms
beers509,Sunni,Beer
pagacj421,Jacquiline,Pagac
kiehne400,Eugene,Kiehn
riced126,Dayle,Rice
beattyd924,Danille,Beatty
hilllc287,Chang,Hilll
botsfords816,Sharika,Botsford
pfefferv34,Valentine,Pfeffer
ritchiem304,Malena,Ritchie
bauchc959,Coleman,Bauch
gleasona341,Angel,Gleason
krajcikj696,Juan,Krajcik
hirthek951,King,Hirthe
wintheiserz347,Zane,Wintheiser
skilesn82,Nia,Skiles
boylev41,Val,Boyle
howellw642,Winford,Howell
gusikowskip35,Paul,Gusikowski
schadenm787,Marlin,Schaden
kunden777,Nestor,Kunde
mcglynnd286,Dorris,McGlynn
mooreg850,Geraldo,Moore
muellerp692,Pete,Mueller
veumo907,Omer,Veum
mcculloughn487,Natosha,McCullough
schmelerh900,Hung,Schmeler
binsr943,Rosario,Bins
gaylordj138,Joleen,Gaylord
dickinsona322,Andreas,Dickinson
zemlakl126,Lorena,Zemlak
gerholdg958,Gregg,Gerhold
ziemes925,Shandra,Zieme
braunl538,Lowell,Braun
braunm568,Melania,Braun
gulgowskim444,Michel,Gulgowski
steuberm267,Marinda,Steuber
andersonk786,Keeley,Anderson
balistreris356,Sammie,Balistreri
blandaf275,Farrah,Blanda
stehre427,Elliott,Stehr
zboncakl824,Lakisha,Zboncak
purdya733,Analisa,Purdy
ratker253,Roselle,Ratke
reynoldsj65,Jannet,Reynolds
schroederm632,Malorie,Schroeder
smithamr940,Raguel,Smitham
johnsp59,Patricia,Johns
schneiderj337,Jonas,Schneider
bartells691,Stanley,Bartell
lindt573,Tommie,Lind
mclaughlinl451,Laverne,McLaughlin
reillym495,Mckenzie,Reilly
collierd405,Dario,Collier
abshirem9,Mackenzie,Abshire
langworthh419,Henriette,Langworth
abernathyv402,Vickey,Abernathy
terryw822,Williams,Terry
tremblayz348,Zachery,Tremblay
cronad810,Delphine,Crona
rodriguezs725,Shondra,Rodriguez
prohaskad285,Dirk,Prohaska
prohaskab399,Beatrice,Prohaska
stokess537,Sheri,Stokes
boyert579,Talisha,Boyer
trompa299,Abdul,Tromp
mrazm159,Marcelle,Mraz
starkm57,Marlin,Stark
boyers916,Sun,Boyer
kirlint215,Tom,Kirlin
gaylordi272,Isabella,Gaylord
rutherfordc741,Carmine,Rutherford
reichell879,Librada,Reichel
hellert831,Todd,Heller
stantonr552,Rosanne,Stanton
purdyd787,Dion,Purdy
uptons492,Staci,Upton
kautzerd156,Dorcas,Kautzer
hegmannf469,France,Hegmann
mosciskib308,Bo,Mosciski
smitht46,Trenton,Smith
kleink209,Karina,Klein
mclaughlinb283,Brianne,McLaughlin
lynchk148,Kasandra,Lynch
welchv610,Victor,Welch
labadiem424,Margart,Labadie
murphyk439,Kelley,Murphy
reichertl562,Laverna,Reichert
bergec673,Claude,Berge
schambergere533,Ericka,Schamberger
handb422,Boyce,Hand
romaguerac342,Courtney,Romaguera
runolfsdottirf699,Fred,Runolfsdottir
ullrichm597,Miles,Ullrich
robertss184,Stuart,Roberts
gutmannl367,Lidia,Gutmann
windlera214,Adalberto,Windler
hyatte796,Elias,Hyatt
ortizm728,Mary,Ortiz
yundta782,Abdul,Yundt
o'reillyc734,Carletta,O'Reilly
ebertg118,Gayle,Ebert
walkerj458,Jamie,Walker
lefflers6,Sanora,Leffler
bernierm718,Marquis,Bernier
weissnatb520,Brock,Weissnat
turcottej149,Jonathan,Turcotte
gerholdv470,Venice,Gerhold
ziemes306,Saul,Zieme
mcculloughm784,Marcos,McCullough
okunevab327,Brenna,Okuneva
ondrickav73,Van,Ondricka
nitzschef472,Frederica,Nitzsche
romaguerad298,Danny,Romaguera
kuphalm149,Mahalia,Kuphal
gaylordf209,Felix,Gaylord
mcclurem629,Man,McClure
wintheiserm813,Marguerite,Wintheiser
mullerl215,Lavelle,Muller
mrazl827,Luis,Mraz
ratkea18,Abel,Ratke
daughertyg316,Golden,Daugherty
wildermanh528,Hong,Wilderman
hansene885,Estrella,Hansen
rippinh805,Hyman,Rippin
bashiriana442,Andre,Bashirian
russelc389,Callie,Russel
botsfordb924,Bradley,Botsford
runolfssonh633,Harold,Runolfsson
brakusj849,Jerrod,Brakus
bruene502,Eduardo,Bruen
jacobsn916,Nanette,Jacobs
conng185,Guadalupe,Conn
spinkah499,Heath,Spinka
deckowl108,Lynwood,Deckow
christiansend117,Diego,Christiansen
welcht35,Trey,Welch
o'haraj17,Juan,O'Hara
champlina689,Amos,Champlin
dietricht528,Twana,Dietrich
watsicag494,Gerardo,Watsica
kihnh568,Herminia,Kihn
feestb891,Bobby,Feest
kautzerm745,Maria,Kautzer
boehmt307,Ty,Boehm
collinsc937,Cecily,Collins
danielj34,Jessia,Daniel
effertze192,Evelyn,Effertz
daughertyc508,Casey,Daugherty
jacobse822,Ewa,Jacobs
johnstona147,Asley,Johnston
handp459,Ping,Hand
goyetteb849,Beaulah,Goyette
deckowd735,Dario,Deckow
wisozkd550,Dillon,Wisozk
emardc410,Cordie,Emard
kirlinl478,Lesley,Kirlin
parkerr874,Rodrigo,Parker
kerlukel284,Loreen,Kerluke
dickil391,Loren,Dicki
schmelerk660,Kenyatta,Schmeler
shanahanr952,Rick,Shanahan
zboncaks149,Sudie,Zboncak
schowalterd376,Darlena,Schowalter
toya95,An,Toy
wintheiserk245,Keith,Wintheiser
hanef160,Fe,Hane
ferryt910,Terrell,Ferry
aufderhark743,Kelley,Aufderhar
harberc859,Cheryl,Harber
volkmanw126,Werner,Volkman
homenickl338,Lissette,Homenick
hicklel521,Lan,Hickle
zemlakj439,Jewell,Zemlak
gutkowskij625,Jacklyn,Gutkowski
hintzt552,Tristan,Hintz
christiansenj444,Jeana,Christiansen
murphyi851,Isaias,Murphy
gottliebl112,Lorenzo,Gottlieb
ryani343,Isabel,Ryan
roobq626,Quentin,Roob
sengerj51,Jacinto,Senger
wizal21,Lea,Wiza
beahanm743,Michel,Beahan
rathm840,Mariela,Rath
koelpinj427,Jayne,Koelpin
harrisl908,Luis,Harris
yundtj312,Joel,Yundt
strosinw866,Willian,Strosin
schusterj141,Jayson,Schuster
marksj722,Jayson,Marks
lebsackk556,Kelley,Lebsack
beckerm898,Maurice,Becker
eberte705,Evangeline,Ebert
windlerl507,Livia,Windler
hayess924,Stacee,Hayes
harrisb935,Brandee,Harris
ziemep388,Palmer,Zieme
littlee810,Emeline,Little
powlowskib454,Brendan,Powlowski
satterfields110,Shaun,Satterfield
abbottj88,Jacob,Abbott
carrolls65,Scottie,Carroll
hartmannc940,Corazon,Hartmann
brownj270,Jefferey,Brown
farrellr476,Romeo,Farrell
thompsond761,Debora,Thompson
hanea197,Alan,Hane
rutherfordm73,Mervin,Rutherford
russelp161,Patsy,Russel
mayertr732,Reda,Mayert
gaylordj779,Jacob,Gaylord
carterd869,Dave,Carter
reichelr888,Robert,Reichel
bartellj930,Jeffry,Bartell
gulgowskif97,Franklyn,Gulgowski
predovicm942,Maris,Predovic
padbergj69,Jerold,Padberg
kundel893,Lorna,Kunde
wisozkq570,Quentin,Wisozk
bernhardr80,Rosalina,Bernhard
feilg239,Gertrud,Feil
kulasa978,Adalberto,Kulas
steuberd326,David,Steuber
o'konh165,Hoyt,O'Kon
rodriguezs383,Seema,Rodriguez
terryc532,Cleotilde,Terry
olsonw689,Wallace,Olson
wehnerg969,Galen,Wehner
vonruedenr926,Ryann,VonRueden
tremblaym162,Morton,Tremblay
grantp3,Pete,Grant
schroederd838,Dwight,Schroeder
trantowd365,Daniel,Trantow
cronine194,Ezekiel,Cronin
jonesv480,Vesta,Jones
crooksc200,Corey,Crooks
hilpertg245,Granville,Hilpert
sengerm857,Mel,Senger
koeppt429,Terisa,Koepp
hesselr100,Ricky,Hessel
brekkek718,King,Brekke
haagc600,Chelsea,Haag
hoppea262,Alec,Hoppe
wittingj183,Jerrold,Witting
murrays424,Sun,Murray
sauerh172,Hallie,Sauer
hahnj429,Jeanene,Hahn
kozeyl94,Lenard,Kozey
douglasi309,Ike,Douglas
mayertm847,Mario,Mayert
wintheisers651,Shaun,Wintheiser
o'harar312,Rheba,O'Hara
hyatty450,Young,Hyatt
hermannm570,Maria,Hermann
wehnerd556,Desiree,Wehner
konopelskik91,Kenny,Konopelski
halvorsonc348,Cristopher,Halvorson
purdyd147,Donny,Purdy
reichelb799,Billy,Reichel
zboncakp762,Pablo,Zboncak
trantowo912,Olimpia,Trantow
uptonc482,Carlton,Upton
pagact320,Thad,Pagac
keelingv780,Violeta,Keeling
littele437,Eusebio,Littel
eberte866,Efrain,Ebert
o'connerg102,Grady,O'Conner
monahans501,Sade,Monahan
purdyb391,Bruno,Purdy
nikolausa450,Ariana,Nikolaus
macgyverb357,Bradly,MacGyver
spencerv141,Valeri,Spencer
volkmand656,Diamond,Volkman
hauckt157,Thomas,Hauck
haleyo847,Otha,Haley
klockok34,Kandice,Klocko
turcottew274,Warner,Turcotte
rogahnp140,Pearlie,Rogahn
walterk917,Keven,Walter
sipesj765,Jamie,Sipes
gerlachg954,Gonzalo,Gerlach
townej90,Josefine,Towne
schmittn334,Nicholas,Schmitt
grahamr169,Randolph,Graham
boylep397,Porter,Boyle
russelp38,Pierre,Russel
kerlukes943,Sheryl,Kerluke
breitenbergl930,Latisha,Breitenberg
d'amorej301,Joana,D'Amore
mayertc228,Candance,Mayert
farrelll74,Lexie,Farrell
runolfsdottira28,Alexander,Runolfsdottir
waelchir462,Renae,Waelchi
blicks107,Sam,Blick
jasts507,Simonne,Jast
hettingerl487,Louanne,Hettinger
willl560,Lurline,Will
buckridger972,Randy,Buckridge
buckridgeg809,Gala,Buckridge
bernhardj726,Juliann,Bernhard
bergel623,Lawanna,Berge
ferrym431,Merna,Ferry
herzogv589,Vincenzo,Herzog
howells370,Savannah,Howell
kovacekm95,Mardell,Kovacek
reynoldsw716,Wilson,Reynolds
lynchn52,Nanette,Lynch
bernhardt735,Tracy,Bernhard
cummeratac253,Corrin,Cummerata
hayesl544,Lorena,Hayes
mantes150,Steve,Mante
hauckf188,Frida,Hauck
cassinh381,Harry,Cassin
trompl927,Leisa,Tromp
beierm349,Madeleine,Beier
wolfm420,Marquitta,Wolf
grimesh751,Hoa,Grimes
casperm864,Maile,Casper
krisl318,Lon,Kris
howes145,Sergio,Howe
lednere209,Earnestine,Ledner
daughertyh889,Huey,Daugherty
legrose508,Erik,Legros
schmidtm184,Mee,Schmidt
trantowg582,Gilda,Trantow
bartolettir396,Roy,Bartoletti
bogisichk339,Katharina,Bogisich
davisl143,Leonia,Davis
blickb676,Benedict,Blick
turcottec172,Carol,Turcotte
howellc959,Clifford,Howell
larkinb128,Belinda,Larkin
rogahnc214,Candida,Rogahn
ornt923,Tammi,Orn
kulasb107,Byron,Kulas
flatleya316,Anibal,Flatley
stokesi268,Ike,Stokes
watersg959,Gil,Waters
borero663,Olive,Borer
quigleyc373,Chanelle,Quigley
braund165,Dallas,Braun
swaniawskid215,Dimple,Swaniawski
stantonp71,Pamela,Stanton
willmss587,Sixta,Willms
jaskolskis264,Sam,Jaskolski
bartolettij311,Jake,Bartoletti
macejkovica191,Antonia,Macejkovic
hodkiewiczl176,Laree,Hodkiewicz
schmitts934,Sterling,Schmitt
terryw319,Warner,Terry
rennere899,Elenor,Renner
collierl218,Lorinda,Collier
kerlukel954,Latia,Kerluke
powlowskig592,Gaston,Powlowski
strackel949,Logan,Stracke
pfeffere62,Emilio,Pfeffer
gleichnerh57,Hilda,Gleichner
parisiand369,Dacia,Parisian
jonesc730,Claude,Jones
beattyf732,Felton,Beatty
kochj823,Javier,Koch
o'connelle337,Emory,O'Connell
d'amoreb854,Burton,D'Amore
botsfordk650,Keneth,Botsford
effertzm269,Mariano,Effertz
nienowb175,Bryan,Nienow
schmelers789,Sabina,Schmeler
wisozkt369,Twanna,Wisozk
schulistj847,Joellen,Schulist
westd747,Domenic,West
murazikk393,Katherin,Murazik
gerholdc970,Christi,Gerhold
langworthj657,Jesusita,Langworth
rathm853,Marisela,Rath
weberd938,Dana,Weber
berget555,Tisha,Berge
luettgenb729,Bradly,Luettgen
gibsone250,Ed,Gibson
stiedemanna773,Alyse,Stiedemann
hagenesc551,Cristy,Hagenes
rutherfordj398,Jan,Rutherford
koeppj578,Johnathan,Koepp
ryant211,Taylor,Ryan
crooksg255,Ginny,Crooks
bradtkea887,Alexis,Bradtke
stantonj761,Jamaal,Stanton
faheyg272,Graig,Fahey
larsond833,Doreen,Larson
kubn401,Norris,Kub
abshiret153,Terrie,Abshire
abbottn105,Naomi,Abbott
andersonl704,Lin,Anderson
vonruedent282,Thad,VonRueden
koeppr73,Reyes,Koepp
beerd828,Deshawn,Beer
gislasont718,Thurman,Gislason
schadent935,Tamika,Schaden
stoltenbergd548,Daryl,Stoltenberg
botsfordc388,Carolin,Botsford
parisiane149,Easter,Parisian
christiansenm117,Merle,Christiansen
prosaccom142,Meda,Prosacco
luettgenb643,Bessie,Luettgen
fritschp273,Palmer,Fritsch
buckridgeh555,Haydee,Buckridge
parkerh163,Huey,Parker
hilllk465,Krista,Hilll
feill16,Latrice,Feil
johnsc669,Clark,Johns
kirlins287,Stefanie,Kirlin
bogisichz768,Zula,Bogisich
raynorn930,Nena,Raynor
dibbertn569,Nguyet,Dibbert
zemlakl599,Laurice,Zemlak
prohaskaj161,Jae,Prohaska
grahamm27,Manuela,Graham
gleichnerj616,Joel,Gleichner
mohro103,Otha,Mohr
stracket750,Thad,Stracke
townel273,Lynsey,Towne
ernserv242,Vicky,Ernser
faheyt288,Trinidad,Fahey
skilesl357,Lanita,Skiles
wolfs975,Shannon,Wolf
conroyd17,Doretha,Conroy
langosht734,Tom,Langosh
raynors379,Sherrie,Raynor
wittinga666,Argentina,Witting
mayerd461,Deena,Mayer
boyerm824,Monte,Boyer
rowet61,Thomasine,Rowe
vonruedend716,Dorian,VonRueden
hanem393,Marcia,Hane
schowaltere377,Emerson,Schowalter
hilperto494,Ofelia,Hilpert
vonk265,Kiana,Von
wildermana825,Arlyne,Wilderman
mayerth674,Horace,Mayert
denesika10,Agnes,Denesik
kochc537,Cyril,Koch
bergstromh732,Hobert,Bergstrom
raynorg937,Georgianne,Raynor
lindk749,Katelynn,Lind
huelr853,Rudolph,Huel
feeneye59,Elouise,Feeney
sanfordk787,Karl,Sanford
gutmannv734,Vernon,Gutmann
mosciskib706,Bettina,Mosciski
quigleyj266,Jesse,Quigley
dachm133,Marcellus,Dach
hayesc435,Cherie,Hayes
sanfordw419,Woodrow,Sanford
haleyf707,Franklyn,Haley
hettingerl802,Lavette,Hettinger
lueilwitze292,Eddy,Lueilwitz
wiegandm804,Mi,Wiegand
mohrq193,Quincy,Mohr
parisianr854,Rebecca,Parisian
kutchp847,Peggie,Kutch
kulasr316,Rayford,Kulas
wolfd538,Denny,Wolf
o'reillyd856,Deetta,O'Reilly
lubowitza979,Antonio,Lubowitz
hackettt34,Trinidad,Hackett
stammn498,Niki,Stamm
bashiriand248,Donn,Bashirian
fadelc585,Christie,Fadel
gleasonr402,Ricardo,Gleason
padbergn614,Nubia,Padberg
howellj856,Jeromy,Howell
schummj813,Josef,Schumm
o'connerc768,Clayton,O'Conner
rolfsona107,Adalberto,Rolfson
goodwinh908,Houston,Goodwin
stracket310,Tommy,Stracke
swaniawskil924,Lindsey,Swaniawski
langd716,Dario,Lang
batzc444,Chad,Batz
friesenj139,Josiah,Friesen
dubuquec754,Columbus,DuBuque
kesslere917,Edward,Kessler
yundtn163,Nestor,Yundt
kesslere774,Enrique,Kessler
sengerl893,Latricia,Senger
wisozkk770,Kenton,Wisozk
uptona180,Augustine,Upton
pricef216,Forest,Price
moenj485,Joey,Moen
gibsonj825,Jacques,Gibson
dickinsonb249,Billie,Dickinson
rippinj513,Jonas,Rippin
greenholts964,Selina,Greenholt
ricee798,Edwardo,Rice
ankundingh798,Hellen,Ankunding
pricem410,Morris,Price
schinnera330,Alanna,Schinner
mantea970,Antoine,Mante
stracket774,Taneka,Stracke
lindt8,Teresita,Lind
o'reillyf422,Franklyn,O'Reilly
ferrye645,Ehtel,Ferry
millsj64,Justin,Mills
kreigerj655,Jarvis,Kreiger
nienowi539,Ismael,Nienow
mohrs61,Sidney,Mohr
hyattj158,Jeannette,Hyatt
lefflerz657,Zack,Leffler
walkerl367,Lizette,Walker
haagj533,Johnson,Haag
howelld976,Delorse,Howell
herzoge512,Erma,Herzog
torpc528,Cristy,Torp
heidenreichc638,Carmen,Heidenreich
rodrigueza319,Ahmad,Rodriguez
langg222,Gregg,Lang
homenicko895,Otto,Homenick
halvorsonm876,Marco,Halvorson
abernathyj121,Jeffery,Abernathy
klockol341,Lucien,Klocko
hilllb699,Bernardine,Hilll
williamsond451,Dong,Williamson
hodkiewiczc301,Chanel,Hodkiewicz
skilesl511,Lilli,Skiles
predovicb370,Benjamin,Predovic
ziemannj122,Junko,Ziemann
blickl176,Loriann,Blick
bartolettij934,Jaime,Bartoletti
bednara431,August,Bednar
gerlachj801,Jewel,Gerlach
herzogl930,Loyd,Herzog
volkmanl106,Lester,Volkman
koeppl403,Lucia,Koepp
lynchd840,Darrell,Lynch
beahans175,Stephan,Beahan
heidenreichk921,Kary,Heidenreich
kochc956,Carma,Koch
rolfsonc227,Cyrstal,Rolfson
kreigerk239,Kati,Kreiger
ryanc902,Carlos,Ryan
fayj475,Jacqulyn,Fay
macejkovicj503,Jacques,Macejkovic
jacobia666,Asuncion,Jacobi
schmidts413,Sandi,Schmidt
corkeryl329,Latesha,Corkery
kerluker498,Robert,Kerluke
bahringerj114,Johnna,Bahringer
osinskig356,Gayla,Osinski
millsd320,Donnie,Mills
ryanw757,Waylon,Ryan
reingerl906,Lucas,Reinger
raut979,Tommy,Rau
conne935,Edward,Conn
goldnerb865,Barry,Goldner
bergnaumi700,Idella,Bergnaum
handd564,Daphne,Hand
lueilwitzm264,Michele,Lueilwitz
bruenj79,Jacqualine,Bruen
dickinsony417,Yoshiko,Dickinson
wymanm977,Michaele,Wyman
beckera617,Alma,Becker
wittingc767,Curt,Witting
gutkowskil246,Lenard,Gutkowski
keelinge759,Elias,Keeling
rueckert441,Terrance,Ruecker
smithaml180,Lettie,Smitham
mannd892,Dusty,Mann
deckown156,Normand,Deckow
farrells791,Shantay,Farrell
ratkea219,Alden,Ratke
gislasonh704,Hal,Gislason
nienowa49,Adolph,Nienow
bogisicha156,Angelika,Bogisich
feeneyl976,Lenny,Feeney
williamsont391,Taylor,Williamson
feestd180,Darryl,Feest
haleym441,Michel,Haley
hayesv197,Vance,Hayes
kassulkeo549,Orville,Kassulke
gleasonf905,Franklin,Gleason
ricej509,Jean,Rice
harrisa390,Alpha,Harris
hettingerb99,Bryon,Hettinger
schillera959,Arlinda,Schiller
bernierv270,Vanna,Bernier
bechtelart539,Teddy,Bechtelar
rolfsons119,Shona,Rolfson
friesenh294,Hai,Friesen
dickensr775,Raleigh,Dickens
bernierb750,Bo,Bernier
naderi123,Illa,Nader
schmittu735,Ulrike,Schmitt
halvorsonj521,Juan,Halvorson
volkmand113,Dede,Volkman
littlel335,Liza,Little
stoltenberge218,Emmanuel,Stoltenberg
tremblayd459,Darron,Tremblay
beattym716,Marcy,Beatty
bergnauml16,Lucina,Bergnaum
schustera958,Adela,Schuster
luettgenw610,Waylon,Luettgen
hammesl179,Lorenzo,Hammes
gleasons376,Shari,Gleason
larkins870,Sid,Larkin
nienowc554,Clarence,Nienow
lange952,Earl,Lang
kohlers37,Sandee,Kohler
barrowsb710,Berna,Barrows
rogahnt307,Teri,Rogahn
effertzh479,Haywood,Effertz
stiedemannb928,Blondell,Stiedemann
kassulker98,Ramona,Kassulke
collierl583,Lane,Collier
ziemannj857,Jennell,Ziemann
schaeferj87,Jeni,Schaefer
cristk161,Kevin,Crist
cristp493,Paula,Crist
dickinsonr283,Randell,Dickinson
greenl779,Leigha,Green
davisc177,Cathi,Davis
ritchied954,Deandre,Ritchie
reynoldsm553,Murray,Reynolds
schuppec474,Cherrie,Schuppe
handr304,Rueben,Hand
murazikr62,Rosalina,Murazik
wittingt519,Tonja,Witting
gradyj691,Jenni,Grady
millsn667,Nicolas,Mills
altenwerths959,Sharri,Altenwerth
bernierd960,Douglas,Bernier
browne916,Evangelina,Brown
whitej807,Josue,White
russelo662,Orval,Russel
haucks375,Shawana,Hauck
walterm633,Minna,Walter
ziemannb764,Benedict,Ziemann
kuhnt322,Tyra,Kuhn
kesslerb28,Bryanna,Kessler
bergstromd233,Donnell,Bergstrom
adamst618,Teddy,Adams
wymans873,Shamika,Wyman
turcottej10,Jonathon,Turcotte
schaefert622,Tyrone,Schaefer
keeblerw72,Wava,Keebler
kosss941,Stefan,Koss
d'amoren516,Norbert,D'Amore
berniera637,Anton,Bernier
hermannm82,Moira,Hermann
mertzt485,Tierra,Mertz
lemkeb521,Bill,Lemke
cronine277,Elva,Cronin
steuberr880,Roxane,Steuber
krajcikw665,Wilhelmina,Krajcik
bodea912,Amee,Bode
nicolasj662,June,Nicolas
murrayt637,Tegan,Murray
sporerc206,Charlott,Sporer
cummingsa910,Allene,Cummings
rodrigueza142,Antonio,Rodriguez
okunevab210,Bruce,Okuneva
starkk619,Karolyn,Stark
boganc733,Cletus,Bogan
gerlachj917,Josefa,Gerlach
stiedemanne553,Eli,Stiedemann
o'harae320,Eliseo,O'Hara
mosciskii3,Irene,Mosciski
gutmannk739,Kristofer,Gutmann
greenholtm205,Mackenzie,Greenholt
kautzerj525,Johnathon,Kautzer
batza30,Alana,Batz
kundem849,Monte,Kunde
muellerr17,Raphael,Mueller
hackettm231,Mariel,Hackett
muellera78,Aundrea,Mueller
kemmerd760,Debbra,Kemmer
hackettw15,Wade,Hackett
wardl753,Leticia,Ward
kihnm165,Myles,Kihn
smithamt134,Ted,Smitham
tillmana33,Alton,Tillman
nitzsched44,Demetrice,Nitzsche
dooleyb245,Bulah,Dooley
pollichj880,Julienne,Pollich
trompk97,Kris,Tromp
gorczanyg967,Graig,Gorczany
o'haral160,Leon,O'Hara
kuvalisa203,Anja,Kuvalis
funka386,Alverta,Funk
oberbrunnerm698,Ming,Oberbrunner
boehml568,Louisa,Boehm
casperv389,Von,Casper
torphyf49,Fausto,Torphy
daughertyr676,Royce,Daugherty
wildermanl150,Laurie,Wilderman
jerdea728,Armando,Jerde
schmidta853,Allyn,Schmidt
macejkovica743,Anja,Macejkovic
mcculloughn245,Numbers,McCullough
jacobsd330,Domenica,Jacobs
kleini676,Isreal,Klein
walshc578,Caprice,Walsh
parisianc324,Carline,Parisian
emarde16,Eugene,Emard
thielt176,Tyrone,Thiel
windlerb270,Brice,Windler
beckere796,Emmaline,Becker
handj116,Jonell,Hand
kuphalj343,Jamar,Kuphal
murphyi517,Israel,Murphy
shieldsg564,Gertrude,Shields
osinskim274,Mirian,Osinski
hahng715,Gilbert,Hahn
brakusl659,Laurel,Brakus
rogahnu732,Ute,Rogahn
murazikd168,Deangelo,Murazik
abbotte167,Exie,Abbott
gusikowskip86,Paris,Gusikowski
mccullought710,Tonisha,McCullough
pollichh663,Hershel,Pollich
brakusl615,Lashaunda,Brakus
rosenbaums449,Sonja,Rosenbaum
hartmanno164,Orpha,Hartmann
framia770,Alva,Frami
franeckif738,Fletcher,Franecki
volkmanr211,Rosio,Volkman
swaniawskiv330,Virgen,Swaniawski
keeblerc608,Cherri,Keebler
satterfielda144,Angele,Satterfield
dibbertk847,Kyung,Dibbert
gislasono295,Ocie,Gislason
carterb138,Bernice,Carter
conroyf554,Floyd,Conroy
schulista541,Aaron,Schulist
leuschkek921,Kyle,Leuschke
willh764,Hayden,Will
whitep599,Phil,White
haleyc557,Cody,Haley
kerlukej846,Jamal,Kerluke
bartellv567,Van,Bartell
beerc353,Chas,Beer
abernathye736,Earlean,Abernathy
mohrs220,Sharyn,Mohr
gislasonp252,Porfirio,Gislason
conroyd975,Deedra,Conroy
schoenn211,Norman,Schoen
ullrichc948,Chun,Ullrich
westt779,Tamatha,West
coler766,Royce,Cole
macejkovict877,Tran,Macejkovic
ernserk111,Karissa,Ernser
cruickshankj340,Josue,Cruickshank
kingj675,Janell,King
bayerk380,Kelly,Bayer
schowalterd25,Demetrius,Schowalter
kuphall963,Lu,Kuphal
turnerg901,Garnet,Turner
collinsj168,Jeanne,Collins
volkmanc569,Charlie,Volkman
schinnerq484,Quinn,Schinner
strackec472,Craig,Stracke
naderr210,Rhiannon,Nader
schoenc324,Charmain,Schoen
dibberte795,Ellamae,Dibbert
uptonl717,Leroy,Upton
bergstromj756,Jerlene,Bergstrom
torpe899,Elwood,Torp
mclaughlinr643,Randy,McLaughlin
waelchij300,Jayson,Waelchi
goodwino384,Otha,Goodwin
fadell733,Lory,Fadel
jacobsona22,Andrew,Jacobson
osinskig157,Gilberto,Osinski
donnellym258,Maria,Donnelly
hintzr479,Randall,Hintz
baucha197,Ariel,Bauch
dibbertl886,Lisbeth,Dibbert
lindn742,Natashia,Lind
shanahanm559,Mabelle,Shanahan
glovero72,Onie,Glover
schuppel79,Leonor,Schuppe
boylet678,Terica,Boyle
greend38,Debora,Green
predovicr429,Ria,Predovic
kiehnt858,Tandy,Kiehn
rohand517,Dong,Rohan
mrazm182,Madelaine,Mraz
dietrichd36,Dodie,Dietrich
bradtkek906,Kylee,Bradtke
pacochak516,Kasey,Pacocha
mayertm386,Mac,Mayert
hermistond931,Dannie,Hermiston
hayesv643,Virgil,Hayes
strackef279,Fidelia,Stracke
heathcotej131,Judi,Heathcote
bradtkea445,Anthony,Bradtke
wolfp164,Page,Wolf
wintheiserr299,Reanna,Wintheiser
colliero947,Ollie,Collier
lebsackt887,Trent,Lebsack
boylet407,Tiny,Boyle
schillerm62,Merideth,Schiller
kemmerd56,Deidre,Kemmer
friesene214,Eugene,Friesen
hirthet491,Tracie,Hirthe
watersl768,Leon,Waters
hettingerb810,Benny,Hettinger
stromanl313,Luis,Stroman
ratkea838,Antonetta,Ratke
stromanj552,Jin,Stroman
tremblays959,Sanora,Tremblay
zboncakg673,Guillermo,Zboncak
murphye234,Eloy,Murphy
cassinv246,Vilma,Cassin
schneiderr118,Rosalva,Schneider
kovacekk320,Kiana,Kovacek
gutmannn587,Nathanael,Gutmann
durgang248,Gertrudis,Durgan
windlerb755,Beverlee,Windler
haleym270,Meta,Haley
kertzmanne136,Enrique,Kertzmann
sanfordd751,Dee,Sanford
handl668,Loriann,Hand
harrisl639,Lacy,Harris
monahanm364,Mona,Monahan
nicolass485,Salvador,Nicolas
baumbacha252,Avery,Baumbach
schneidern26,Norberto,Schneider
hilpertd185,Damon,Hilpert
emmerichk395,Karon,Emmerich
wunschs876,Salvador,Wunsch
muellert615,Tommie,Mueller
mertzp958,Porter,Mertz
vonruedend144,Dane,VonRueden
wittingj64,Jacquie,Witting
hellerc138,Carlton,Heller
wittingb695,Bianca,Witting
millsb806,Brady,Mills
rohanr17,Reinaldo,Rohan
smithami415,Irving,Smitham
wiegandt149,Treasa,Wiegand
kundej322,Janetta,Kunde
boscot533,Tiana,Bosco
crooksk298,Korey,Crooks
streiche749,Ezekiel,Streich
ferryj505,Janie,Ferry
cummingsv951,Vivian,Cummings
okunevai304,Irving,Okuneva
shieldsm445,Mohamed,Shields
williamsone773,Elicia,Williamson
kautzere766,Else,Kautzer
kunzel33,Laura,Kunze
kassulkes812,Samual,Kassulke
dickensl170,Linnea,Dickens
o'keefej455,Jonathon,O'Keefe
mrazs50,Suzy,Mraz
lockmanr459,Rusty,Lockman
kassulkem385,Michel,Kassulke
schummc387,Chang,Schumm
littler141,Rickey,Little
colea959,Arturo,Cole
hegmannh888,Hai,Hegmann
kuhicc109,Chet,Kuhic
kihnc887,Calvin,Kihn
swaniawskik734,Katelynn,Swaniawski
larkina616,Ahmed,Larkin
kiehnj304,Jess,Kiehn
vonruedend204,Darren,VonRueden
beahanv479,Virgilio,Beahan
lindgrenj34,Jackson,Lindgren
zulaufl836,Lucie,Zulauf
bechtelarr353,Richie,Bechtelar
schadenc486,Cammie,Schaden
gloverx959,Xochitl,Glover
rogahns406,Shaneka,Rogahn
stromanc417,Caitlin,Stroman
kirling806,Greg,Kirlin
larkinf929,Fletcher,Larkin
conna783,Arnulfo,Conn
luettgenr98,Ronald,Luettgen
feestm342,Maragaret,Feest
steuberl712,Lloyd,Steuber
nikolausm865,Mollie,Nikolaus
gerholdv558,Vernia,Gerhold
hermanl523,Lucius,Herman
keelingj667,Joey,Keeling
bradtkek471,Kathrine,Bradtke
spencerd261,Danny,Spencer
fadelj140,Johnathan,Fadel
morissettes213,Sung,Morissette
sawayne117,Estefana,Sawayn
auera932,Adrienne,Auer
prohaskab14,Beau,Prohaska
sengerb598,Burma,Senger
kertzmanna445,Abe,Kertzmann
smiths753,Stacie,Smith
langworthw807,Whitney,Langworth
spinkar588,Randolph,Spinka
watersf739,Fletcher,Waters
satterfields214,Soila,Satterfield
muellerm40,Mina,Mueller
hilllj791,Jae,Hilll
binsj709,Jeremy,Bins
romaguerak302,Kyle,Romaguera
wardl716,Les,Ward
hegmanni195,Ione,Hegmann
strosino429,Olivia,Strosin
swaniawskij365,Jami,Swaniawski
watersc166,Chris,Waters
olsong632,Gabrielle,Olson
marquardtt43,Tijuana,Marquardt
kihnj125,Jacinto,Kihn
abernathym830,Maria,Abernathy
hirthej254,Jacquline,Hirthe
o'keefee724,Erwin,O'Keefe
rogahng959,Gilberto,Rogahn
schambergerc432,Candi,Schamberger
bruenm332,Marcelino,Bruen
larkink197,Katherin,Larkin
o'haraa868,Alexandria,O'Hara
lemkek416,Keli,Lemke
powlowskiv173,Velva,Powlowski
schmittl671,Lissette,Schmitt
breitenbergz5,Zora,Breitenberg
morissetteh143,Hollis,Morissette
stoltenbergm515,Malinda,Stoltenberg
framib20,Bev,Frami
mantej914,Janina,Mante
faheyc890,Cherie,Fahey
grantm2,Meggan,Grant
mcglynnd450,Donald,McGlynn
lemkev625,Virgilio,Lemke
schmelerr352,Rebbecca,Schmeler
rueckerc90,Clifton,Ruecker
gulgowskin15,Nicholas,Gulgowski
swaniawskil826,Li,Swaniawski
willa761,Antone,Will
binsr887,Reinaldo,Bins
dibbertn170,Nick,Dibbert
powlowskid83,Damion,Powlowski
bechtelarm870,Morris,Bechtelar
hammesm738,Meridith,Hammes
gaylordd590,Dewey,Gaylord
keeblerl951,Long,Keebler
quigleym701,Malcom,Quigley
harberl292,Leon,Harber
wizat961,Trish,Wiza
marquardtg408,Gay,Marquardt
volkmane466,Ezra,Volkman
bayera523,Antione,Bayer
homenickr688,Rudy,Homenick
schultzr856,Reiko,Schultz
weissnatf703,Freeda,Weissnat
veumw23,Whitney,Veum
dubuquet756,Teodoro,DuBuque
kertzmanng255,Glenn,Kertzmann
bashirianl308,Layla,Bashirian
manteh571,Hector,Mante
kreigerc675,Creola,Kreiger
caspert650,Tifany,Casper
lakinr25,Rod,Lakin
nitzschec724,Corinna,Nitzsche
johnstonm956,Marceline,Johnston
corwinl315,Luana,Corwin
leschm598,Mason,Lesch
thompsons113,Shantae,Thompson
koeppj374,Jamie,Koepp
yosts691,Simon,Yost
trompm645,Melania,Tromp
baumbachv482,Vern,Baumbach
quigleys241,Sterling,Quigley
jonesb779,Buford,Jones
waelchid309,Debra,Waelchi
sanfordt815,Tuan,Sanford
smithamj580,Johnathon,Smitham
bartons194,Shelba,Barton
jacobip104,Patrice,Jacobi
fadela729,Adrian,Fadel
sporerm819,Mildred,Sporer
nitzschep939,Palmer,Nitzsche
purdya561,Augustus,Purdy
lockmand300,Deshawn,Lockman
trompl395,Laverne,Tromp
monahant407,Tad,Monahan
naderc197,Candance,Nader
mayerl49,Luke,Mayer
berges252,Shonda,Berge
mckenziet414,Terence,McKenzie
romaguerac889,Cornelia,Romaguera
turnera452,Aida,Turner
leschm760,Mariano,Lesch
ondrickat239,Tommie,Ondricka
cronam804,Marian,Crona
trompc398,Cassy,Tromp
kingl565,Laurena,King
larkine766,Earl,Larkin
loweo77,Odis,Lowe
hyattj308,Josef,Hyatt
ziemeh102,Hsiu,Zieme
linda826,Amira,Lind
thielg669,Glenn,Thiel
reingerb266,Benjamin,Reinger
klockop487,Perla,Klocko
brakuso114,Omega,Brakus
nikolausd370,Domingo,Nikolaus
klockoc899,Cleo,Klocko
fisherd567,Dung,Fisher
gutmannc833,Chad,Gutmann
barrowsd178,Darrell,Barrows
christianseno826,Olga,Christiansen
runolfsdottire902,Eddy,Runolfsdottir
zemlakb882,Bill,Zemlak
torpc411,Charisse,Torp
pricem878,Malcom,Price
marvins670,Santos,Marvin
ernserj761,Jorge,Ernser
dietrichm911,Marquitta,Dietrich
ritchier554,Randi,Ritchie
sengerg245,Grant,Senger
nitzsches858,Savannah,Nitzsche
funke928,Edward,Funk
hettingery19,Yvonne,Hettinger
reichelb397,Billie,Reichel
willf893,Faustino,Will
dooleyc377,Carmon,Dooley
mcdermottk736,Kevin,McDermott
lueilwitzr437,Ricky,Lueilwitz
heathcoteb583,Betsey,Heathcote
cummeratam362,Merlin,Cummerata
mcdermotta682,Agnus,McDermott
langosha99,Arnoldo,Langosh
hoegera540,Audrey,Hoeger
fritschb684,Bambi,Fritsch
goyettem882,Marty,Goyette
bergem725,Merlene,Berge
grantj816,Jenifer,Grant
kertzmannc148,Cyrus,Kertzmann
jerdew276,Warner,Jerde
beierg592,George,Beier
jaskolskiv726,Vina,Jaskolski
keeblerm52,Millicent,Keebler
millse250,Elmo,Mills
turnerj272,Josette,Turner
walshr223,Raleigh,Walsh
kuphalj839,Jules,Kuphal
feile258,Echo,Feil
beattyk180,Kelsi,Beatty
monahand219,Darlene,Monahan
metzm573,My,Metz
wiegandi814,Ivelisse,Wiegand
streichy35,Yvette,Streich
pfannerstillh116,Hiram,Pfannerstill
kutche406,Elias,Kutch
fadelk777,Kiara,Fadel
schuppel395,Laverne,Schuppe
kossl418,Lasandra,Koss
morissettem371,Maren,Morissette
fayi881,Iliana,Fay
sporerh516,Hershel,Sporer
reingers882,Sheilah,Reinger
pourosj834,Johnsie,Pouros
hillly679,Yvone,Hilll
welchl639,Logan,Welch
wolfs894,Shirl,Wolf
jacobsl359,Linh,Jacobs
heidenreichp398,Pat,Heidenreich
steubera722,Artie,Steuber
beerm635,Miss,Beer
hando597,Otelia,Hand
caspert108,Troy,Casper
keeblerl31,Lanie,Keebler
hauckj507,Julian,Hauck
hartmannc830,Carmen,Hartmann
altenwerthb7,Burl,Altenwerth
robels363,Shavonda,Robel
auera821,Alfred,Auer
kuhlmane298,Emmanuel,Kuhlman
danield195,David,Daniel
hillse189,Edison,Hills
bartolettir516,Rolf,Bartoletti
spencerg498,Gary,Spencer
schmelerm232,Maire,Schmeler
bradtkeb44,Billi,Bradtke
langoshf765,Franklyn,Langosh
doylem379,Monika,Doyle
bradtkeh555,Hong,Bradtke
monahana690,Allan,Monahan
carterj798,Jefferson,Carter
considines222,Sybil,Considine
littelr26,Raphael,Littel
boyerk393,Karl,Boyer
ferryj125,Johnnie,Ferry
carterm618,Michaela,Carter
o'keefem651,Matt,O'Keefe
carrolll979,Lucina,Carroll
lindj978,Janiece,Lind
pollichs166,Sadie,Pollich
parisianq440,Quintin,Parisian
kulasd501,Dottie,Kulas
durgana317,Adriane,Durgan
kovaceke911,Earlie,Kovacek
harrisl93,Louella,Harris
padbergf547,Foster,Padberg
wunschf58,Freddie,Wunsch
raua362,Andreas,Rau
lindc896,Cortez,Lind
flatleyv291,Vonda,Flatley
mcglynns609,Shoshana,McGlynn
shieldsk52,Kareem,Shields
hermanns35,Shirley,Hermann
dickensr20,Rachal,Dickens
feill78,Lonnie,Feil
kuhna893,Adelina,Kuhn
beierj419,Josef,Beier
armstronge527,Else,Armstrong
bayere851,Edmond,Bayer
breitenberge979,Ed,Breitenberg
kreigerv531,Vivian,Kreiger
cormiern502,Nathanial,Cormier
metze804,Enid,Metz
koelpiny625,Young,Koelpin
brekked122,Delicia,Brekke
abernathyj560,Jonah,Abernathy
klockor66,Roland,Klocko
bartolettir796,Rodrigo,Bartoletti
nikolausr788,Roseanna,Nikolaus
prohaskar914,Roxana,Prohaska
goyetteo108,Odelia,Goyette
schadenl64,Lawanna,Schaden
sipesr204,Rosana,Sipes
kingv30,Vicente,King
willc460,Clifton,Will
vonj931,Joanna,Von
kertzmannj79,Julian,Kertzmann
johnsonc384,Corine,Johnson
boden47,Nan,Bode
emarde556,Enola,Emard
lueilwitzt405,Tiny,Lueilwitz
o'connellb739,Britni,O'Connell
luettgent697,Tyron,Luettgen
yostp580,Pura,Yost
yundtw157,Williams,Yundt
lindgrenr517,Roberta,Lindgren
klingm305,Maribeth,Kling
pollichs58,Shamika,Pollich
herzogw371,Walton,Herzog
gerlachb237,Barry,Gerlach
ritchiea930,Aleta,Ritchie
ortizt181,Ty,Ortiz
collinsb820,Bob,Collins
farrellr717,Raymond,Farrell
rosenbaumo339,Ossie,Rosenbaum
hettingerd340,Desmond,Hettinger
farrelll126,Luana,Farrell
cartwrightt60,Tawny,Cartwright
wymanc115,Carter,Wyman
macgyverl849,Leopoldo,MacGyver
willmst782,Thuy,Willms
willmsw923,Wendolyn,Willms
bashiriann916,Numbers,Bashirian
ritchiea69,Azalee,Ritchie
whitev270,Violette,White
weissnatc343,Carl,Weissnat
keeblers90,Sandy,Keebler
schillerc976,Carey,Schiller
durganm612,Mitchel,Durgan
spinkar746,Rory,Spinka
gislasonl376,Lauretta,Gislason
kuhlmanj962,Jaime,Kuhlman
collinsb135,Bradford,Collins
fayt715,Thalia,Fay
vandervortj724,Julius,Vandervort
marquardtg460,Greg,Marquardt
hillsd615,Debra,Hills
heathcotea683,Angelique,Heathcote
rooba363,Alise,Roob
gleichnerm671,Marilyn,Gleichner
leannonl659,Lashawnda,Leannon
pricea636,Ali,Price
armstrongs852,Shena,Armstrong
langk428,Korey,Lang
pfefferp437,Pennie,Pfeffer
morard153,Dara,Morar
weimannc72,Christel,Weimann
mitchelle25,Eldridge,Mitchell
wunscha257,Ann,Wunsch
wintheiserb119,Barrett,Wintheiser
mcglynnr634,Ray,McGlynn
wymanj875,Jacque,Wyman
gulgowskin585,Newton,Gulgowski
murphyl417,Leroy,Murphy
o'connellr641,Rhoda,O'Connell
haagj402,Jamel,Haag
zulauft857,Thalia,Zulauf
harberc855,Clelia,Harber
barrowsm675,Mistie,Barrows
hillln941,Ned,Hilll
heaneym201,Maire,Heaney
littele487,Ernie,Littel
lakini333,In,Lakin
hauckc449,Chris,Hauck
raua491,Altagracia,Rau
lednera592,Amado,Ledner
leannonl62,Leone,Leannon
swiftg29,Guadalupe,Swift
quitzona207,Alexa,Quitzon
wolff216,Francis,Wolf
beckere389,Ellsworth,Becker
hermistonb57,Bari,Hermiston
baileyf902,Freeman,Bailey
dubuquer596,Rosamaria,DuBuque
hammesd803,Dagmar,Hammes
parisianl96,Lela,Parisian
balistrerit94,Troy,Balistreri
huelk925,Kacie,Huel
abshirea710,Adalberto,Abshire
prosaccoj44,Jerrell,Prosacco
ryanc854,Cesar,Ryan
dibbertv376,Val,Dibbert
quigleys40,Shaina,Quigley
goldnert887,Thomas,Goldner
feestf58,Franklyn,Feest
hammesh52,Harland,Hammes
schimmell435,Lindsay,Schimmel
dickinsonc897,Cheree,Dickinson
gradya581,Andy,Grady
kirlind674,Dee,Kirlin
rohank66,Keven,Rohan
bauchk527,Karri,Bauch
lindgreno594,Otto,Lindgren
vandervortj810,Jule,Vandervort
prohaskaa203,Aletha,Prohaska
prosaccom401,Mauricio,Prosacco
gaylordb489,Becky,Gaylord
ferryk253,Kaylee,Ferry
spinkam424,Monserrate,Spinka
hauckj568,Jenae,Hauck
oberbrunnerm694,Mac,Oberbrunner
swaniawskid730,Dylan,Swaniawski
hoegerg743,Gabriel,Hoeger
schoene293,Eric,Schoen
wisokyb288,Bee,Wisoky
simonisc714,Casey,Simonis
reynoldsa272,Alvaro,Reynolds
kulasa591,Alease,Kulas
bernierm317,Major,Bernier
strackee439,Earnest,Stracke
keelingd959,Dannette,Keeling
towneh604,Harvey,Towne
bergee711,Erasmo,Berge
faheyr347,Rodger,Fahey
gislasonn576,Nestor,Gislason
swiftb122,Bertram,Swift
rogahnb64,Bernardina,Rogahn
kovacekr860,Roxann,Kovacek
cristg929,Genna,Crist
schinnern325,Nicolas,Schinner
osinskij709,Jacqueline,Osinski
harberc34,Catalina,Harber
purdyd318,Daisy,Purdy
jerdec938,Clarence,Jerde
brownt684,Tami,Brown
smithamm591,Milo,Smitham
cristt104,Tyler,Crist
schmidte262,Eduardo,Schmidt
spinkai402,Iraida,Spinka
o'connere816,Elliot,O'Conner
grimesb240,Bennett,Grimes
ebertb90,Britt,Ebert
marvins62,Shantay,Marvin
hueln875,Newton,Huel
olsonc277,Cesar,Olson
hillsa442,Allen,Hills
reynoldsa319,Arica,Reynolds
hamillm921,Marc,Hamill
vona634,Annabell,Von
starkc911,Caleb,Stark
cummingsa438,Asa,Cummings
kossr977,Rigoberto,Koss
donnellyc360,Claud,Donnelly
schneiderb610,Bryant,Schneider
huell136,Lynnette,Huel
emmerichv284,Velda,Emmerich
lindgrenm661,Marlana,Lindgren
dares899,Shakita,Dare
hirthez813,Zandra,Hirthe
rogahnr789,Roxy,Rogahn
klockoi738,Issac,Klocko
mrazj939,Javier,Mraz
murrays684,Sheba,Murray
thield524,Dominic,Thiel
kilbacka964,Aubrey,Kilback
krajcikr355,Roland,Krajcik
heidenreichj439,Julius,Heidenreich
sipesu159,Ulrike,Sipes
klingc433,Carmelina,Kling
greenl36,Lory,Green
kuphalr473,Rozella,Kuphal
skilesr351,Rickey,Skiles
gusikowskir774,Raelene,Gusikowski
maggiop816,Polly,Maggio
muellert902,Tyree,Mueller
swaniawskic159,Cristy,Swaniawski
farrelld366,Darren,Farrell
hagenese349,Elida,Hagenes
heaneyt107,Timika,Heaney
walterv867,Verdell,Walter
kesslerr304,Reid,Kessler
bogisichf702,Fausto,Bogisich
ankundingm34,Many,Ankunding
parkern332,Ned,Parker
weissnath176,Harold,Weissnat
colek147,Kendall,Cole
rippint687,Tami,Rippin
hellerd741,Donnie,Heller
linds215,Sang,Lind
romagueras361,Shaun,Romaguera
mannd85,Dorsey,Mann
ebertk165,Kay,Ebert
lednerk370,Keri,Ledner
padbergd377,Dong,Padberg
robertsz418,Zona,Roberts
wymanm700,Max,Wyman
wolffr464,Roxie,Wolff
connellyb394,Bobette,Connelly
erdmant159,Titus,Erdman
kerlukee368,Elba,Kerluke
manter73,Ross,Mante
douglasb432,Bart,Douglas
christiansena904,Adolph,Christiansen
huelb539,Blanche,Huel
brakusp120,Petronila,Brakus
lubowitzc747,Clarinda,Lubowitz
casperb802,Bertram,Casper
runolfsdottirc180,Chara,Runolfsdottir
wintheiserf327,Freddie,Wintheiser
robertsl675,Lora,Roberts
huelsw251,Wanetta,Huels
satterfieldv611,Victoria,Satterfield
willc808,Cheryle,Will
parkerd776,Don,Parker
handa878,Adrien,Hand
mosciskis50,Santo,Mosciski
huelsa55,Augustus,Huels
cummingsc376,Cyrus,Cummings
johnsonm362,Maxwell,Johnson
leuschkec311,Chantell,Leuschke
quitzond649,Daniel,Quitzon
faheym183,Meredith,Fahey
rolfsono832,Odis,Rolfson
mayertj558,Jody,Mayert
hegmannj556,Jonathon,Hegmann
kiehnf435,Floyd,Kiehn
macejkovick72,Katheleen,Macejkovic
lueilwitzk451,Keneth,Lueilwitz
willd449,Don,Will
lowea440,Alberto,Lowe
faheye474,Etha,Fahey
ritchiez164,Zelda,Ritchie
beattyk729,Kandice,Beatty
kemmerc252,Carlena,Kemmer
ornl855,Leann,Orn
reillyl979,Loyce,Reilly
manng602,Gracie,Mann
feestl955,Lazaro,Feest
larsond117,Devon,Larson
gorczanyb461,Bethann,Gorczany
nolant147,Trinidad,Nolan
kubo558,Ozzie,Kub
smithamq750,Quinton,Smitham
keelingm571,Mitchell,Keeling
lescht558,Trent,Lesch
beckere173,Evonne,Becker
lemkea201,Abigail,Lemke
hoegerl172,Lahoma,Hoeger
kshlerinp576,Preston,Kshlerin
uptone257,Erich,Upton
hettingerp326,Palmira,Hettinger
brakusm217,Marylouise,Brakus
buckridgem257,Margareta,Buckridge
hammesd751,Dee,Hammes
willp935,Pedro,Will
hillsp15,Pearly,Hills
wuckerty644,Yuriko,Wuckert
nikolausm107,Manual,Nikolaus
wiegandr500,Rufus,Wiegand
johnse228,Earnest,Johns
gusikowskiw64,Warner,Gusikowski
gerholdj712,Jerrell,Gerhold
koeppm812,Marshall,Koepp
hellerd225,Dante,Heller
daughertyr653,Roselle,Daugherty
wisokyd935,Denny,Wisoky
fritsche84,Erin,Fritsch
daret974,Teresita,Dare
kundee381,Erlene,Kunde
wildermanb970,Barton,Wilderman
gusikowskii762,Ike,Gusikowski
jenkinst922,Tyler,Jenkins
lueilwitzc628,Courtney,Lueilwitz
monahang954,Gary,Monahan
cormierr574,Riva,Cormier
morarc659,Cornell,Morar
pagacj594,Jama,Pagac
o'reillya706,Allen,O'Reilly
gutmannr373,Reynaldo,Gutmann
bradtkem399,Matthew,Bradtke
colea849,Ashlea,Cole
mantes165,Stewart,Mante
osinskib188,Betsey,Osinski
cummingst84,Tierra,Cummings
tremblayt438,Tosha,Tremblay
emmerichl515,Lourdes,Emmerich
grimesd762,Dallas,Grimes
abernathye427,Earline,Abernathy
gerlachj23,Jamie,Gerlach
wehnern490,Nona,Wehner
donnellys129,Sidney,Donnelly
ryanb462,Bryant,Ryan
bergnaume235,Edda,Bergnaum
zboncakr341,Rosalie,Zboncak
walters600,Samira,Walter
vonruedent699,Tyisha,VonRueden
rosenbaumj536,Javier,Rosenbaum
glovere384,Elton,Glover
daughertyz514,Zora,Daugherty
johnsonw201,Winford,Johnson
okunevam55,Michael,Okuneva
beahans699,Sherita,Beahan
roobk760,Kassandra,Roob
rennerd29,Demetra,Renner
gutmanns908,Shavon,Gutmann
smithamb653,Brenton,Smitham
williamsonb840,Bong,Williamson
haleyt959,Tasia,Haley
flatleyk792,Kent,Flatley
strackes645,Sanjuanita,Stracke
parisianw16,Wynell,Parisian
hermant182,Trey,Herman
binse861,Erik,Bins
schulistb179,Britany,Schulist
labadieb628,Becky,Labadie
creminh708,Harris,Cremin
koelpinc648,Corrin,Koelpin
grimesa518,Althea,Grimes
torpb852,Booker,Torp
corkeryd73,Darren,Corkery
aufderhars360,Suanne,Aufderhar
dietrichp850,Pauletta,Dietrich
wolfl787,Lyndon,Wolf
nicolasa735,Allyn,Nicolas
schustera327,Amina,Schuster
sauerk743,Kelli,Sauer
schulistc884,Cherryl,Schulist
robeli48,Indira,Robel
hermistond360,Damien,Hermiston
russell305,Lyndon,Russel
batzs794,Stuart,Batz
kundej665,Jody,Kunde
westt488,Tobias,West
pollichc77,Cole,Pollich
jacobsr413,Royce,Jacobs
rennerd23,Dagmar,Renner
daughertyk471,Kimberlie,Daugherty
murrayd153,Dudley,Murray
brakuse160,Efren,Brakus
gutmannj225,Jerald,Gutmann
abshirec925,Columbus,Abshire
gerlachr938,Ruben,Gerlach
o'keefel908,Lina,O'Keefe
ritchiel967,Larry,Ritchie
parisiani582,Ike,Parisian
klingb969,Brittny,Kling
russelc191,Carter,Russel
ernserl484,Lesha,Ernser
reicherta352,Arthur,Reichert
bruenm48,Martine,Bruen
whitec488,Cliff,White
langoshr321,Roscoe,Langosh
andersonk99,Kip,Anderson
beckerk518,Kimberlee,Becker
thompsonl69,Lacy,Thompson
emmerichr224,Robyn,Emmerich
powlowskil502,Lavonda,Powlowski
bartolettil33,Lynn,Bartoletti
schimmelm716,Meghan,Schimmel
kundea844,Arnoldo,Kunde
schinnerc239,Chelsie,Schinner
wiegands195,Solomon,Wiegand
hintzr57,Rex,Hintz
nolanl603,Luanne,Nolan
schultzr899,Randal,Schultz
willmsm200,Malinda,Willms
effertza778,Alvina,Effertz
reingerd311,Donita,Reinger
hellerm5,Michal,Heller
muellerl597,Lucio,Mueller
deckowj778,Jeremy,Deckow
brakusa566,Angel,Brakus
schimmeld857,Del,Schimmel
kube138,Estella,Kub
cronint961,Tona,Cronin
cummingsr107,Rhea,Cummings
bruena585,Armand,Bruen
haagc677,Clement,Haag
bartonm305,Martin,Barton
hermannm421,Marquis,Hermann
carterm263,Mel,Carter
kertzmannc290,Coleman,Kertzmann
schimmelm287,Morton,Schimmel
bogant499,Timothy,Bogan
collierc649,Carissa,Collier
konopelskif696,Felix,Konopelski
baileym20,Marcellus,Bailey
runteh408,Hayley,Runte
walterk905,Kerrie,Walter
gutkowskib585,Brady,Gutkowski
moorea968,Andres,Moore
zulaufg18,Glen,Zulauf
lebsackf917,Felton,Lebsack
dietrichs880,Serafina,Dietrich
lednere459,Elvie,Ledner
kuhnd418,Demetra,Kuhn
feilf129,Francie,Feil
towneh329,Harmony,Towne
sengerm456,Maribeth,Senger
batzs593,Shane,Batz
macejkovicp94,Parker,Macejkovic
bergnaumj49,Jason,Bergnaum
stehrm402,Mae,Stehr
schoenb61,Bruna,Schoen
oberbrunnera911,Allan,Oberbrunner
grantm504,Mavis,Grant
uptonj635,Jae,Upton
klockov209,Velda,Klocko
ornv79,Vance,Orn
wolfl264,Lacie,Wolf
schneiderv776,Virgil,Schneider
pfefferr339,Rose,Pfeffer
jakubowskig616,Graciela,Jakubowski
stromani678,Ida,Stroman
hoppek914,Keneth,Hoppe
boyerb955,Bradford,Boyer
blandam91,Maynard,Blanda
collinsh141,Hanh,Collins
jacobsont259,Tiana,Jacobson
kreigerj65,Jamey,Kreiger
lynchm649,Margurite,Lynch
rueckerr366,Rodolfo,Ruecker
swaniawskia504,Arturo,Swaniawski
vandervortj863,Julian,Vandervort
buckridget469,Talia,Buckridge
funkv147,Val,Funk
bruena318,Antony,Bruen
priced162,Danille,Price
granta250,Angelique,Grant
hoppew435,Wyatt,Hoppe
collierl538,Luisa,Collier
hermannd625,Doreen,Hermann
schroedert97,Timothy,Schroeder
lefflerj73,Jeremy,Leffler
predovicm149,Maria,Predovic
daree605,Ernestina,Dare
barrowsr294,Rogelio,Barrows
rathf936,Frederica,Rath
herzoga258,Anderson,Herzog
collinsb658,Belinda,Collins
gottliebg251,Grant,Gottlieb
dickik448,Kristin,Dicki
kuhice224,Edith,Kuhic
schoenr775,Raguel,Schoen
whitep907,Paulette,White
raut414,Tilda,Rau
dickid183,Daryl,Dicki
treutelb166,Ben,Treutel
gutmannd405,Daren,Gutmann
bruenm890,Maryln,Bruen
kuvalisj440,Johnathan,Kuvalis
robele195,Enriqueta,Robel
raynorl233,Leighann,Raynor
dickensc863,Carmina,Dickens
ondrickae276,Edgar,Ondricka
o'haras857,Stacie,O'Hara
jonese526,Ed,Jones
larsone111,Elodia,Larson
legrose650,Ervin,Legros
rennerj513,Jared,Renner
sawaynm739,Margrett,Sawayn
metzl769,Lorenzo,Metz
kesslers520,Steven,Kessler
sauera918,Adrianna,Sauer
labadiei584,Isaac,Labadie
bednarr350,Rex,Bednar
schuppeh548,Hershel,Schuppe
breitenbergl875,Latoria,Breitenberg
grimese60,Earle,Grimes
gaylordl145,Lula,Gaylord
lueilwitzn589,Nathanial,Lueilwitz
pourosj639,Julio,Pouros
lehnerl933,Lesley,Lehner
wilkinsonl966,Lashunda,Wilkinson
nienowa448,Ambrose,Nienow
mertzp540,Pasty,Mertz
goodwinh657,Hayden,Goodwin
bernhardn614,Norbert,Bernhard
howep701,Pearle,Howe
sipesg122,Gaylord,Sipes
wildermans432,Sharell,Wilderman
williamsons609,Solomon,Williamson
dachs254,Scotty,Dach
ratkeb118,Bertha,Ratke
barrowsj843,Jewell,Barrows
pagacl425,Lynsey,Pagac
lindl138,Lilian,Lind
cartwrightl633,Lester,Cartwright
trompr399,Rosana,Tromp
baumbachr376,Reginald,Baumbach
goldnerk939,Kathlyn,Goldner
bayerj370,Jesus,Bayer
gaylorda494,Alexia,Gaylord
schillere740,Emiko,Schiller
jacobsonn822,Natashia,Jacobson
rathi912,Inger,Rath
rohanj679,Johnson,Rohan
klingb644,Brenda,Kling
schmelers236,Steven,Schmeler
mosciskid837,Donald,Mosciski
marvind223,Destiny,Marvin
mooret725,Tawanda,Moore
shieldsg506,Gail,Shields
farrelld333,Debbie,Farrell
bauchc101,Clifford,Bauch
rempelv273,Vonnie,Rempel
kertzmannl651,Lovie,Kertzmann
gradys268,Sherita,Grady
hesselj188,Judie,Hessel
mayertb713,Belia,Mayert
murphyf855,Francesco,Murphy
bayerr519,Rosario,Bayer
schulistl669,Lakesha,Schulist
friesens649,Shena,Friesen
runtee591,Eusebia,Runte
hauckd18,Dana,Hauck
rogahnw767,Wilfred,Rogahn
reichele554,Ed,Reichel
hillsk300,Karole,Hills
mohrm39,Marivel,Mohr
beerh25,Hassan,Beer
abbottr975,Roman,Abbott
kulasm127,Maryetta,Kulas
effertzc498,Cesar,Effertz
rempell686,Lamont,Rempel
bartolettia246,Andy,Bartoletti
okuneval707,Lissa,Okuneva
macejkovici829,Isidro,Macejkovic
rathb962,Bruce,Rath
friesenc618,Casey,Friesen
kassulket78,Terry,Kassulke
reillyd161,Darlena,Reilly
dickiv10,Vance,Dicki
dickenst782,Tami,Dickens
boyerm591,Maire,Boyer
wisokyw657,Willian,Wisoky
schulistr250,Raymon,Schulist
runtek516,Kip,Runte
satterfieldj495,Jonas,Satterfield
kozeya837,Albertina,Kozey
considinen518,Nan,Considine
heathcotet36,Tashina,Heathcote
sengerb228,Barry,Senger
hickled969,Darren,Hickle
gorczanym199,Marnie,Gorczany
daughertyl729,Lieselotte,Daugherty
walkerw725,Winford,Walker
schinnert219,Tory,Schinner
mitchello276,Olga,Mitchell
rolfsonb27,Beula,Rolfson
hagenesc96,Chauncey,Hagenes
hermistonl830,Luvenia,Hermiston
ortizd75,Daniella,Ortiz
kiehnl382,Laurette,Kiehn
mayertn202,Ngan,Mayert
dickinsone525,Enrique,Dickinson
roobf439,Florence,Roob
davisj216,Johnathan,Davis
bechtelarj796,Jacques,Bechtelar
hansenz499,Zachariah,Hansen
swaniawskit509,Tifany,Swaniawski
watsicae406,Emeline,Watsica
corkerye149,Elton,Corkery
hettingerw551,Wayne,Hettinger
parisiana316,Alesha,Parisian
baileyl927,Laverne,Bailey
bauchc684,Cole,Bauch
mckenzieg962,Giselle,McKenzie
kohlerk432,Kasey,Kohler
huelsn542,Normand,Huels
lehnerj750,Jamison,Lehner
hermanns676,Sadye,Hermann
hermank248,Kristofer,Herman
whitea2,Abby,White
pricea94,Angelo,Price
dietrichm688,Malcom,Dietrich
mcglynnf699,Freddy,McGlynn
labadier20,Royce,Labadie
bednare382,Eldridge,Bednar
ondrickat251,Tiffiny,Ondricka
terryb464,Bula,Terry
kochm223,Michal,Koch
labadiej772,Janna,Labadie
balistrerid371,Darcey,Balistreri
hermannl781,Lawrence,Hermann
blickg31,Geralyn,Blick
murraym161,Millard,Murray
dooleyw856,Whitley,Dooley
herzogr535,Reinaldo,Herzog
hamillb625,Blair,Hamill
thielr54,Renee,Thiel
kshlerink115,Katherina,Kshlerin
torphyl147,Lola,Torphy
hamillg499,Gregorio,Hamill
homenickn552,Nilda,Homenick
volkmanm660,Marica,Volkman
heidenreicht6,Tora,Heidenreich
heidenreichk324,Kevin,Heidenreich
hodkiewicza971,Angelo,Hodkiewicz
gleasons88,Sydney,Gleason
sipesa315,Arianne,Sipes
d'amores889,Sharon,D'Amore
stromanl828,Lilia,Stroman
gleichnerr272,Romelia,Gleichner
gloverj64,Jenni,Glover
klingj76,Justin,Kling
mcglynna390,Ariel,McGlynn
hillll134,Lazaro,Hilll
kuhlmand975,Denver,Kuhlman
boscod40,Deandre,Bosco
stokesb574,Babara,Stokes
wuckertv739,Von,Wuckert
zemlaki53,Ivory,Zemlak
lehnerm99,Michaela,Lehner
schillerc638,Carey,Schiller
toym182,Mila,Toy
fritschk460,Katheryn,Fritsch
cassinj540,John,Cassin
buckridged616,Dorthy,Buckridge
gibsont74,Tammy,Gibson
herzogw976,William,Herzog
bernierl807,Lenny,Bernier
bartolettim283,Maud,Bartoletti
keeblerl176,Lizzie,Keebler
mcculloughc481,Chuck,McCullough
greenholtt978,Torie,Greenholt
pfeffern355,Nona,Pfeffer
schneideri614,Ione,Schneider
kirlint480,Tonette,Kirlin
hudsonk101,Katharine,Hudson
boehmm661,Malcom,Boehm
nikolausl404,Luisa,Nikolaus
greenk173,Karren,Green
satterfieldy461,Young,Satterfield
medhurstw957,Woodrow,Medhurst
uptonw661,Winston,Upton
bashirianj407,Judson,Bashirian
farrellm320,Merlin,Farrell
ricer765,Roberto,Rice
fritschd353,Deanna,Fritsch
brownb144,Broderick,Brown
pfannerstillc405,Carrol,Pfannerstill
harberj819,Jed,Harber
braunb368,Barb,Braun
corkeryc94,Chet,Corkery
mullerc545,Carley,Muller
hirthef698,Felton,Hirthe
bednare183,Edward,Bednar
markst934,Tandy,Marks
toyh945,Hector,Toy
marksb969,Brain,Marks
lemkeg895,Gabriel,Lemke
abbottg633,Gonzalo,Abbott
mertzt734,Tracy,Mertz
tremblayh530,Horace,Tremblay
raynord111,Dovie,Raynor
rohanm673,Maybelle,Rohan
hanec148,Cruz,Hane
cristr895,Ramiro,Crist
wittingl713,Lesha,Witting
corkerym291,Mari,Corkery
cummingsj343,Jamika,Cummings
koeppf131,Frankie,Koepp
hammest8,Tanner,Hammes
bergnauml726,Levi,Bergnaum
walkeri393,Ira,Walker
pfefferl326,Lesley,Pfeffer
kautzera610,Arden,Kautzer
pauceke126,Eldridge,Paucek
purdyc145,Clotilde,Purdy
hudsonv452,Victoria,Hudson
abbotto290,Orlando,Abbott
ritchier24,Richelle,Ritchie
bruenc853,Chang,Bruen
dooleyg359,Gordon,Dooley
hermann3,Norah,Herman
mayertm877,Mohamed,Mayert
ondrickal551,Latia,Ondricka
haleyt32,Terese,Haley
champlink199,Kymberly,Champlin
johnsm61,Marisol,Johns
zulaufs446,Sherwood,Zulauf
schuppeo390,Orpha,Schuppe
cremina2,Abram,Cremin
warda93,Alex,Ward
schneiderr99,Randy,Schneider
casperb970,Bee,Casper
beattya802,Amos,Beatty
feestv128,Vennie,Feest
okunevaf610,Francina,Okuneva
abshireb532,Bobbye,Abshire
jaste214,Elisha,Jast
boylee412,Ena,Boyle
greenholtc875,Celena,Greenholt
robele214,Ethel,Robel
wehnerb713,Beatriz,Wehner
morissettel751,Lolita,Morissette
rippins300,Susy,Rippin
rolfsone409,Effie,Rolfson
koelpinc512,Coy,Koelpin
heathcotee223,Earline,Heathcote
collierr100,Randall,Collier
leannont800,Travis,Leannon
bahringerm284,Mohamed,Bahringer
leannonm790,Mitchell,Leannon
boganr398,Rosalina,Bogan
feilk381,Kathlyn,Feil
gottliebp494,Porter,Gottlieb
howee65,Elmo,Howe
daughertyc444,Cher,Daugherty
davisv530,Veola,Davis
baumbachd559,Dennis,Baumbach
kohlerl756,Lillia,Kohler
fadelc78,Cheree,Fadel
predovicc147,Cody,Predovic
marksf398,Freddie,Marks
kohlerw93,Willodean,Kohler
huelsl608,Lanette,Huels
gutmannd703,Dennis,Gutmann
murazikr384,Rafael,Murazik
yundtn319,Nan,Yundt
jonesl632,Leon,Jones
goyetteb707,Bettina,Goyette
considinet974,Tierra,Considine
kossj955,Jon,Koss
batzj15,Javier,Batz
handg383,Gussie,Hand
hegmannk159,Kenneth,Hegmann
greenfelderc632,Charlie,Greenfelder
rempelj390,Jerold,Rempel
hettingerm653,Marceline,Hettinger
lueilwitzr749,Reba,Lueilwitz
morard601,Dakota,Morar
johnsonm586,Micki,Johnson
schowalterk62,Kathlyn,Schowalter
mclaughlink327,Kathlene,McLaughlin
quitzonm614,Madelyn,Quitzon
volkmanc400,Carol,Volkman
runtem166,Micheal,Runte
jacobik133,Karl,Jacobi
kingr731,Rey,King
macgyverj254,Janella,MacGyver
reingerv420,Vincenzo,Reinger
gloverv702,Val,Glover
ondrickai754,Isiah,Ondricka
mohrb550,Bernardo,Mohr
moorej149,Jeremiah,Moore
halvorsonm590,Mona,Halvorson
cummeratag302,Gilberto,Cummerata
wittings306,Sung,Witting
ondrickaa225,Alton,Ondricka
dickensv109,Vikki,Dickens
purdym244,Melony,Purdy
bayerd351,Dan,Bayer
friesenj115,Jeffry,Friesen
kautzert20,Toshiko,Kautzer
goyetteb805,Brant,Goyette
boder459,Rosy,Bode
littlel610,Lyn,Little
walshm357,Madie,Walsh
marquardtj492,Jeanie,Marquardt
russelm100,Merlyn,Russel
koeppj646,Joanna,Koepp
borerd311,Daryl,Borer
o'haram573,Michell,O'Hara
rathj116,Jose,Rath
stoltenbergm611,Marylynn,Stoltenberg
kohlerc375,Cherlyn,Kohler
mayerc48,Cori,Mayer
kuvalism119,Manda,Kuvalis
volkmane258,Erwin,Volkman
kubk255,Kiana,Kub
skilesl255,Lucien,Skiles
klockoc144,Carmelita,Klocko
dickinsonj640,Junie,Dickinson
sawaynm603,Marla,Sawayn
pfefferb383,Bruno,Pfeffer
rolfsont847,Tyrell,Rolfson
gulgowskim762,Myrtie,Gulgowski
moores126,Shandra,Moore
corkeryd9,Denny,Corkery
legrosc501,China,Legros
langoshg17,Gonzalo,Langosh
nitzschem106,Martine,Nitzsche
marksr812,Ricky,Marks
kreigerp574,Pok,Kreiger
jacobsonl297,Luciana,Jacobson
haagl950,Lenna,Haag
lakinj246,Junior,Lakin
koelpinl418,Lesley,Koelpin
dooleys899,Sherly,Dooley
barrowsd659,Dorothy,Barrows
braunt508,Tommie,Braun
hillld787,Devon,Hilll
nienowa666,Arthur,Nienow
denesikw414,Weston,Denesik
borerg419,Glen,Borer
dubuquep865,Perry,DuBuque
baileyl503,Lashawnda,Bailey
beckerr374,Ramon,Becker
pacochab56,Brianne,Pacocha
lockmanh660,Hong,Lockman
lemkea698,Antwan,Lemke
bergstroml719,Lenora,Bergstrom
kohlerj300,Jordan,Kohler
monahand829,Darin,Monahan
parkerl784,Lakenya,Parker
wolfr166,Ramon,Wolf
aufderharg372,Grover,Aufderhar
donnellyl107,Lindy,Donnelly
rippink851,Kenny,Rippin
blickh933,Haywood,Blick
bernharde28,Elias,Bernhard
kleina173,Annamaria,Klein
reicheln108,Nilda,Reichel
schuppec194,Curt,Schuppe
bahringert748,Tommy,Bahringer
mccluret868,Thanh,McClure
barrowsk595,Kira,Barrows
deckowj358,Jules,Deckow
morark836,Kimiko,Morar
rohanj319,Jeneva,Rohan
emardd55,Davis,Emard
murphyc650,Ciara,Murphy
koeppf83,Freeman,Koepp
sawaynr635,Russel,Sawayn
stamml254,Linda,Stamm
gerlache614,Edie,Gerlach
mckenziej932,Jeffrey,McKenzie
parisianf253,Fran,Parisian
romagueram210,Miguel,Romaguera
shieldsr421,Russ,Shields
boyerl338,Lashandra,Boyer
bradtker580,Russell,Bradtke
denesikc862,Carl,Denesik
douglasj715,Jonah,Douglas
cummingsa727,Allen,Cummings
blickd682,Dylan,Blick
herzogl427,Lincoln,Herzog
markst695,Trey,Marks
gutkowskis480,Son,Gutkowski
hoppem507,Michal,Hoppe
browna124,Amado,Brown
keeblerf278,Frederick,Keebler
o'connerv597,Valentine,O'Conner
sporerd816,Drucilla,Sporer
rogahnk537,Kelle,Rogahn
beahanj79,Jessi,Beahan
schinnere595,Elmo,Schinner
gerlachs746,Shona,Gerlach
heaneyj68,Jamie,Heaney
rogahnj267,Joana,Rogahn
ebertc478,Concepcion,Ebert
blicks495,Santos,Blick
nolanh296,Hugo,Nolan
hodkiewiczd88,Dannie,Hodkiewicz
gibsonk364,Kindra,Gibson
littelm158,Marlys,Littel
wisozkc383,Celeste,Wisozk
schuppej513,Jadwiga,Schuppe
stantonc62,Celinda,Stanton
oberbrunners976,Season,Oberbrunner
powlowskif182,Francine,Powlowski
ritchieg635,Gudrun,Ritchie
schowalteri377,Irwin,Schowalter
corwinm784,Meaghan,Corwin
gottliebr812,Roseline,Gottlieb
langworths291,Santiago,Langworth
macejkovicc469,Claretta,Macejkovic
erdmane689,Evette,Erdman
parisianl969,Leopoldo,Parisian
batzs579,Shaunda,Batz
crooksy599,Yevette,Crooks
mohrd303,Darryl,Mohr
mcglynng711,Guillermina,McGlynn
boehmc778,Carlos,Boehm
lower720,Ron,Lowe
connellyr915,Rita,Connelly
denesiko545,Odis,Denesik
flatleyg96,Gabriel,Flatley
terryi55,Ignacio,Terry
cartwrightl487,Leta,Cartwright
connk526,Kerrie,Conn
willm29,Mac,Will
runolfssona695,Antonina,Runolfsson
douglasa963,Arnulfo,Douglas
kilbackc974,Chauncey,Kilback
streichl889,Lazaro,Streich
johnsona958,Antonio,Johnson
langk653,Karl,Lang
langworthe159,Emma,Langworth
rolfsona511,Alex,Rolfson
macgyverm860,Moon,MacGyver
johnsj249,Jess,Johns
lindm945,Maryrose,Lind
walkerd489,Danita,Walker
breitenbergh95,Harris,Breitenberg
wisokyc539,Cristobal,Wisoky
kozeys800,Saul,Kozey
bodem543,Malik,Bode
wittingj338,Joan,Witting
kautzerr526,Robbin,Kautzer
lefflerc81,Carmelo,Leffler
parisiank977,Kathy,Parisian
trantowl139,Leandro,Trantow
kemmert218,Thaddeus,Kemmer
ryana774,Amy,Ryan
reynoldsc870,Collin,Reynolds
greenfelderh807,Hee,Greenfelder
bahringerk776,Karey,Bahringer
thiell585,Lisette,Thiel
kovacekk759,Kip,Kovacek
rathr856,Ronnie,Rath
huelsc231,Coy,Huels
huele173,Eric,Huel
hackettd823,Demetrius,Hackett
rosenbaumh39,Haywood,Rosenbaum
cristo904,Ozzie,Crist
framin154,Nada,Frami
vonruedens59,Sherice,VonRueden
lebsackc76,Chastity,Lebsack
wymanl401,Lia,Wyman
o'konc379,Cesar,O'Kon
ratkeg809,Granville,Ratke
robell329,Lazaro,Robel
naderl581,Londa,Nader
hayesm328,Maris,Hayes
tremblayc723,Clara,Tremblay
dietriche402,Erica,Dietrich
nitzschek293,Karleen,Nitzsche
kautzerl22,Lance,Kautzer
denesikg941,Genesis,Denesik
williamsonc894,Cruz,Williamson
toyr618,Rey,Toy
haleym469,Mose,Haley
gulgowskit103,Thaddeus,Gulgowski
beckera976,Albina,Becker
macgyverb348,Bo,MacGyver
grahamj729,Jason,Graham
doyled211,Domenica,Doyle
wisokys54,Shawanda,Wisoky
cassing329,Gary,Cassin
deckowc643,Carmen,Deckow
labadiee31,Elina,Labadie
wuckertt824,Teressa,Wuckert
harveyr887,Refugio,Harvey
mantel839,Loma,Mante
swaniawskia508,Annalisa,Swaniawski
millso491,Owen,Mills
stantonh545,Han,Stanton
klockos383,Seema,Klocko
hansenc148,Clyde,Hansen
brownm745,Maura,Brown
hoegerj306,Joesph,Hoeger
millers441,Shenita,Miller
halvorsonl711,Lucas,Halvorson
robelw420,Windy,Robel
gerholdp589,Porfirio,Gerhold
hansenv788,Vina,Hansen
carrolls171,Sung,Carroll
kochj557,Jerrica,Koch
macgyverd917,Dorian,MacGyver
jacobia568,Anton,Jacobi
stantons908,Salina,Stanton
gottliebe385,Estelle,Gottlieb
batzt816,Tifany,Batz
johnsonc155,Chara,Johnson
kuphalv588,Val,Kuphal
mrazk365,Kesha,Mraz
kubn218,Natisha,Kub
champlinh652,Hugo,Champlin
brakush701,Han,Brakus
douglasj202,Johnnie,Douglas
parkerf69,Fabian,Parker
starkj380,Jolyn,Stark
gradyt539,Trinidad,Grady
millerm819,Molly,Miller
pacochaj732,Joe,Pacocha
langd559,Delmar,Lang
hirtheg215,Gricelda,Hirthe
hackettm735,Maricruz,Hackett
jastv267,Valda,Jast
gusikowskic595,Christopher,Gusikowski
turnerp55,Porter,Turner
pfefferk407,Kristal,Pfeffer
darea31,Arturo,Dare
macgyverl408,Lissette,MacGyver
townet797,Therese,Towne
willmsa939,Albert,Willms
o'reillyh212,Harley,O'Reilly
bartonj40,Jamey,Barton
swiftm48,Mauricio,Swift
oberbrunnere862,Ellsworth,Oberbrunner
lynchl433,Lenna,Lynch
sauert656,Terresa,Sauer
morare112,Erinn,Morar
dooleyb182,Booker,Dooley
kohlerm897,Mellissa,Kohler
carrollh841,Harley,Carroll
rosenbaumo748,Otha,Rosenbaum
huelsr190,Rex,Huels
wymanw388,Winter,Wyman
harveym570,Myrta,Harvey
blandah764,Herb,Blanda
watsicaj511,Jerry,Watsica
bauchj492,Jerrold,Bauch
klingm251,Max,Kling
hermanc446,Calvin,Herman
casperr772,Reynaldo,Casper
raynorl694,Leigh,Raynor
cummingsg807,Gerardo,Cummings
parisiane98,Eliza,Parisian
kuba557,Abel,Kub
beahanm948,Merle,Beahan
smithamj68,Julianna,Smitham
kuphalr423,Rex,Kuphal
armstrongo392,Oren,Armstrong
runtes964,Shirlene,Runte
windlerl325,Latisha,Windler
klockob569,Branden,Klocko
dietrichl957,Libby,Dietrich
halvorsone357,Estefana,Halvorson
dickit676,Thurman,Dicki
quitzond710,Deidra,Quitzon
leuschkec963,Chris,Leuschke
morissettes99,Susana,Morissette
sauere34,Edmond,Sauer
dibberts931,Shaunda,Dibbert
ondrickas119,Suzanne,Ondricka
coles660,Sammie,Cole
hodkiewiczd898,Dewayne,Hodkiewicz
beerw206,Wally,Beer
willmsc344,Cornelia,Willms
heathcotek465,Kecia,Heathcote
greene25,Erasmo,Green
larkinp256,Palmer,Larkin
carterp418,Petra,Carter
kunzek796,Katherin,Kunze
haleyl47,Lonny,Haley
toyc636,Chad,Toy
torpr971,Robt,Torp
robertsm713,Magan,Roberts
quitzonn181,Norbert,Quitzon
wintheisera564,Arthur,Wintheiser
blandaa264,Anderson,Blanda
blandap432,Petronila,Blanda
gerholdl337,Leda,Gerhold
mohrb7,Broderick,Mohr
cassink932,Kelley,Cassin
hamills863,Shonda,Hamill
hyattr391,Roscoe,Hyatt
larkinp728,Pinkie,Larkin
predovicc464,Charolette,Predovic
carrollc471,Caryl,Carroll
willmsm537,Maria,Willms
conroym967,Max,Conroy
o'keefet395,Theo,O'Keefe
wymanr937,Renaldo,Wyman
okuneval277,Ladonna,Okuneva
zulaufm531,Michel,Zulauf
quitzonl680,Louie,Quitzon
sporers973,Sade,Sporer
whitea700,Anissa,White
stoltenbergc387,Clelia,Stoltenberg
casperm240,Magda,Casper
gorczanyr433,Rachele,Gorczany
bernierv836,Versie,Bernier
sauerj614,Jarrett,Sauer
townee198,Etta,Towne
sauerp933,Patsy,Sauer
greenholto569,Oretha,Greenholt
kuhlmana861,Abram,Kuhlman
cormierw26,Walton,Cormier
keelings821,Santo,Keeling
treutelr657,Roselee,Treutel
ratkel218,Lemuel,Ratke
emardv269,Verda,Emard
cartwrighti203,Isis,Cartwright
morissettel690,Lona,Morissette
hanee536,Eliseo,Hane
schambergerw952,Wilson,Schamberger
tillmant446,Tyler,Tillman
cassine255,Edwardo,Cassin
mertzc296,Catrina,Mertz
boehml778,Laverne,Boehm
heaneyd748,Delbert,Heaney
gleichnerb728,Barton,Gleichner
lakins95,Sharee,Lakin
lueilwitzr696,Robin,Lueilwitz
westp787,Patrick,West
schmittt932,Twana,Schmitt
thompsonc722,Carlos,Thompson
hahnf77,Fletcher,Hahn
kuhlmann728,Nick,Kuhlman
greenfeldert299,Toya,Greenfelder
sauert187,Thaddeus,Sauer
hodkiewiczt787,Treasa,Hodkiewicz
mcculloughr490,Ramon,McCullough
bernhardm449,Mohamed,Bernhard
shanahanc384,Claudio,Shanahan
ondrickaa951,Adolph,Ondricka
tillmano89,Oren,Tillman
funkl12,Luciano,Funk
wolfk815,Keith,Wolf
bahringerf577,Fidel,Bahringer
krisr700,Roxann,Kris
pricel354,Lauren,Price
zemlaka254,Ava,Zemlak
shieldsb887,Barney,Shields
kuhnd575,Damien,Kuhn
halvorsons719,Shaina,Halvorson
wunschj504,Joseph,Wunsch
mayera917,Archie,Mayer
granth249,Hilda,Grant
bergeb729,Beau,Berge
runtee243,Emile,Runte
boscoe889,Emmett,Bosco
ernserh930,Hugo,Ernser
riceb407,Bernice,Rice
abshiref94,Fidel,Abshire
westa328,Asia,West
kutcht785,Thaddeus,Kutch
ondrickad643,Donnell,Ondricka
nolanr419,Retha,Nolan
gerholds455,Shelton,Gerhold
sanfordd449,Darrel,Sanford
hettingern179,Normand,Hettinger
kirling658,Galen,Kirlin
kuphalt8,Tifany,Kuphal
boyles906,Stan,Boyle
beahand928,Dede,Beahan
hudsony524,Yuki,Hudson
flatleyp622,Paz,Flatley
morarl620,Logan,Morar
gutkowskic782,Charles,Gutkowski
johnsn291,Norris,Johns
kreigerg747,Gertrudis,Kreiger
greenholta778,Armand,Greenholt
emmericht155,Timothy,Emmerich
ondrickas553,Shane,Ondricka
mayertc748,Cecil,Mayert
dibberts369,Scot,Dibbert
conroyk120,Kourtney,Conroy
durganm635,Marquita,Durgan
westl967,Leon,West
bechtelarl857,Lynelle,Bechtelar
keeblert661,Tonda,Keebler
zboncakv169,Veronica,Zboncak
mitchellk712,Kiesha,Mitchell
rathb777,Bonnie,Rath
pagacm338,Marcelo,Pagac
pollichk879,Katelynn,Pollich
fishern327,Noe,Fisher
pourosr722,Renaldo,Pouros
gaylordm487,Malisa,Gaylord
hilpertl453,Lindsey,Hilpert
barrowsd158,Daron,Barrows
stehrm453,Micah,Stehr
parkerc314,Connie,Parker
altenwertha856,Abraham,Altenwerth
feeneyk848,Kristy,Feeney
adamsn795,Niesha,Adams
mosciskie347,Ella,Mosciski
weimannt255,Tim,Weimann
farrella565,Alline,Farrell
lowel598,Lieselotte,Lowe
larkina256,Adriane,Larkin
bergea297,Albert,Berge
weimannc105,Chang,Weimann
emardd821,Dick,Emard
bechtelary141,Yuko,Bechtelar
blandaj462,Josef,Blanda
ankundingk88,Kieth,Ankunding
hillsj506,Juana,Hills
rueckerw577,Wilma,Ruecker
ratht17,Tam,Rath
greenholte537,Elena,Greenholt
blickb593,Basil,Blick
stokesp182,Polly,Stokes
pricem540,Monique,Price
padberge646,Edwina,Padberg
hahng199,Guadalupe,Hahn
gleasonc683,Chauncey,Gleason
schillerc441,Carol,Schiller
hauckg890,Gayle,Hauck
huelsp547,Patsy,Huels
kreigere234,Ellis,Kreiger
reynoldsi145,Isis,Reynolds
rodriguezl444,Lauren,Rodriguez
rutherfordl875,Luna,Rutherford
beeri85,Issac,Beer
goodwinf88,Florencia,Goodwin
collierd952,Dante,Collier
vont963,Takisha,Von
hellerm231,Marion,Heller
trantoww386,Willard,Trantow
rennere896,Edwina,Renner
schowalterg587,Garfield,Schowalter
stantonc226,Carita,Stanton
stehrc567,Coleen,Stehr
hauckp480,Percy,Hauck
simonisl133,Lewis,Simonis
kautzerc125,Christy,Kautzer
dareg884,George,Dare
millsc116,Cristobal,Mills
kochm579,Mickey,Koch
nienowt957,Tuan,Nienow
boscom9,Myrl,Bosco
okuneval710,Linette,Okuneva
greenfelderr441,Rowena,Greenfelder
monahanp727,Penni,Monahan
barrowsi921,Ismael,Barrows
kassulkel3,Lilly,Kassulke
hartmannj920,Johnathan,Hartmann
johnst272,Tobias,Johns
kihne744,Elmo,Kihn
handt77,Twanna,Hand
bartolettia815,Abdul,Bartoletti
carterd597,Doreatha,Carter
trantowd13,Domenic,Trantow
schneiderl448,Lamont,Schneider
kochs885,Simone,Koch
westd609,Dannie,West
kubj569,Jenni,Kub
bechtelarl568,Lily,Bechtelar
bogand867,Damion,Bogan
lednerm724,Marci,Ledner
kovacekc768,Carina,Kovacek
mckenziec806,Corina,McKenzie
macgyvere481,Emeline,MacGyver
hoegern840,Noel,Hoeger
doylev348,Valentine,Doyle
batza142,Ashli,Batz
greenholtm223,Maragaret,Greenholt
cormierc839,Christal,Cormier
kuhlmane126,Evelia,Kuhlman
abernathym556,Marilyn,Abernathy
hansenn387,Nicki,Hansen
lindb213,Burt,Lind
o'haraq757,Quintin,O'Hara
connj428,Jae,Conn
rohans632,Sylvester,Rohan
boyerl58,Lester,Boyer
borerp648,Pat,Borer
stokesc149,Cathey,Stokes
abshiret668,Temika,Abshire
naderb776,Benjamin,Nader
schinnerd714,Dusty,Schinner
mertzd108,Danilo,Mertz
colee944,Eloy,Cole
webere596,Elijah,Weber
dickia314,Annamarie,Dicki
robertss397,Solomon,Roberts
hartmannl526,Lon,Hartmann
gleasong964,Glennis,Gleason
connp824,Phillip,Conn
abbottj860,Jason,Abbott
shieldsk251,Keven,Shields
darec675,Coral,Dare
stehrs702,Sarai,Stehr
lebsackf547,Frederic,Lebsack
murazikz305,Zachary,Murazik
schaefera112,Annalee,Schaefer
huelsm835,Marquetta,Huels
nitzschee539,Eloise,Nitzsche
schimmela758,Arlen,Schimmel
kuvalisa139,Arthur,Kuvalis
haleyl94,Leigha,Haley
marvinc937,Carey,Marvin
schmitta536,Adam,Schmitt
sauerb116,Blaine,Sauer
hirthek973,Kellee,Hirthe
purdyn118,Norah,Purdy
gusikowskii67,Isadora,Gusikowski
maggiot182,Tuyet,Maggio
whitet663,Trey,White
paucekl387,Lacy,Paucek
waterse41,Emelina,Waters
pfefferc616,Clarence,Pfeffer
boyera559,Augusta,Boyer
crists696,Shanae,Crist
kohlerj965,Josef,Kohler
wintheisert889,Tommy,Wintheiser
gerlachc654,Christel,Gerlach
collinsc370,Corazon,Collins
faheyl664,Lanie,Fahey
daughertyj434,Jefferson,Daugherty
beierj79,Jody,Beier
quigleyb782,Branden,Quigley
lindgrenn235,Necole,Lindgren
brekkeh389,Huey,Brekke
lower329,Renato,Lowe
mantes871,Scotty,Mante
trantowf977,Fidela,Trantow
murazike438,Eldon,Murazik
gislasonm8,Minh,Gislason
russelm538,Marge,Russel
blockw948,Wes,Block
reynoldsh702,Harmony,Reynolds
auerc328,Charles,Auer
reynoldsl497,Lizzie,Reynolds
creming800,Gonzalo,Cremin
streichb59,Bebe,Streich
starkb185,Benito,Stark
schambergert308,Tonia,Schamberger
mosciskis191,Stevie,Mosciski
stammh788,Herschel,Stamm
baumbachl92,Louanne,Baumbach
mcdermotth167,Hermelinda,McDermott
bartello782,Olin,Bartell
kirlina764,Ambrose,Kirlin
hackettp894,Pedro,Hackett
legrosj719,Johnathon,Legros
naderd189,Denis,Nader
smithv403,Velvet,Smith
waterse730,Edward,Waters
borerk933,Kiesha,Borer
weissnate921,Ettie,Weissnat
harveyg854,Gaylene,Harvey
hayesm752,Magdalena,Hayes
waelchic394,Carlee,Waelchi
goldnerb372,Bette,Goldner
krisg589,George,Kris
carterl565,Lanette,Carter
hanes59,Shavon,Hane
jacobsd574,Deandre,Jacobs
denesikj23,Jon,Denesik
mohre686,Ezekiel,Mohr
heathcotec6,Connie,Heathcote
daughertyf394,Ferdinand,Daugherty
stoltenbergj439,Juliet,Stoltenberg
treutelb104,Bok,Treutel
bodek840,Kiyoko,Bode
kovacekk623,Kandi,Kovacek
hesselg834,Garrett,Hessel
rennerd705,Drusilla,Renner
schmittl916,Lance,Schmitt
parkerr351,Royce,Parker
halvorsonf401,Freddie,Halvorson
thiela600,Avery,Thiel
pourosc180,Cheyenne,Pouros
terryc441,Camie,Terry
cristz64,Zoraida,Crist
kilbacky702,Young,Kilback
tillmanr206,Rebecka,Tillman
skilesn344,Nia,Skiles
gradyb941,Blair,Grady
hoppek704,Kylee,Hoppe
hegmannl375,Larry,Hegmann
dibbertd676,Danelle,Dibbert
dickinsonv202,Virgina,Dickinson
torphyb554,Bethanie,Torphy
kuvalism150,Malvina,Kuvalis
haagt598,Toby,Haag
douglasj469,Jason,Douglas
hahnj416,Jesus,Hahn
kuhicl487,Lindsay,Kuhic
littlea706,Alva,Little
daniell692,Lesley,Daniel
pacochas193,Saul,Pacocha
hicklet920,Tony,Hickle
goodwinm909,Mac,Goodwin
mcdermottd179,Delsie,McDermott
brownc400,Clarine,Brown
runolfsdottire357,Eusebio,Runolfsdottir
dickense542,Erich,Dickens
rowev106,Von,Rowe
abbottm445,Miss,Abbott
kulasm571,Maris,Kulas
kuhnf433,Freeman,Kuhn
sawaynk476,Kathleen,Sawayn
carterj927,Josephina,Carter
mullere203,Eartha,Muller
hessell892,Landon,Hessel
morarr94,Russ,Morar
harbera242,April,Harber
bogisichk170,Keren,Bogisich
veumm209,Mel,Veum
parkerg900,Gema,Parker
murrayj81,Judi,Murray
nadern407,Nicky,Nader
hahnj678,Judson,Hahn
reillym292,Magdalena,Reilly
moenm105,Monroe,Moen
cartert359,Thanh,Carter
denesikb714,Benito,Denesik
hamillm472,Margaret,Hamill
beckerm217,Marylyn,Becker
collierm461,Mckenzie,Collier
haleys309,Shelby,Haley
howes362,Sherman,Howe
trantows55,Shawn,Trantow
cummingsa771,Arnoldo,Cummings
baileyh457,Hilaria,Bailey
marvine421,Elmer,Marvin
littelc686,Charlene,Littel
yundts718,Shelby,Yundt
ziemem873,Malik,Zieme
vonruedenw870,Wilbur,VonRueden
gutmannc826,Cari,Gutmann
medhurstl33,Luke,Medhurst
warda388,Allan,Ward
vonk497,Kendal,Von
krajciks820,Sandy,Krajcik
pollichj88,John,Pollich
gottliebs254,Shauna,Gottlieb
wiegandr71,Rubie,Wiegand
grahamv439,Vella,Graham
hayesd184,Dwana,Hayes
kubj478,Jarred,Kub
bechtelarl560,Lindsey,Bechtelar
schimmelh232,Harris,Schimmel
kassulkee705,Esteban,Kassulke
macgyvera436,Al,MacGyver
haucky884,Yuki,Hauck
osinskis249,Stacy,Osinski
hyatte875,Edwardo,Hyatt
champlinn93,Noreen,Champlin
gulgowskih212,Harriette,Gulgowski
hicklel818,Lyle,Hickle
marvinr474,Raisa,Marvin
jastv261,Vivian,Jast
kautzerf111,Francesco,Kautzer
willmsr40,Ricky,Willms
stiedemannv339,Victor,Stiedemann
haleym504,Madelene,Haley
reynoldsa605,Asa,Reynolds
abshires304,Steffanie,Abshire
nikolausr703,Rosalyn,Nikolaus
kerlukee593,Elina,Kerluke
carrolld979,Danyel,Carroll
millsj797,Jesusa,Mills
strosinr298,Rozella,Strosin
sauerm849,Mirtha,Sauer
mayertp414,Pedro,Mayert
veums792,Scottie,Veum
schmidts867,Sidney,Schmidt
balistrerih535,Hung,Balistreri
dares302,Shaunna,Dare
vonruedenm285,Maragret,VonRueden
aufderhard7,Damaris,Aufderhar
rosenbaumh791,Howard,Rosenbaum
turcotteb913,Bennett,Turcotte
howej345,Jonna,Howe
binsg16,Garrett,Bins
zulaufc593,Ciera,Zulauf
kassulkec495,Cleveland,Kassulke
joness402,Shani,Jones
mitchellm709,Marjorie,Mitchell
tillmand364,Deon,Tillman
luettgenr77,Remona,Luettgen
schadenc372,Camila,Schaden
kozeyg815,Gilma,Kozey
armstrongd794,Dexter,Armstrong
grantk905,Kasey,Grant
cremind950,Debbie,Cremin
bruene147,Earle,Bruen
luettgenf80,Floria,Luettgen
o'connelld590,Damon,O'Connell
yundtg461,Grace,Yundt
powlowskid98,Dagny,Powlowski
nicolasa803,Andrew,Nicolas
wymand939,Daniel,Wyman
koeppv538,Vivan,Koepp
huelsv791,Venetta,Huels
bergeb169,Brian,Berge
muraziks629,Sammy,Murazik
harberr861,Rena,Harber
jacobsond579,Dorathy,Jacobson
mcglynnf61,Felix,McGlynn
murphyd502,Doloris,Murphy
hellers559,Sherman,Heller
medhurstr808,Ricardo,Medhurst
jakubowskic58,Colton,Jakubowski
littelc149,Cathryn,Littel
reichertg799,Grady,Reichert
jaskolskic403,Carli,Jaskolski
lemkej344,Jon,Lemke
parisianj162,Justin,Parisian
wiegandg205,Glynda,Wiegand
schmidtp674,Paige,Schmidt
nolang779,Georgette,Nolan
bartellk546,Kevin,Bartell
lednerl25,Lesha,Ledner
hayesa822,Alexis,Hayes
marvinj18,Johnsie,Marvin
paucekk188,Kermit,Paucek
runolfssonk911,Krystyna,Runolfsson
abshirea226,Allegra,Abshire
corwins380,Shoshana,Corwin
langoshj244,Johnathan,Langosh
lubowitzs219,Shelton,Lubowitz
uptonj267,Jackson,Upton
faym63,Maxima,Fay
o'connero253,Otelia,O'Conner
jacobia426,Asa,Jacobi
kohlerp619,Pok,Kohler
bartona606,Alexis,Barton
donnellyw193,Wilfredo,Donnelly
mertzn44,Norah,Mertz
runolfssonk72,Kendall,Runolfsson
connm165,Marshall,Conn
kuphalh28,Hunter,Kuphal
ondrickae298,Elane,Ondricka
ortiza725,Angelia,Ortiz
ferrym296,Marget,Ferry
roobm687,Mauro,Roob
wisokys108,Sam,Wisoky
daughertyf297,Francoise,Daugherty
o'konp314,Pearlie,O'Kon
kuhlmanv720,Vanessa,Kuhlman
braunm725,Marketta,Braun
pacochaw186,Warren,Pacocha
macgyvera963,Antoine,MacGyver
weimannl344,Lewis,Weimann
welche204,Erich,Welch
heidenreichm39,Micah,Heidenreich
gaylordr405,Racheal,Gaylord
dibbertm490,Mazie,Dibbert
hilpertk669,Karla,Hilpert
ankundingm481,Madison,Ankunding
rathj299,Joelle,Rath
blickr262,Rolf,Blick
satterfieldm132,Mose,Satterfield
walshd419,Dwain,Walsh
jacobsh152,Hyman,Jacobs
borerj21,Jess,Borer
hintzb166,Bruno,Hintz
howelll243,Lizzie,Howell
torphys473,Sharonda,Torphy
yundts565,Sammie,Yundt
lemkeh446,Harry,Lemke
leuschkeo579,Otto,Leuschke
dooleym353,Margo,Dooley
kuhics469,Seema,Kuhic
kreigerr651,Rana,Kreiger
abernathye51,Ethan,Abernathy
raynord109,Delphia,Raynor
pacochak314,Kellee,Pacocha
jacobis879,Shaun,Jacobi
mclaughlink567,Kristen,McLaughlin
carterb22,Bradford,Carter
pollichi624,Isidra,Pollich
larkint778,Trinidad,Larkin
bahringerg205,Grisel,Bahringer
rutherfordn398,Nobuko,Rutherford
schultzg849,Gabriel,Schultz
botsfordj345,Jack,Botsford
heathcotev64,Virgina,Heathcote
veumd857,Devorah,Veum
dietricho97,Orlando,Dietrich
shieldsh950,Harriet,Shields
mullerd762,Desire,Muller
rueckerw363,Winston,Ruecker
donnellye455,Edmond,Donnelly
ankundingv520,Violet,Ankunding
mooreb106,Bertie,Moore
o'connelln235,Neil,O'Connell
ratkej842,Jasper,Ratke
vonruedenm386,Maxwell,VonRueden
jaskolskim615,Maire,Jaskolski
mosciskis308,Sam,Mosciski
torphye601,Eliza,Torphy
willj562,Jong,Will
hamillc186,Cherry,Hamill
deckoww263,Willian,Deckow
mcglynnr345,Rickey,McGlynn
mcclureh236,Helena,McClure
robertsr342,Rick,Roberts
ullrichj250,Jeanice,Ullrich
walterp519,Preston,Walter
cormierp458,Piper,Cormier
kutchc814,Cruz,Kutch
purdyl472,Lauryn,Purdy
keelingd601,Deadra,Keeling
hansenc469,Cyril,Hansen
d'amores737,Sergio,D'Amore
corwinh919,Helene,Corwin
fayv419,Vi,Fay
mohrj530,Jordan,Mohr
schadenx287,Xuan,Schaden
hermannm560,Miguel,Hermann
fadelv799,Vernon,Fadel
schulists469,Shenita,Schulist
kuphald580,Daina,Kuphal
gusikowskir352,Randy,Gusikowski
cruickshankj466,Joey,Cruickshank
schmidts492,Sade,Schmidt
jacobsona107,Adam,Jacobson
batzd583,Delinda,Batz
sawaynj172,Jere,Sawayn
lynchb704,Bert,Lynch
heaneyl789,Laverne,Heaney
adamsn600,Nelle,Adams
langd180,Deshawn,Lang
brownw311,Wiley,Brown
schinnerm606,Margery,Schinner
bechtelard456,Dominick,Bechtelar
keelings41,Sau,Keeling
farrellr927,Rickey,Farrell
tremblayv318,Verlene,Tremblay
jacobsonm802,Mitzi,Jacobson
manteg217,Gail,Mante
schneiderf660,Fran,Schneider
beerd921,Daina,Beer
o'connerh929,Herbert,O'Conner
bergnaumm171,Mercedez,Bergnaum
steuberj109,Judith,Steuber
lynchg373,Gregg,Lynch
yundtr827,Rich,Yundt
wardc959,Carey,Ward
quigleyh78,Heath,Quigley
swifth95,Hildegarde,Swift
harveyr621,Russ,Harvey
krisd914,Dayna,Kris
kertzmannr643,Rusty,Kertzmann
baumbachd86,Darius,Baumbach
kleinj502,Johnathan,Klein
gutmannd689,Dinorah,Gutmann
volkmanr612,Raphael,Volkman
lednert833,Tandra,Ledner
keeblerl403,Lionel,Keebler
jacobim715,Mahalia,Jacobi
raynors261,Stacey,Raynor
pricem863,Myra,Price
reynoldsc275,Cameron,Reynolds
beiero386,Ollie,Beier
wisokyr434,Rea,Wisoky
blockj448,Juanita,Block
hillst557,Tiesha,Hills
hesseld584,Danilo,Hessel
watersm515,Merlin,Waters
gottliebf971,Fletcher,Gottlieb
williamsont929,Terisa,Williamson
wymanl854,Luana,Wyman
schambergert793,Thurman,Schamberger
veumc801,Cari,Veum
schillers624,Saundra,Schiller
ferrys328,Solomon,Ferry
willmst328,Thomasena,Willms
leschg414,Guillermo,Lesch
ricej525,Jenise,Rice
bergstromd865,Darell,Bergstrom
pfannerstilla736,Alexandria,Pfannerstill
dickense682,Everette,Dickens
jaskolskia142,Amado,Jaskolski
goldnerd262,Doris,Goldner
jonesa691,Amee,Jones
zboncakc162,Coleman,Zboncak
spinkad802,Dominique,Spinka
hilpertk68,Kimi,Hilpert
simonish585,Harley,Simonis
boder235,Renay,Bode
thielm48,Mariko,Thiel
corwind773,Danyell,Corwin
lemkeg769,Gabriella,Lemke
lemkep28,Peggie,Lemke
hesseld162,Demetrius,Hessel
reillyd284,Doretha,Reilly
skilesj219,Josiah,Skiles
binsl404,Louie,Bins
grahamc680,Collin,Graham
braunc672,Carlo,Braun
klockof851,Fredric,Klocko
schuppeh421,Harris,Schuppe
carrollz164,Zenobia,Carroll
brekkea951,Antionette,Brekke
abernathya248,Armando,Abernathy
marksb25,Bud,Marks
weissnatr833,Rupert,Weissnat
westv900,Velvet,West
cassinj204,Jeffrey,Cassin
haleya450,Alejandro,Haley
connellye878,Edmund,Connelly
haagb383,Brendon,Haag
thielo269,Oliver,Thiel
wildermans237,Sammy,Wilderman
ratkeg223,Giuseppina,Ratke
macejkovich163,Horacio,Macejkovic
douglasi22,Irmgard,Douglas
torphyt579,Tommy,Torphy
gradyd647,Delphine,Grady
spencerj785,Jessie,Spencer
barrowse415,Eliza,Barrows
waterse265,Ezekiel,Waters
windleri938,Isreal,Windler
mayert26,Tobias,Mayer
harberd506,Divina,Harber
vonh639,Harlan,Von
casperf968,Fransisca,Casper
gibsonc627,Catarina,Gibson
jaskolskis412,Sal,Jaskolski
rippind455,Daphine,Rippin
effertzc896,Connie,Effertz
connellym76,Mimi,Connelly
blickb181,Bradly,Blick
tillmans921,Sonny,Tillman
haagk195,Kristopher,Haag
bernhardp734,Percy,Bernhard
cruickshankn816,Nathan,Cruickshank
jacobsj533,Jadwiga,Jacobs
effertzl781,Lorina,Effertz
stamml335,Lovetta,Stamm
pricej473,James,Price
hegmanng395,Galina,Hegmann
simonisi778,Ilene,Simonis
vandervorts217,Sarina,Vandervort
borerm538,Marget,Borer
turcotteg263,Gaston,Turcotte
aufderharr856,Ramonita,Aufderhar
cormierr627,Royal,Cormier
brakusm415,Mike,Brakus
ziemannm896,Moises,Ziemann
steuberf212,Florencia,Steuber
greenm871,Mica,Green
kozeyt739,Taisha,Kozey
rooba40,Alton,Roob
raynorc712,Clemente,Raynor
littlel968,Laurine,Little
lynchv189,Vinita,Lynch
sipesj595,Jacob,Sipes
bergee692,Ernest,Berge
balistrerie39,Edward,Balistreri
schupper631,Ricarda,Schuppe
hirthev415,Valentine,Hirthe
bradtked186,Deeanna,Bradtke
roobl737,Lanita,Roob
collinss936,Sherise,Collins
ornl402,Louis,Orn
o'keefed328,Donnie,O'Keefe
creminz817,Zelma,Cremin
kunzec884,Connie,Kunze
feestw585,Wilfredo,Feest
windlerc820,Curtis,Windler
kshlerinl235,Lavonia,Kshlerin
nienowl810,Loan,Nienow
kundet161,Teisha,Kunde
bashirianm10,Min,Bashirian
raynorb758,Billy,Raynor
macgyvere842,Elvera,MacGyver
gleichners504,Sammie,Gleichner
stoltenbergf18,Fidel,Stoltenberg
fadelk824,Kirby,Fadel
kreigerl236,Lilli,Kreiger
corwins379,Susan,Corwin
beahans253,Shon,Beahan
smiths825,Star,Smith
homenickt35,Tonda,Homenick
cormierd150,Darcey,Cormier
grahaml601,Lester,Graham
greenfelderb369,Bernie,Greenfelder
marksb113,Bernadette,Marks
gorczanym153,Markus,Gorczany
lubowitzj533,Jewell,Lubowitz
jacobiv408,Vincent,Jacobi
kozeyn673,Norbert,Kozey
raynord480,Darby,Raynor
hodkiewiczc310,Cecelia,Hodkiewicz
dubuquer124,Royce,DuBuque
schultzl357,Lakendra,Schultz
nitzschee848,Edith,Nitzsche
bashiriann530,Nga,Bashirian
koeppj839,Josie,Koepp
fadelc421,Carmen,Fadel
morissettem769,Marcelle,Morissette
gislasonh599,Hans,Gislason
blandat90,Tyrone,Blanda
o'kons573,Sparkle,O'Kon
bradtkel58,Len,Bradtke
moorea538,Avery,Moore
whitek761,Kristie,White
goldnerv597,Vito,Goldner
gerholdk279,Kum,Gerhold
doylee844,Eloy,Doyle
kochk575,Kazuko,Koch
laking560,Geneva,Lakin
wilkinsonr922,Rosalyn,Wilkinson
metzs614,Suzi,Metz
boscol142,Lourdes,Bosco
crooksa937,Ahmed,Crooks
hilllg18,Gaynell,Hilll
watersa914,Alisa,Waters
gleichnere257,Emilee,Gleichner
pacochal747,Leroy,Pacocha
oberbrunnerr380,Rosalva,Oberbrunner
leannoni424,Ignacio,Leannon
reingerr314,Rickie,Reinger
bergnaums142,Sal,Bergnaum
shieldsl246,Leslie,Shields
auers858,Sonja,Auer
pourosf553,Floyd,Pouros
dubuquen291,Noemi,DuBuque
murrayc57,Cary,Murray
kleinb127,Bernard,Klein
kuphald376,Doug,Kuphal
jacobsd583,Davis,Jacobs
hodkiewicza267,Austin,Hodkiewicz
reichelm217,Marion,Reichel
kilbackl678,Lilliana,Kilback
carterl146,Lucius,Carter
stammm613,Marcellus,Stamm
bogisichd349,Dick,Bogisich
durgano867,Odilia,Durgan
lehnert552,Talitha,Lehner
naderg47,German,Nader
rueckerw126,Wilmer,Ruecker
rippins354,Seymour,Rippin
hayesa738,Avelina,Hayes
lueilwitzd824,Damon,Lueilwitz
hackettk701,Kris,Hackett
kemmerb215,Bonny,Kemmer
kassulkes221,Stefan,Kassulke
westa612,Almeta,West
dachm900,Modesto,Dach
satterfieldl639,Linn,Satterfield
moenc766,Candy,Moen
stammq110,Quiana,Stamm
champlini173,Irwin,Champlin
dooleyl876,Leonardo,Dooley
howet191,Thomasina,Howe
pourosa778,Alissa,Pouros
baileym68,Marcelo,Bailey
mitchellp141,Perry,Mitchell
wintheiserk702,Kimi,Wintheiser
vonr477,Rhona,Von
kohlere463,Elroy,Kohler
heaneyk561,Kurt,Heaney
stromanr727,Robby,Stroman
kirlinp33,Pedro,Kirlin
morissettea769,Al,Morissette
simonisb831,Beau,Simonis
koeppj91,Jackson,Koepp
goodwina10,Angel,Goodwin
shieldsd712,Dorian,Shields
botsfordg507,Granville,Botsford
wittingl706,Lester,Witting
wests190,Scott,West
o'kona941,Albertina,O'Kon
considiney142,Young,Considine
kirlinc181,Chris,Kirlin
pouross319,Soo,Pouros
wilkinsonf142,Fermin,Wilkinson
douglasa339,Andera,Douglas
mosciskim780,Minh,Mosciski
whitel54,Lindsey,White
dibbertw551,Wally,Dibbert
cummeratae588,Ed,Cummerata
koelpine923,Eugene,Koelpin
funkm130,Mandy,Funk
hilpertm51,Madelaine,Hilpert
andersond136,Deanna,Anderson
pfannerstillw811,Walker,Pfannerstill
lockmanr513,Rickie,Lockman
wiegandl474,Leila,Wiegand
sporern271,Naida,Sporer
kulask358,Kandace,Kulas
prosaccoc346,Clifton,Prosacco
mannj623,Janay,Mann
schummm619,Mickey,Schumm
carrolla146,Alvin,Carroll
mcdermottd221,Darnell,McDermott
nienowk965,Kaye,Nienow
goyetted253,Darius,Goyette
litteld847,Dayna,Littel
breitenbergt208,Terrell,Breitenberg
davism84,Mel,Davis
rolfsono189,Olen,Rolfson
krisn7,Nieves,Kris
mantef518,Frances,Mante
mohrn131,Nidia,Mohr
keeblera602,Andreas,Keebler
mrazs338,Susann,Mraz
kiehnf312,Felicidad,Kiehn
harberj315,Johnsie,Harber
howelll775,Lavern,Howell
rowel15,Luis,Rowe
jaskolskim543,Melony,Jaskolski
krajcikb851,Bryce,Krajcik
mclaughlinp742,Pablo,McLaughlin
skilesj653,Jeniffer,Skiles
gorczanyo285,Ofelia,Gorczany
orng645,Greg,Orn
schimmelb779,Basilia,Schimmel
reicherth254,Hilario,Reichert
beattyc344,Chanelle,Beatty
greenholtn481,Nanette,Greenholt
olsonf258,Felton,Olson
jaskolskis786,Sudie,Jaskolski
lindgrenc157,Casey,Lindgren
hoppee629,Errol,Hoppe
watsicar223,Rachel,Watsica
robertsk919,Kaylee,Roberts
kuhlmang246,Gino,Kuhlman
wunschd860,Danna,Wunsch
baumbachm354,Marilu,Baumbach
ebertb292,Buck,Ebert
connellyt287,Terrance,Connelly
ankundingf541,Fredric,Ankunding
gutmannk155,Ken,Gutmann
o'konf438,Francie,O'Kon
flatleyc673,Cecil,Flatley
torphyh61,Heike,Torphy
nienowb770,Bud,Nienow
nikolausd480,Dalton,Nikolaus
volkmana290,Aldo,Volkman
trompj378,Jeff,Tromp
erdmanj48,Josh,Erdman
raynorv294,Valarie,Raynor
rutherfords750,Steven,Rutherford
orne310,Evelyne,Orn
sengers589,Stewart,Senger
bartellg875,Glen,Bartell
johnsr453,Robert,Johns
pacochap779,Pearline,Pacocha
emardi373,Ira,Emard
stammd281,Dominique,Stamm
ricer16,Ryan,Rice
konopelskin370,Nita,Konopelski
coleb871,Blaine,Cole
heidenreichd795,Darron,Heidenreich
weissnatj4,Johnette,Weissnat
metzb271,Bari,Metz
mullerl665,Lloyd,Muller
wardl114,Leslie,Ward
dubuquei231,Isaura,DuBuque
kleinj678,Justin,Klein
blandai747,Ilana,Blanda
feestd937,Donte,Feest
shieldsh54,Hailey,Shields
rueckera802,Andrea,Ruecker
durgane249,Erich,Durgan
stammg948,Genaro,Stamm
barrowsj250,Javier,Barrows
gislasonr480,Rick,Gislason
olsond462,Douglass,Olson
botsfordj588,Jenny,Botsford
bayerd779,Debbi,Bayer
schmittk5,Kelsie,Schmitt
croninv558,Vincenzo,Cronin
lemkek702,Keven,Lemke
rueckers226,Sammie,Ruecker
tremblayc943,Celia,Tremblay
rogahnm887,Marielle,Rogahn
leannonr952,Robin,Leannon
gulgowskis290,Selena,Gulgowski
kautzerd337,Delmer,Kautzer
weimannl484,Loida,Weimann
goyettee828,Ellan,Goyette
sporerh265,Hermelinda,Sporer
robertsd372,Diego,Roberts
conns373,Sang,Conn
brownt831,Tiffani,Brown
wisokyg355,Guillermo,Wisoky
weimannc888,Clelia,Weimann
gislasond847,Dorothea,Gislason
robertsm854,Marcelino,Roberts
millers803,Scarlett,Miller
kiehns112,Scott,Kiehn
champlinr778,Rhett,Champlin
brownn539,Nicky,Brown
rodriguezc733,Colby,Rodriguez
mcclurei291,Ivey,McClure
reingera734,Aurelio,Reinger
stracked142,Dia,Stracke
lefflera646,Ariel,Leffler
bernierl89,Lorean,Bernier
baileyo782,Oliver,Bailey
christiansenc861,Chery,Christiansen
bartolettir619,Randell,Bartoletti
lindgrenw553,Wai,Lindgren
rosenbaumt449,Thanh,Rosenbaum
christiansene349,Edgar,Christiansen
stehra133,Alyson,Stehr
bergel768,Lance,Berge
zulaufb714,Burton,Zulauf
hermannl357,Lindsey,Hermann
douglasm481,Margareta,Douglas
kingd505,Dee,King
brauns564,Stanton,Braun
harberc640,Colby,Harber
okunevah980,Hollis,Okuneva
kiehnr410,Reuben,Kiehn
daree802,Elvin,Dare
hilllm916,Mae,Hilll
gerlachk262,Kazuko,Gerlach
spencerr297,Roberto,Spencer
schowalterm417,Micheal,Schowalter
gorczanyj858,Jonah,Gorczany
wintheisera608,Adele,Wintheiser
keelingt784,Tama,Keeling
hamillj268,Jamaal,Hamill
breitenbergc105,Camie,Breitenberg
wildermanm87,Marchelle,Wilderman
hermistond208,Domitila,Hermiston
dietrichd252,Dario,Dietrich
emardc889,Cory,Emard
keelingl815,Lashawna,Keeling
wehnerm154,Monika,Wehner
wilkinsonh902,Hanh,Wilkinson
spinkae692,Elza,Spinka
nitzschea710,Alvaro,Nitzsche
schillert810,Tyron,Schiller
hoegerw752,Weldon,Hoeger
thielc664,Carolina,Thiel
ratht377,Tillie,Rath
larkino330,Owen,Larkin
legrosj681,Jesse,Legros
wittings651,Sharen,Witting
zboncaka22,Aleen,Zboncak
wilkinsonk115,Kathline,Wilkinson
glovers770,Stephany,Glover
gislasonb784,Betsy,Gislason
lubowitze600,Earnest,Lubowitz
vonr820,Rosanne,Von
whitec235,Cami,White
vonruedenc856,Carlo,VonRueden
bashirianq494,Quinton,Bashirian
halvorsonn653,Nicholas,Halvorson
tremblayh919,Hortensia,Tremblay
swiftr609,Rene,Swift
wildermand528,Delbert,Wilderman
cronaj462,Jeramy,Crona
heidenreichs336,Sheron,Heidenreich
bernhards188,Susy,Bernhard
prohaskam484,Myesha,Prohaska
yostj123,Jamaal,Yost
ratked560,Dominica,Ratke
kube592,Eve,Kub
torphyt953,Tennille,Torphy
kingc972,Carl,King
conroyl317,Lorene,Conroy
cartwrightg146,Gino,Cartwright
colee449,Ethan,Cole
o'konf308,Filiberto,O'Kon
bogand332,Debbi,Bogan
ritchieg902,Gaye,Ritchie
raynorl394,Lucien,Raynor
bernierl506,Lauralee,Bernier
hagenesa256,Adan,Hagenes
jenkinsd647,Duane,Jenkins
uptoni874,Isaiah,Upton
morarb487,Bettie,Morar
quigleyc872,Criselda,Quigley
jerdeq936,Quentin,Jerde
danielt457,Theodore,Daniel
jastm6,Margret,Jast
stiedemannl152,Linda,Stiedemann
gislasons201,Shandra,Gislason
langoshe572,Elias,Langosh
wintheiserr209,Rolando,Wintheiser
schneiderj580,Jan,Schneider
connd787,Dee,Conn
jacobir35,Ray,Jacobi
crooksp893,Prince,Crooks
runolfsdottirt532,Tonie,Runolfsdottir
labadief950,Forest,Labadie
wuckerte313,Eldridge,Wuckert
keeblerk477,Kris,Keebler
pfefferr263,Reda,Pfeffer
spencere330,Evie,Spencer
hudsonr788,Rayford,Hudson
ebertl435,Lourie,Ebert
conroyt94,Timmy,Conroy
gorczanyv646,Von,Gorczany
keeblerj388,Jaimee,Keebler
murphyv753,Virgilio,Murphy
murazikr172,Rubin,Murazik
schustere32,Erma,Schuster
wilkinsond371,Denis,Wilkinson
corkerya398,Antonetta,Corkery
roobn229,Nathalie,Roob
hyattr927,Reinaldo,Hyatt
cummerataa283,Alton,Cummerata
schusterb61,Bea,Schuster
keeblerj367,Joseph,Keebler
abshired555,Deangelo,Abshire
schaeferg37,Guadalupe,Schaefer
lowes958,Santana,Lowe
legrosa403,Alejandro,Legros
wolffw489,Willy,Wolff
howellr326,Rodger,Howell
hamillm284,Mauro,Hamill
pourosj570,Jamison,Pouros
weissnatc199,Chauncey,Weissnat
greenfelderm333,Maynard,Greenfelder
weberk563,Kimberley,Weber
wizaj251,Jewell,Wiza
blickk758,Krysta,Blick
shanahani761,Ivana,Shanahan
morarn873,Nathanael,Morar
kirlina77,Andres,Kirlin
schambergerd643,Dorian,Schamberger
kihnc881,Collin,Kihn
rempelb794,Barbara,Rempel
volkmanl261,Leigh,Volkman
dickensj741,Julietta,Dickens
klingm844,Maragret,Kling
schoenf53,Fidelia,Schoen
gutkowskip879,Pasquale,Gutkowski
mclaughlina684,Alleen,McLaughlin
hyattf362,Franklin,Hyatt
predovics626,Sherilyn,Predovic
hahnl210,Lynn,Hahn
lemkeg478,Giovanni,Lemke
bartolettib616,Basil,Bartoletti
haagr935,Russell,Haag
gorczanyd490,Damaris,Gorczany
stromanc26,Carl,Stroman
darel777,Leandro,Dare
gulgowskib619,Bao,Gulgowski
herzogy271,Ying,Herzog
mantea448,Aisha,Mante
barrowsl251,Lane,Barrows
moenm819,Marisha,Moen
deckowb692,Brigid,Deckow
treuteld575,Dion,Treutel
boscom931,Marty,Bosco
leannone411,Edmund,Leannon
heidenreichj52,Jerald,Heidenreich
smithami275,Inge,Smitham
bartella577,Antony,Bartell
hartmannc245,Cedric,Hartmann
kunzey784,Yvonne,Kunze
bashiriane131,Everett,Bashirian
macgyverw313,Wilfred,MacGyver
dooleyo787,Orlando,Dooley
o'connellb248,Bruce,O'Connell
murazikm495,Mickey,Murazik
champlind279,Danika,Champlin
swiftl679,Lillia,Swift
metzz29,Zoila,Metz
wymanc970,Carlene,Wyman
kuhlmanc231,Cornelius,Kuhlman
bernierl416,Linwood,Bernier
robelc190,Carey,Robel
wolffl208,Lyman,Wolff
rathj285,James,Rath
mertzk580,Kayleigh,Mertz
cummingsm779,Micheal,Cummings
boscog613,Garrett,Bosco
shanahana829,Asa,Shanahan
schoenk181,Karoline,Schoen
labadiee311,Earle,Labadie
hansenc628,Coretta,Hansen
o'kont890,Torri,O'Kon
rodriguezd383,Dexter,Rodriguez
kuvalisl478,Luigi,Kuvalis
blickk759,Kendall,Blick
cassind533,Darin,Cassin
jacobsonj667,Jose,Jacobson
strosine632,Ermelinda,Strosin
monahanc146,Chanell,Monahan
cremina457,Ashley,Cremin
zulaufl863,Leslee,Zulauf
effertzc816,Chase,Effertz
stoltenberga708,Albertine,Stoltenberg
sawaynm153,Meghann,Sawayn
hamillc39,Corrie,Hamill
harbers719,Sherryl,Harber
d'amorer467,Roberto,D'Amore
aufderharl91,Laine,Aufderhar
reynoldsb353,Buford,Reynolds
ebertf497,Faustino,Ebert
runolfsdottirk172,Keitha,Runolfsdottir
ritchiee745,Erin,Ritchie
faheyj903,Jerrica,Fahey
rodriguezl665,Leigha,Rodriguez
kundea686,Abe,Kunde
cummingsr838,Ronny,Cummings
pacochar835,Rolando,Pacocha
vandervortk34,Keith,Vandervort
blickh269,Hermine,Blick
ferrym192,Merle,Ferry
thielc7,Carolann,Thiel
bednarm821,Melanie,Bednar
dibbertb642,Beaulah,Dibbert
stoltenbergv845,Veda,Stoltenberg
paucekc538,Criselda,Paucek
steubere399,Elida,Steuber
sanfords212,Sage,Sanford
jenkinsj263,Johnnie,Jenkins
robelt18,Tobias,Robel
boscoc279,Chauncey,Bosco
beckerl646,Lenora,Becker
pourosk381,Kymberly,Pouros
swiftj119,Jacinto,Swift
douglasa767,Ariel,Douglas
mayerte592,Erick,Mayert
bashirianl83,Luciano,Bashirian
parkers660,Steven,Parker
leuschked75,Donnell,Leuschke
stokesw915,Waldo,Stokes
gleasonh290,Hyman,Gleason
fritschm971,Myles,Fritsch
schmidtm669,Marcie,Schmidt
aufderharb336,Bud,Aufderhar
torphym860,Magali,Torphy
littele970,Eufemia,Littel
kingl514,Lupe,King
macgyverj449,Jolene,MacGyver
blicka263,Amado,Blick
bergstroma655,Alden,Bergstrom
mcculloughd245,Desiree,McCullough
collinsr454,Robert,Collins
dubuquee711,Eladia,DuBuque
hickled65,Dortha,Hickle
berged77,Dante,Berge
turcottea68,Alayna,Turcotte
stromanc955,Clinton,Stroman
kerlukei484,Ivelisse,Kerluke
schultzh800,Hershel,Schultz
veumt41,Ted,Veum
steubera403,Angelo,Steuber
huelsa710,Asa,Huels
gutmannf735,Fairy,Gutmann
stokesw451,Walter,Stokes
feilm300,Merna,Feil
ritchiew562,Wilbert,Ritchie
greenfeldern826,Nathaniel,Greenfelder
williamsonb656,Britt,Williamson
kunzer7,Rochel,Kunze
stehrk155,Kendra,Stehr
metzj949,Josef,Metz
gutkowskil534,Luciano,Gutkowski
millso674,Oscar,Mills
krajcikk373,Kerstin,Krajcik
volkmans790,Sammie,Volkman
vandervortc707,Chelsey,Vandervort
stammh52,Harry,Stamm
parisianl963,Leif,Parisian
erdmank957,Keri,Erdman
muellerk137,Kemberly,Mueller
hillsj288,Juli,Hills
carters652,Sam,Carter
bartond141,Derick,Barton
macgyvera150,Aron,MacGyver
ziemer395,Rusty,Zieme
sporerl76,Luetta,Sporer
smithaml292,Latashia,Smitham
keeblern125,Noe,Keebler
blandan484,Neil,Blanda
pfefferp343,Percy,Pfeffer
millsb315,Brooks,Mills
gaylordl706,Lee,Gaylord
handv813,Vicky,Hand
kilbackg283,Gabriel,Kilback
monahanj157,Jan,Monahan
swaniawskij200,Jennifer,Swaniawski
kshlerinb72,Brooke,Kshlerin
olsonr821,Rolando,Olson
wolffm597,Marcie,Wolff
greenfelderm506,Mario,Greenfelder
hyattd378,Dewayne,Hyatt
o'reillyo833,Orval,O'Reilly
bayera759,Annice,Bayer
botsfordl245,Lazaro,Botsford
funkm431,Micah,Funk
yostj851,Joe,Yost
schmittt670,Timothy,Schmitt
dooleyy314,Young,Dooley
volkmanc540,Connie,Volkman
tremblayl393,Lenna,Tremblay
lockmanr846,Roseanna,Lockman
lakinj359,Joanie,Lakin
jacobst56,Teresita,Jacobs
o'kong55,Gonzalo,O'Kon
jacobsont456,Tessa,Jacobson
nitzscher775,Richie,Nitzsche
trompm944,Maxima,Tromp
treutelj939,Jake,Treutel
rodriguezc486,Chong,Rodriguez
wilkinsont681,Tennie,Wilkinson
hammesi539,Ingeborg,Hammes
legrose51,Emmett,Legros
wildermana844,Aldo,Wilderman
naderm308,Mechelle,Nader
mcglynnc458,Carie,McGlynn
reichell828,Lena,Reichel
watsicac376,Catrice,Watsica
dickinsond803,Daisey,Dickinson
hermannl286,Logan,Hermann
marquardtr619,Rory,Marquardt
kilbackh640,Harland,Kilback
gorczanyb897,Brianne,Gorczany
luettgenl718,Leif,Luettgen
klockoo904,Olen,Klocko
hickley95,Yasmin,Hickle
mayertt584,Troy,Mayert
gutkowskia789,Amos,Gutkowski
schultzk471,Kristofer,Schultz
schuppea741,Andrea,Schuppe
koelpinj42,Jewell,Koelpin
langoshc883,Candace,Langosh
dickensh866,Heidi,Dickens
kirlinb144,Bernard,Kirlin
bruenv714,Valrie,Bruen
gottliebe183,Eunice,Gottlieb
fisherj847,Jed,Fisher
veumk621,Karl,Veum
kuhlmank735,Kizzy,Kuhlman
sengerm589,Monroe,Senger
o'konb676,Bob,O'Kon
toye354,Enrique,Toy
nitzschee215,Erick,Nitzsche
brekkea568,Alvaro,Brekke
mayertc67,Cheryl,Mayert
langl723,Leilani,Lang
volkmant960,Thomas,Volkman
bergnaumr539,Roman,Bergnaum
yundte895,Ehtel,Yundt
effertzt340,Truman,Effertz
pfannerstille472,Elana,Pfannerstill
o'connerp711,Pamela,O'Conner
shanahanh738,Hailey,Shanahan
champlind18,Diego,Champlin
strackej262,Jalisa,Stracke
zboncakj392,Jacquiline,Zboncak
torpk713,Kiyoko,Torp
mitchelll947,Luann,Mitchell
reichertl951,Lucilla,Reichert
hermann303,Noella,Herman
parkera290,Ashley,Parker
hickles903,Sheri,Hickle
strackea482,August,Stracke
hanea804,Albert,Hane
schmelerg282,Geraldo,Schmeler
batzb73,Bradly,Batz
stantonj848,Jermaine,Stanton
manteb884,Benny,Mante
kreigerp200,Porter,Kreiger
kreigerw576,Whitney,Kreiger
baileyk172,Kelly,Bailey
hettingerf333,Freddy,Hettinger
daughertya153,Aaron,Daugherty
kundey747,Young,Kunde
kohlerc835,Casey,Kohler
abernathym930,Monserrate,Abernathy
boscoa13,Annabelle,Bosco
kleinl90,Lynn,Klein
swiftg297,Glenn,Swift
padbergr894,Rudy,Padberg
veumd815,Dirk,Veum
barrowsj290,Jay,Barrows
flatleym653,Magen,Flatley
doylej728,Jame,Doyle
christiansenj90,Jeremy,Christiansen
blocke286,Elvis,Block
wiegandj417,Jamel,Wiegand
wittingn877,Ned,Witting
weimannp636,Pauletta,Weimann
binsg937,Gladys,Bins
weberv494,Vannessa,Weber
gislasona600,Alycia,Gislason
wisozkd509,Darcy,Wisozk
reingers558,Shannon,Reinger
mrazf232,Fausto,Mraz
breitenbergc227,Cortez,Breitenberg
kunzed7,Devin,Kunze
effertza936,Abdul,Effertz
bahringery647,Yong,Bahringer
pauceka408,Angelika,Paucek
hoppes143,Sterling,Hoppe
fisherj377,Jamison,Fisher
wunschc73,Cleveland,Wunsch
russele804,Eleonora,Russel
hesseli853,Inga,Hessel
welchb465,Brittanie,Welch
haleyv554,Velvet,Haley
prohaskac37,Cory,Prohaska
weissnata546,Alyce,Weissnat
wolfk329,Katy,Wolf
prohaskah692,Horace,Prohaska
webers154,Selena,Weber
wuckertc103,Cristin,Wuckert
joness505,Sondra,Jones
armstrongt372,Terry,Armstrong
bodel388,Lolita,Bode
wizat892,Theresa,Wiza
hagenest768,Troy,Hagenes
satterfieldc195,Craig,Satterfield
streicho64,Olin,Streich
quitzonf379,Felipe,Quitzon
marquardtj332,Jerrod,Marquardt
purdyb71,Brice,Purdy
mcclures953,Saul,McClure
kulasc564,Cori,Kulas
abernathyo733,Odell,Abernathy
heaneya154,Allen,Heaney
spinkac548,Cecil,Spinka
hansenj421,Jettie,Hansen
kemmerd303,Doug,Kemmer
dibbertt920,Tomasa,Dibbert
runolfssonp616,Portia,Runolfsson
aufderhart29,Tristan,Aufderhar
vonruedenc852,Christian,VonRueden
romaguerac460,Carroll,Romaguera
shieldsc889,Candy,Shields
brakush297,Humberto,Brakus
hyattf767,Florentino,Hyatt
kerluked928,Dawne,Kerluke
lowel139,Lavern,Lowe
dooleyt69,Tammara,Dooley
rosenbaumr892,Rico,Rosenbaum
o'keefem599,Marilyn,O'Keefe
buckridgeh20,Harrison,Buckridge
nikolausw694,Windy,Nikolaus
rowej843,Justina,Rowe
coles731,Shea,Cole
kuhlmanh310,Humberto,Kuhlman
hicklep586,Patrica,Hickle
stehrs869,Shaquana,Stehr
koelpine724,Elvin,Koelpin
uptont165,Temika,Upton
moens826,Sheena,Moen
beiert91,Trey,Beier
klockor540,Rashad,Klocko
schmelerl217,Lyle,Schmeler
buckridgev430,Verena,Buckridge
koelpinr383,Romana,Koelpin
hyatts273,Stanley,Hyatt
mcdermotta369,Archie,McDermott
barrowsd466,Dillon,Barrows
farrelll305,Lee,Farrell
larsonw918,Warren,Larson
reynoldst20,Teofila,Reynolds
luettgenw894,Wilton,Luettgen
morissettea859,Alvina,Morissette
pollichl597,Leif,Pollich
howelle875,Emile,Howell
bauchj522,Josefine,Bauch
medhurstg235,Gregg,Medhurst
starka212,Aja,Stark
muelleri524,Irina,Mueller
rennerl224,Leonel,Renner
vandervorts743,Shawn,Vandervort
greenholtk477,Kathryn,Greenholt
fadelj609,Jeanene,Fadel
johnsony692,Yun,Johnson
kuphalb930,Bruce,Kuphal
cummeratao640,Odette,Cummerata
smithw378,Wallace,Smith
dickinsonl637,Laraine,Dickinson
klockom318,Margherita,Klocko
schaeferg202,Giselle,Schaefer
jastr716,Rudolph,Jast
howellm378,Marcel,Howell
mertzj166,Janay,Mertz
reynoldsc524,Curt,Reynolds
johnsc962,Chang,Johns
steuberc311,Clarisa,Steuber
parkerl475,Lynne,Parker
labadien40,Napoleon,Labadie
nitzscheg692,Gwen,Nitzsche
kemmerj540,Jamika,Kemmer
sengerc184,Clemente,Senger
kubl738,Lahoma,Kub
spencerk488,Kylee,Spencer
yundts148,Shiela,Yundt
reynoldsf181,Fae,Reynolds
feila836,Amira,Feil
bernharda612,Abram,Bernhard
leannonb570,Bethanie,Leannon
fayo631,Orville,Fay
sauert115,Tiffiny,Sauer
nolanb283,Burt,Nolan
bodea481,Arron,Bode
labadiea652,Abel,Labadie
deckowd835,Dan,Deckow
abshires287,Sparkle,Abshire
kunzek900,Kori,Kunze
carrollc446,Chrissy,Carroll
westc444,Clifton,West
stromanj862,Jake,Stroman
vonf478,France,Von
spencerr222,Robin,Spencer
thielb949,Bill,Thiel
lefflera73,Alene,Leffler
turcotted266,Denisha,Turcotte
o'keefes30,Starla,O'Keefe
linde844,Emory,Lind
mcglynnh747,Harold,McGlynn
bahringerc790,Concepcion,Bahringer
beahanc696,Carry,Beahan
herzogh629,Harrison,Herzog
rohank723,Katharyn,Rohan
stromanj597,Jenise,Stroman
ziemannp82,Phyllis,Ziemann
lefflera781,Armandina,Leffler
langt28,Thora,Lang
spinkal548,Lupe,Spinka
stokesc625,Crissy,Stokes
beattyt739,Ta,Beatty
hintza656,Akilah,Hintz
strosing291,Garnet,Strosin
hoegerb406,Blossom,Hoeger
bahringerd208,Dorian,Bahringer
hermans515,Seymour,Herman
daret625,Toni,Dare
lubowitzd389,Don,Lubowitz
thompsono153,Otis,Thompson
boyerj754,Jessie,Boyer
cassinc586,Cordell,Cassin
boscol658,Long,Bosco
gusikowskir703,Roma,Gusikowski
connp117,Philip,Conn
terryk770,Kip,Terry
rodrigueza288,Arletha,Rodriguez
glovers951,Shakia,Glover
kubk457,Kermit,Kub
wehnerv605,Vivienne,Wehner
quitzonf157,Fidel,Quitzon
boscow149,Walker,Bosco
kerlukep218,Percy,Kerluke
denesikd374,Danuta,Denesik
willmsm422,Marivel,Willms
feeneym736,Moises,Feeney
jasta947,Almeta,Jast
hirthee805,Elden,Hirthe
watersi42,Isabella,Waters
mcdermottc880,Chu,McDermott
raus455,Simon,Rau
bayerb484,Barb,Bayer
greenr650,Reynaldo,Green
marquardtw126,Winfred,Marquardt
sanfordm841,Marissa,Sanford
boehmh816,Helen,Boehm
wardj384,Jesenia,Ward
murphyw657,Willie,Murphy
heidenreichk897,Keenan,Heidenreich
pourosn839,Nolan,Pouros
waelchit133,Terrell,Waelchi
brakusj582,Johanne,Brakus
kulasw918,Wally,Kulas
parisiand148,Darren,Parisian
waelchim240,Modesto,Waelchi
raynort739,Ty,Raynor
mullerc659,Corrina,Muller
sengerc453,Craig,Senger
weissnatb639,Bernardo,Weissnat
kutchd919,Debby,Kutch
schadenb506,Buford,Schaden
grimesd467,Delicia,Grimes
blandae439,Eilene,Blanda
trompz612,Zetta,Tromp
gottliebr92,Roosevelt,Gottlieb
townek494,Kandace,Towne
stantonc45,Cassandra,Stanton
bauchi19,Issac,Bauch
mayertk455,Kelly,Mayert
cartwrightl94,Len,Cartwright
monahana445,Anthony,Monahan
rohans940,Stan,Rohan
schimmela505,Anton,Schimmel
torphyd453,Douglas,Torphy
mcglynnc677,Carey,McGlynn
labadieb154,Barbra,Labadie
baileya101,Arminda,Bailey
schinnerp744,Philip,Schinner
altenwerthw161,Wilber,Altenwerth
kreigerg7,Gay,Kreiger
treutelr599,Rayford,Treutel
jacobsa530,Andrea,Jacobs
hermannj255,Jenice,Hermann
langoshs571,Sherley,Langosh
robelz243,Zachariah,Robel
wintheiserv348,Verlie,Wintheiser
o'connells814,Stuart,O'Connell
whitel420,Leopoldo,White
vons3,Shayne,Von
metzh534,Hollis,Metz
abbottc380,Cari,Abbott
gottliebk367,Kasey,Gottlieb
shieldsa871,Albertine,Shields
raynorp199,Pasquale,Raynor
tillmanc745,Charlsie,Tillman
kassulked830,Doyle,Kassulke
homenicka639,Amina,Homenick
mitchellj318,Jackeline,Mitchell
schaeferm254,Miles,Schaefer
volkmana795,Albertine,Volkman
kuhnr249,Rodger,Kuhn
howellj230,Jonas,Howell
daughertya857,Antone,Daugherty
schmelerm527,Melvin,Schmeler
metzc312,Cecil,Metz
kuvalisc930,Cara,Kuvalis
leannonr204,Romeo,Leannon
bashiriank636,Kandice,Bashirian
kunzev141,Vickie,Kunze
prosaccoi794,Isidro,Prosacco
pourosr468,Rosita,Pouros
runolfsdottird47,Delmer,Runolfsdottir
gleichnere647,Eufemia,Gleichner
ebertd107,Darron,Ebert
jakubowskir243,Ruthann,Jakubowski
blockn937,Nicky,Block
robelt375,Thora,Robel
pagace593,Emelina,Pagac
deckows392,Shanice,Deckow
mosciskid323,Derrick,Mosciski
harrist437,Troy,Harris
crists106,Sophie,Crist
ratkee431,Elijah,Ratke
bartonr226,Refugio,Barton
feeneyg209,Gail,Feeney
parkerc661,Chas,Parker
kassulkea490,Anjanette,Kassulke
kuphalb194,Berniece,Kuphal
metzc797,Carey,Metz
dietrichb769,Berry,Dietrich
mcclurek563,Kris,McClure
reichela160,Andres,Reichel
volkmanl414,Lawerence,Volkman
hellerm129,Mary,Heller
kesslerj630,Jeremiah,Kessler
rogahnc469,Colene,Rogahn
stammb908,Brunilda,Stamm
abernathya832,Arlene,Abernathy
rippink225,Kerri,Rippin
deckoww84,Wilbur,Deckow
uptonp131,Pamella,Upton
runtej183,James,Runte
aufderharj963,Jacquie,Aufderhar
huelsb611,Brendon,Huels
baileys203,Syreeta,Bailey
moorek587,Keith,Moore
torps851,Sheldon,Torp
lange320,Ellis,Lang
greeno41,Oswaldo,Green
townel153,Les,Towne
blickl563,Lavonda,Blick
durganf600,Fredrick,Durgan
hirtheb808,Bobbie,Hirthe
handk932,Kristopher,Hand
whitee24,Eli,White
morara453,Amado,Morar
howev109,Victor,Howe
mcculloughj787,Jammie,McCullough
sawaynk296,Kirby,Sawayn
connellym85,Miranda,Connelly
lehnere314,Emmaline,Lehner
rowed24,Daren,Rowe
lebsackv52,Valentine,Lebsack
mckenzien639,Nicole,McKenzie
olsona571,Alexander,Olson
bernhardj774,Jennefer,Bernhard
hayesm658,Mathew,Hayes
gutmannc74,Carlena,Gutmann
johnsm768,Mitchell,Johns
schmittc171,Cristy,Schmitt
okunevab935,Branden,Okuneva
howel6,Lasandra,Howe
rowew320,Wilburn,Rowe
bruenj514,Josphine,Bruen
d'amorej551,Jeffery,D'Amore
starkj42,Julius,Stark
beckerk837,Kenda,Becker
zemlaks881,Shantae,Zemlak
oberbrunners445,Sydney,Oberbrunner
wittingr100,Ricky,Witting
millerd359,Derick,Miller
yundtl221,Leanna,Yundt
wuckerto888,Odis,Wuckert
legrosl359,Laticia,Legros
monahana739,Alberta,Monahan
brakusy650,Yong,Brakus
wardc162,Cherrie,Ward
shanahang423,Gustavo,Shanahan
heathcotel735,Lupe,Heathcote
watersl787,Lala,Waters
bahringerc796,Celine,Bahringer
bergnaumn691,Napoleon,Bergnaum
zulaufd213,Dustin,Zulauf
bernierc175,Coreen,Bernier
balistrerio232,Orville,Balistreri
wizad455,Dario,Wiza
dietricho277,Olin,Dietrich
rodrigueze757,Eusebio,Rodriguez
monahana225,Alysa,Monahan
farrella347,Arica,Farrell
thompsonc677,Calvin,Thompson
lueilwitze379,Epifania,Lueilwitz
flatleyd106,Dylan,Flatley
schmelere677,Eunice,Schmeler
hellerg467,Gayle,Heller
harberc258,Charlie,Harber
baumbachg247,Genevie,Baumbach
veumb501,Brooks,Veum
boscok283,Kasandra,Bosco
hirthev331,Veronika,Hirthe
mosciskie653,Ezekiel,Mosciski
bruenn715,Noreen,Bruen
mullerw729,Wayne,Muller
rohanm406,Mario,Rohan
cronaf774,Ferdinand,Crona
aufderharv934,Venice,Aufderhar
larkinc763,Chung,Larkin
hahno928,Orpha,Hahn
koelpinb155,Buddy,Koelpin
ondrickam425,Makeda,Ondricka
rennerc781,Cassondra,Renner
macejkovick805,Kendrick,Macejkovic
kossg50,Gaynell,Koss
windlerp588,Patrick,Windler
gorczanyn5,Nenita,Gorczany
murrayg252,Gilma,Murray
caspers731,Stefan,Casper
gaylordt616,Thaddeus,Gaylord
mcclurer26,Robbie,McClure
kiehnc648,Claire,Kiehn
schmittd583,Dannie,Schmitt
boscoo489,Owen,Bosco
volkmanb47,Bradly,Volkman
uptonm450,Marcia,Upton
bauchl62,Levi,Bauch
ryanl159,Lola,Ryan
hilllt437,Toccara,Hilll
streichf855,Faustino,Streich
hicklec208,Carlton,Hickle
grimesf772,Frederick,Grimes
kuhne559,Edison,Kuhn
schusterj481,Jamie,Schuster
koepph351,Hollis,Koepp
padberge398,Emelda,Padberg
baumbachr107,Rodger,Baumbach
heaneyd728,Don,Heaney
purdyj215,Jerrell,Purdy
connellys561,Stan,Connelly
mohrg2,Gustavo,Mohr
hagenesl437,Leanora,Hagenes
walkerr750,Rima,Walker
sauero572,Odell,Sauer
torphyc129,Consuelo,Torphy
donnellyn761,Nannette,Donnelly
beckeri256,Ivan,Becker
gleasonl771,Lewis,Gleason
volkmanl381,Lavina,Volkman
milleri314,Ivana,Miller
trompb347,Brynn,Tromp
turnere366,Eldridge,Turner
mayertd563,Dorthy,Mayert
ziemer365,Ray,Zieme
watersd606,Desmond,Waters
bogisichr158,Rachal,Bogisich
kundes324,Shara,Kunde
wymano339,Oliver,Wyman
greenc505,Camila,Green
sporera110,Ahmed,Sporer
hauckq718,Quentin,Hauck
cronint450,Terisa,Cronin
altenwerths162,Sherman,Altenwerth
stamma190,Alexander,Stamm
keelingn109,Nobuko,Keeling
monahanc681,Clark,Monahan
hintzg234,Gladis,Hintz
moene126,Erin,Moen
batzm195,Morris,Batz
hansenc35,Charlesetta,Hansen
mullerr528,Ricky,Muller
bergstroma271,Avelina,Bergstrom
schneidera532,Antione,Schneider
croninb183,Boyce,Cronin
watsicaa599,Analisa,Watsica
bodea480,Austin,Bode
gutmannl337,Leonie,Gutmann
huelsl215,Lyle,Huels
kossj350,Jodee,Koss
olsonl340,Lincoln,Olson
schusteri484,Irish,Schuster
andersoni710,Isaac,Anderson
ziemee456,Ebony,Zieme
kesslerm102,Margorie,Kessler
tillmana705,Armando,Tillman
pfannerstillm471,Merrill,Pfannerstill
crists683,Samatha,Crist
littels307,Samantha,Littel
klingb764,Betsey,Kling
bernierr340,Remona,Bernier
bergstromc723,Carlo,Bergstrom
jenkinsg396,Gail,Jenkins
stehrr248,Ronald,Stehr
lubowitzc798,Catheryn,Lubowitz
bergstromd741,Deangelo,Bergstrom
heidenreichd48,Donovan,Heidenreich
kemmerm9,Mitchell,Kemmer
boscor209,Reuben,Bosco
kunzee686,Erline,Kunze
jenkinst694,Timmy,Jenkins
johnsonp336,Pat,Johnson
dickinsonm379,Marcel,Dickinson
wuckerta812,Arron,Wuckert
robelf434,Fritz,Robel
quigleya574,Ali,Quigley
greenholtl116,Laree,Greenholt
walshr650,Rebeca,Walsh
ricea712,Angel,Rice
hillla794,Alethea,Hilll
prohaskat733,Tawnya,Prohaska
caspert12,Torie,Casper
raum942,Magdalena,Rau
goodwind674,Donte,Goodwin
o'reillyc788,Chance,O'Reilly
rueckera138,Adelina,Ruecker
boehmd541,Demetrius,Boehm
bergstrome264,Ellsworth,Bergstrom
kesslerk932,Kiera,Kessler
boganc912,Carey,Bogan
mullerc769,Carter,Muller
lehnerr332,Renita,Lehner
cummeratam400,Milo,Cummerata
jacobil674,Lorelei,Jacobi
sengerb139,Bev,Senger
lindgrenl760,Lenard,Lindgren
rutherfordb723,Bibi,Rutherford
bogank346,Kandra,Bogan
stromanl959,Loretta,Stroman
cronino486,Olen,Cronin
hammesl923,Lisha,Hammes
stantonf704,Fred,Stanton
beerm915,Mozell,Beer
ricel16,Lorene,Rice
buckridgee306,Estella,Buckridge
kozeyc558,Carlo,Kozey
windlerd847,Dominick,Windler
waelchin492,Nicki,Waelchi
sawaync799,Chasity,Sawayn
stantonr544,Randal,Stanton
crookss660,Suzy,Crooks
bednarl455,Leonel,Bednar
franeckiw493,Winford,Franecki
heathcotep14,Patrice,Heathcote
gutmanna28,Armand,Gutmann
torphye537,Evia,Torphy
kosss727,Saul,Koss
ryand38,Darcie,Ryan
conroyd393,Darlena,Conroy
moorer329,Romeo,Moore
heidenreichh899,Hollis,Heidenreich
ebertd782,Doria,Ebert
mayertl279,Lajuana,Mayert
osinskim919,Morton,Osinski
boylea60,Altha,Boyle
turcottes172,Spencer,Turcotte
strackek251,Kraig,Stracke
larkink779,Kelly,Larkin
kuhicl439,Larisa,Kuhic
corkerym194,Maxwell,Corkery
boscol898,Londa,Bosco
schowalterr814,Raul,Schowalter
hudsonb877,Brittney,Hudson
feestd932,Derek,Feest
monahanr552,Rochelle,Monahan
hageness159,Sonia,Hagenes
millerz668,Zack,Miller
medhursts716,Sanda,Medhurst
stamml681,Lala,Stamm
powlowskib877,Berniece,Powlowski
jastd462,Darwin,Jast
mayera800,Ashlie,Mayer
gusikowskit578,Tressie,Gusikowski
gibsonm599,Miguel,Gibson
cronam574,Mathew,Crona
macejkovicm755,Maryanna,Macejkovic
corkeryb148,Bertha,Corkery
goldnerk949,Kristeen,Goldner
binsb931,Bea,Bins
predovicp389,Patricia,Predovic
goodwino537,Ozzie,Goodwin
stokesn440,Newton,Stokes
wehnerl213,Lindsey,Wehner
turnerm302,Monroe,Turner
kutchr582,Rosalee,Kutch
naderk463,Kermit,Nader
conne404,Elba,Conn
kihnc97,Cindy,Kihn
o'haraa4,Argentina,O'Hara
kundes674,Savannah,Kunde
murphyj683,Jefferey,Murphy
prosaccoj71,Jolyn,Prosacco
hellerl607,Lino,Heller
prosaccom95,Milda,Prosacco
maggiod79,Dexter,Maggio
schmelerf623,Franklin,Schmeler
cartwrightj536,Juan,Cartwright
torpi568,Ivan,Torp
larsonm387,Major,Larson
kunzef269,Felicia,Kunze
andersone718,Elisha,Anderson
veumh109,Herman,Veum
sipess32,Sharyl,Sipes
dietrichg286,Glynda,Dietrich
howea37,Antonio,Howe
konopelskid910,Darnell,Konopelski
kochv177,Verlie,Koch
starkc201,Cleo,Stark
schaeferj406,Jessie,Schaefer
jenkinsj532,Johnathon,Jenkins
donnellyl789,Loan,Donnelly
bergstromd532,Danyell,Bergstrom
wintheiserc482,Cyrus,Wintheiser
schillerc658,Clarisa,Schiller
boyleb694,Buena,Boyle
connellyb368,Burt,Connelly
langosha963,Alejandra,Langosh
cassinn152,Nicolasa,Cassin
aufderharb957,Bertram,Aufderhar
starkm707,Marylouise,Stark
blocks789,Serena,Block
hermanf139,Fred,Herman
lowec244,Chu,Lowe
schmelern968,Noel,Schmeler
willl111,Lynn,Will
wunschw439,Wm,Wunsch
wards600,Sol,Ward
bartons504,Shannon,Barton
kozeyr863,Rosann,Kozey
sengerg258,Gina,Senger
predovicw596,Wilfredo,Predovic
schustert135,Trenton,Schuster
powlowskim161,Ma,Powlowski
koeppv721,Valentin,Koepp
heathcotew909,Wallace,Heathcote
koeppi240,Iesha,Koepp
dooleym856,Mose,Dooley
andersonp438,Paula,Anderson
ortizb268,Brook,Ortiz
koelpind60,Dwain,Koelpin
schusterc301,Cierra,Schuster
lockmanm64,Mila,Lockman
mccluren826,Nia,McClure
langoshe65,Earlie,Langosh
kutcht738,Tim,Kutch
smithama554,Anglea,Smitham
bogisichc460,Chuck,Bogisich
kuhlmans922,Scarlett,Kuhlman
spinkar443,Rima,Spinka
hamillc897,Cole,Hamill
stokesh891,Hisako,Stokes
mcculloughg499,Georgiana,McCullough
wolfa964,Art,Wolf
schulistv334,Vito,Schulist
gislasonk734,Krista,Gislason
goldnerh529,Hoyt,Goldner
boyerc249,Candy,Boyer
bergstromb305,Benton,Bergstrom
reichelc918,Caron,Reichel
heathcotei457,Inez,Heathcote
dickinsonm120,Morton,Dickinson
oberbrunnerm344,Morgan,Oberbrunner
kiehnt299,Trevor,Kiehn
parisianc401,Charlie,Parisian
halvorsonf730,Felton,Halvorson
robelj320,Jamey,Robel
bahringerh789,Hayley,Bahringer
labadied375,Don,Labadie
cruickshankj155,John,Cruickshank
gislasonh132,Herschel,Gislason
cormierj145,Jed,Cormier
gradyd892,Darrick,Grady
heidenreichd923,Dusty,Heidenreich
cristj273,Jarrett,Crist
kunzec105,Connie,Kunze
bechtelarm217,Merlin,Bechtelar
ritchiet809,Tasha,Ritchie
kirline649,Enola,Kirlin
heathcoteh536,Hilton,Heathcote
mcculloughj395,Jamie,McCullough
collinsl904,Levi,Collins
kuphalm787,Meaghan,Kuphal
wuckertd538,Dong,Wuckert
mckenziem198,Maranda,McKenzie
wilkinsonk730,Katharina,Wilkinson
hyattn62,Ned,Hyatt
haleyl89,Leonardo,Haley
murphyj908,Jessie,Murphy
koeppt396,Tammie,Koepp
murazikm607,Magdalena,Murazik
greenc911,Claud,Green
heidenreicha197,Amee,Heidenreich
bernierj495,Jeana,Bernier
morissetter317,Robby,Morissette
lindgrens371,Sindy,Lindgren
romagueraf872,Florence,Romaguera
watersl626,Latanya,Waters
donnellyj944,Joshua,Donnelly
gaylordj726,Jenniffer,Gaylord
hammesk911,Krista,Hammes
greenfelderc361,Carmine,Greenfelder
hahnr847,Roma,Hahn
sporerp607,Patrick,Sporer
stoltenbergb143,Beau,Stoltenberg
streichr304,Robin,Streich
breitenbergl875,Lavern,Breitenberg
veuma724,Arlie,Veum
macgyvers34,Silas,MacGyver
weberd526,Delicia,Weber
vonr238,Reyes,Von
bahringerd447,Dominique,Bahringer
vonm797,Merri,Von
barrowsj142,Joleen,Barrows
harveyd577,Dudley,Harvey
leannonb601,Brandon,Leannon
donnellyh890,Heidi,Donnelly
larkinj105,Jc,Larkin
kirlinp247,Percy,Kirlin
bruene726,Elda,Bruen
christiansenm694,Mac,Christiansen
hillsi462,Isaiah,Hills
greenholtg490,Geraldine,Greenholt
ankundingn728,Nathaniel,Ankunding
brauns191,Song,Braun
oberbrunnera54,Andrea,Oberbrunner
gleichnern427,Nathan,Gleichner
schroedera87,Andre,Schroeder
millerw641,Wyatt,Miller
sanfordt76,Titus,Sanford
markst330,Twyla,Marks
kilbackc697,Cathern,Kilback
adamss68,Spencer,Adams
ornm748,Mary,Orn
casperb461,Buck,Casper
barrowsm819,Mario,Barrows
kautzerb488,Bonnie,Kautzer
wintheiserr548,Ricarda,Wintheiser
krajciky411,Yukiko,Krajcik
littelk587,Kurt,Littel
littelj83,Jada,Littel
schneiderj634,Jolyn,Schneider
bechtelark946,Kenneth,Bechtelar
johnsh571,Hosea,Johns
emmerichl850,Lesa,Emmerich
stiedemannr92,Rufus,Stiedemann
goldnerw737,Wilbur,Goldner
macgyverl165,Lakeshia,MacGyver
christiansene45,Ethelyn,Christiansen
andersonr289,Rosario,Anderson
maggiom154,Marinda,Maggio
williamsone321,Elmer,Williamson
hanseni880,Iola,Hansen
bechtelarm203,Mohammad,Bechtelar
cartere432,Edgar,Carter
hyattd735,Darnell,Hyatt
connm806,Marketta,Conn
sanfordg810,Georgann,Sanford
weberd12,Daisy,Weber
padbergm844,Margarito,Padberg
mosciskim598,Magaly,Mosciski
wolffh876,Harlan,Wolff
wizab686,Beverlee,Wiza
streichn770,Nathan,Streich
grimesi769,Inga,Grimes
casperl274,Lakita,Casper
jacobij28,Janie,Jacobi
binsc792,Cathie,Bins
spinkaf512,Frida,Spinka
larsonc138,Claudio,Larson
connellyg544,Graciela,Connelly
olsonc390,Chang,Olson
haleyc791,Carter,Haley
kesslerl675,Loren,Kessler
raynorc131,Carmelo,Raynor
nikolausn875,Napoleon,Nikolaus
lakinm658,Margaretta,Lakin
dickir952,Romana,Dicki
conroyc802,Cornelia,Conroy
heaneya602,Ashley,Heaney
rathe444,Elbert,Rath
gorczanyj424,Joseph,Gorczany
lefflern179,Nadine,Leffler
tremblayc676,Chance,Tremblay
starkr249,Raymon,Stark
hodkiewiczt525,Timothy,Hodkiewicz
ritchies173,Shirley,Ritchie
kihnw148,Waylon,Kihn
lindl745,Lidia,Lind
rosenbaume470,Elinor,Rosenbaum
bodem185,Michel,Bode
tromps40,Sandy,Tromp
rodrigueza470,Adalberto,Rodriguez
lednerz82,Zofia,Ledner
cummingsf634,Faith,Cummings
willmsl185,Leslee,Willms
o'keefej311,Jack,O'Keefe
andersonk198,Kory,Anderson
waelchie209,Elinore,Waelchi
haagn254,Nakesha,Haag
mcdermottj758,Jonah,McDermott
cartwrights513,Samual,Cartwright
rathk183,Kendal,Rath
cronag941,George,Crona
brekkeg409,Genie,Brekke
millsd938,Dave,Mills
kshlerinm778,Maynard,Kshlerin
langl60,Len,Lang
ziemannj16,Jonas,Ziemann
rathb6,Brandon,Rath
rolfsonk799,Korey,Rolfson
welchl179,Lucia,Welch
schillers917,Solomon,Schiller
stantone784,Evan,Stanton
conroyl820,Lorenzo,Conroy
schillerd773,Dan,Schiller
turnerm317,Mabel,Turner
mckenziee741,Elwood,McKenzie
lockmans897,Sanford,Lockman
greenholtl875,Lee,Greenholt
stantony605,Yee,Stanton
kshlerinr130,Raymond,Kshlerin
okunevap72,Percy,Okuneva
wilkinsong928,Genoveva,Wilkinson
bergeh913,Harrison,Berge
prosaccot839,Tyree,Prosacco
fadela782,Aron,Fadel
stammt39,Titus,Stamm
denesikr961,Ronny,Denesik
pfannerstilll135,Lita,Pfannerstill
wieganda363,Ali,Wiegand
pagacr797,Rolf,Pagac
morarc724,Chanda,Morar
greenholta245,Alvaro,Greenholt
wehners165,Sonya,Wehner
jacobss545,Shannon,Jacobs
andersonm861,Marcelino,Anderson
feilg648,Gaylord,Feil
coleb880,Brendon,Cole
wiegandk7,Kirk,Wiegand
reingera127,Angel,Reinger
hillsj82,Jana,Hills
muellerh169,Harrison,Mueller
beattyc803,Cherelle,Beatty
johnsf146,Felipe,Johns
marvini671,India,Marvin
monahanj664,Jovan,Monahan
mraza618,Amee,Mraz
armstrongl523,Luisa,Armstrong
torphya1,Andreas,Torphy
pagacs209,Silas,Pagac
vonruedeng612,Gabriel,VonRueden
shanahana59,Arnetta,Shanahan
gutmannc502,Cira,Gutmann
kiehnr270,Reuben,Kiehn
padbergm928,Miguel,Padberg
baileye87,Eartha,Bailey
d'amoreb117,Branden,D'Amore
oberbrunnerm354,Mckinley,Oberbrunner
hillse605,Eldora,Hills
littleh165,Hisako,Little
leschv951,Vannessa,Lesch
stehrj242,Jeffery,Stehr
goyettec943,Coleman,Goyette
connellym95,Meredith,Connelly
russelm880,Murray,Russel
conne797,Erica,Conn
boscot154,Terresa,Bosco
schneideri37,Isaac,Schneider
kautzerl54,Leslie,Kautzer
leannonc909,Clinton,Leannon
binsl127,Luigi,Bins
mcculloughd621,Donnell,McCullough
faheyl906,Lilly,Fahey
beckera781,Azzie,Becker
mcdermottb451,Belinda,McDermott
hodkiewiczf357,Fabian,Hodkiewicz
lowet156,Theola,Lowe
botsfordt942,Teresa,Botsford
cremine941,Elly,Cremin
o'reillyv600,Vito,O'Reilly
lubowitzh505,Hilario,Lubowitz
ankundingg303,Gina,Ankunding
stehrl705,Linnie,Stehr
robels549,Spencer,Robel
thield559,Della,Thiel
sawaynt871,Tobi,Sawayn
vonruedenc591,Carmelina,VonRueden
lindgrend516,Denisha,Lindgren
watsicaf34,Felisha,Watsica
gleichnerb775,Basil,Gleichner
ratkem833,Marylyn,Ratke
blicks821,Synthia,Blick
strackel513,Lannie,Stracke
kohlern979,Nigel,Kohler
sanfords958,Scott,Sanford
kohlern471,Newton,Kohler
boyleb500,Berry,Boyle
emmerichj461,Jorge,Emmerich
boehmm34,Mathew,Boehm
schmidtf661,Fransisca,Schmidt
krisk105,Keenan,Kris
prohaskad797,Dwight,Prohaska
windlera541,Anglea,Windler
hueld575,Deana,Huel
millsc841,Celeste,Mills
russelo340,Orval,Russel
bernierj412,Jospeh,Bernier
hillld167,Darline,Hilll
runolfssonh577,Harriett,Runolfsson
nicolasd740,Drusilla,Nicolas
gusikowskic268,Curt,Gusikowski
mckenziee227,Edmond,McKenzie
considinel582,Lavonda,Considine
harberj445,Jolie,Harber
reichertn115,Neil,Reichert
prosaccok761,Kizzie,Prosacco
quigleyc602,Cristopher,Quigley
lowek886,Kendall,Lowe
wiegandj623,Jeri,Wiegand
willr908,Roseline,Will
leannonv102,Vivian,Leannon
balistrerif58,Felicita,Balistreri
collierl411,Lisabeth,Collier
weissnatt287,Tamiko,Weissnat
breitenbergm575,Michale,Breitenberg
greenfelders521,Shirly,Greenfelder
koelpino120,Ofelia,Koelpin
rutherfordr977,Reid,Rutherford
stehrc919,Christia,Stehr
flatleye38,Emile,Flatley
schustern406,Nga,Schuster
bahringerp711,Paz,Bahringer
treutela531,Alton,Treutel
cruickshankc701,Chauncey,Cruickshank
kingl441,Laraine,King
douglasa714,Alfonzo,Douglas
kemmerh317,Haywood,Kemmer
boganm681,Martin,Bogan
pollicha277,Alfonzo,Pollich
watersm158,Marivel,Waters
beckerm223,Melvina,Becker
welcho695,Omer,Welch
muellerc833,Corey,Mueller
strosinw26,Willena,Strosin
kunzej662,Junior,Kunze
rodriguezw772,Willena,Rodriguez
lockmanb470,Barry,Lockman
keelingc906,Camilla,Keeling
priceg829,Greg,Price
ricea681,Art,Rice
trompi532,Irwin,Tromp
bayerk738,Kermit,Bayer
russelp849,Paul,Russel
bradtkek933,Kendall,Bradtke
gusikowskie647,Estelle,Gusikowski
dickinsonj385,Jeanmarie,Dickinson
andersone756,Eldridge,Anderson
gutkowskit806,Tawnya,Gutkowski
tillmanc220,Catarina,Tillman
ondrickab508,Brendon,Ondricka
quitzonc850,Claretha,Quitzon
monahand314,Dominic,Monahan
torpc167,Cathryn,Torp
gorczanyc326,Charley,Gorczany
kutchr544,Riley,Kutch
bodej926,Joan,Bode
andersond855,Dale,Anderson
schimmelw401,Wm,Schimmel
russelh438,Han,Russel
grimesh276,Hector,Grimes
gleasonr854,Rene,Gleason
kshlerink856,Kendra,Kshlerin
o'keefed436,Danielle,O'Keefe
gislasonk956,Krystin,Gislason
schmelerb760,Britni,Schmeler
wards644,Shery,Ward
pourose352,Elza,Pouros
trantowj738,Josh,Trantow
bernierw528,Winford,Bernier
romagueraa70,Antonio,Romaguera
kohlerm906,Monte,Kohler
mclaughlinm633,Marc,McLaughlin
abbotts132,Sang,Abbott
smithc953,Chadwick,Smith
swiftg664,Giovanni,Swift
schroederg279,Gene,Schroeder
wisokye778,Evan,Wisoky
dickensk317,King,Dickens
breitenbergl364,Leo,Breitenberg
kassulked163,Damien,Kassulke
mcglynnm583,Marion,McGlynn
hilllj488,Joey,Hilll
douglase103,Ernie,Douglas
jasti409,Ingrid,Jast
dickensr684,Roman,Dickens
lemkec715,Chauncey,Lemke
nienowa812,Aracely,Nienow
rogahnr506,Rex,Rogahn
romagueraz795,Zelda,Romaguera
raup22,Pete,Rau
hettingert928,Teresa,Hettinger
zemlakh976,Hermine,Zemlak
bartellb521,Ben,Bartell
franeckia347,Asuncion,Franecki
jonesl248,Lacy,Jones
hicklea700,Ayanna,Hickle
kossg220,Glendora,Koss
mayertm728,Marilyn,Mayert
conroyn397,Nichole,Conroy
hahnj239,Janine,Hahn
schultzc251,Cliff,Schultz
bahringerv650,Vance,Bahringer
kleinl42,Laurena,Klein
dooleyv226,Vern,Dooley
goodwina912,Angelo,Goodwin
balistrerio622,Ola,Balistreri
renneri925,Idella,Renner
mckenziew807,Will,McKenzie
hudsont381,Tyree,Hudson
johnsond83,Damian,Johnson
jerded527,Diego,Jerde
ornh348,Hassan,Orn
harbers764,Shelton,Harber
gleasons5,Shaunna,Gleason
kochj531,Jules,Koch
rempelt950,Tracy,Rempel
littelg119,Garry,Littel
hodkiewicze803,Ernest,Hodkiewicz
carrolle74,Emmett,Carroll
greenc895,Claude,Green
trompj911,Jamal,Tromp
powlowskiv599,Vanna,Powlowski
medhursta191,Antoine,Medhurst
lindgreng566,George,Lindgren
bednara754,Albina,Bednar
cremina534,Alaine,Cremin
gulgowskik771,Karima,Gulgowski
prohaskad332,Dionne,Prohaska
monahanj908,Juan,Monahan
ryang186,Guillermo,Ryan
hoppel215,Lesa,Hoppe
schillerc9,Colby,Schiller
hirthej712,Jarod,Hirthe
smithamb887,Beckie,Smitham
langoshl900,Lauren,Langosh
dibbertc251,Carmela,Dibbert
prohaskaj304,Josphine,Prohaska
marvins744,Sydney,Marvin
colez922,Zetta,Cole
kulass822,Sal,Kulas
stromanr251,Roderick,Stroman
runtel724,Letha,Runte
heidenreicha426,Amee,Heidenreich
kirlinm102,Martine,Kirlin
schinnerc697,Cassaundra,Schinner
walterk193,Kristie,Walter
murrayj43,Janee,Murray
wilkinsond269,Dione,Wilkinson
mertzl684,Laure,Mertz
strackem198,Mitzie,Stracke
o'connelle213,Eulah,O'Connell
farrella429,Alva,Farrell
schummb849,Brigitte,Schumm
hellerd144,Dahlia,Heller
krisf291,Freeman,Kris
adamsi822,Isaiah,Adams
skilesa1,Alfreda,Skiles
wehnerj565,Janett,Wehner
klockoe844,Ernestina,Klocko
kertzmannm782,Mariana,Kertzmann
bahringerb448,Buster,Bahringer
cremink240,Kennith,Cremin
johnsons459,Shawanda,Johnson
kleint288,Tennille,Klein
wolffl623,Lonnie,Wolff
denesiki613,Isaiah,Denesik
yostm180,Morgan,Yost
fritschj505,Jaime,Fritsch
runolfssono359,Otelia,Runolfsson
pourost173,Tawana,Pouros
mosciskie136,Elmo,Mosciski
hamillg195,Gregg,Hamill
goldnerj615,Jolie,Goldner
romaguerac879,Charles,Romaguera
schaefert754,Tarsha,Schaefer
hermistonj145,Ji,Hermiston
toyk770,Karen,Toy
mrazb325,Belva,Mraz
tremblayj538,Jerald,Tremblay
kuhics85,Shon,Kuhic
macgyverv58,Vicki,MacGyver
hermanm882,Miguel,Herman
jonesm279,Maximo,Jones
donnellye512,Eartha,Donnelly
skilesr485,Ron,Skiles
walkerj254,Jeffie,Walker
kuhlmane945,Eddie,Kuhlman
harrisr384,Rico,Harris
abernathyd255,Dario,Abernathy
buckridgem2,Michel,Buckridge
cummeratae492,Eliz,Cummerata
parisianm501,Marta,Parisian
boylen324,Noemi,Boyle
abbottj856,Joey,Abbott
ondrickai272,Isaac,Ondricka
rueckerk687,Kristi,Ruecker
abbotto681,Octavio,Abbott
boyerm708,Mallory,Boyer
ornc221,Clint,Orn
kesslerj827,Jamika,Kessler
jakubowskio900,Oswaldo,Jakubowski
kshlerine413,Evalyn,Kshlerin
andersone614,Ewa,Anderson
langworthd696,Donovan,Langworth
yostk854,Kim,Yost
littelr806,Raymon,Littel
whiteh698,Hoa,White
rogahnj357,Jeane,Rogahn
binsj450,Jeanne,Bins
bahringert941,Trevor,Bahringer
cormierc621,Christie,Cormier
schumml324,Lowell,Schumm
hayesa185,Ardelle,Hayes
jastm899,Mack,Jast
friesenm570,Minnie,Friesen
creminf81,Fidel,Cremin
hamille611,Earnest,Hamill
schimmels885,Scott,Schimmel
haagc754,Catrina,Haag
beerd778,Danny,Beer
weimanne904,Ellan,Weimann
veums477,Sherlene,Veum
skilesi712,Isaias,Skiles
zboncaka216,Andrew,Zboncak
lindm123,Merrilee,Lind
trompm128,Melvin,Tromp
strackes896,Sheena,Stracke
altenwerthp429,Peter,Altenwerth
toyh209,Hong,Toy
kuhlmanf394,Farrah,Kuhlman
o'connerm338,Mae,O'Conner
grimesd939,Darell,Grimes
botsfordl369,Lillia,Botsford
sengerf631,Fredia,Senger
ratkeb938,Bernadette,Ratke
skilesd504,Danilo,Skiles
ziemee701,Elia,Zieme
klockoj697,Jonathon,Klocko
o'harab9,Burl,O'Hara
heaneya307,Angeles,Heaney
schambergerw485,Willie,Schamberger
willmsc564,Charlie,Willms
breitenbergn312,Norman,Breitenberg
turners479,Salvador,Turner
greenj23,Janetta,Green
hoppea532,Autumn,Hoppe
heathcoteh586,Harriette,Heathcote
dubuquel844,Luciana,DuBuque
veumd430,Dean,Veum
willr888,Rona,Will
lueilwitzb457,Brendan,Lueilwitz
o'connerg630,Gino,O'Conner
keelingk496,Kyra,Keeling
luettgenr609,Regine,Luettgen
pricep367,Priscilla,Price
millerg917,Garth,Miller
strosine130,Emelia,Strosin
treutelb865,Brunilda,Treutel
langworthj280,Julene,Langworth
zemlakg576,Ginger,Zemlak
strackea54,Althea,Stracke
prohaskai10,Indira,Prohaska
stamma411,Andrew,Stamm
hahng891,Grant,Hahn
kassulkea550,Aleshia,Kassulke
d'amorel335,Lasonya,D'Amore
cronae142,Ezequiel,Crona
russelt522,Thu,Russel
schadenm373,Maudie,Schaden
manted462,Dante,Mante
kesslerm906,Marlon,Kessler
jacobsont854,Tracee,Jacobson
stantone797,Elza,Stanton
metzw92,Wilson,Metz
huelsr425,Raul,Huels
hodkiewiczr923,Robt,Hodkiewicz
volkmanl291,Lilla,Volkman
collierj944,Jung,Collier
grahame535,Elisha,Graham
trompl810,Lucius,Tromp
nolant396,Terrie,Nolan
reingert122,Theron,Reinger
schmittm570,Margie,Schmitt
lynchm559,Myrtle,Lynch
crooksl734,Leopoldo,Crooks
thompsone844,Efrain,Thompson
whites62,Shu,White
doylek927,Kermit,Doyle
wymana665,Anna,Wyman
rogahns749,Stacey,Rogahn
rowen326,Noel,Rowe
cummingsl13,Lowell,Cummings
colliere920,Eli,Collier
dietriche426,Ethan,Dietrich
christianseno687,Otelia,Christiansen
robele321,Ellie,Robel
waelchir742,Roseanna,Waelchi
beierv915,Valene,Beier
runtes120,Shandi,Runte
romaguerak565,Kirby,Romaguera
crookso181,Ossie,Crooks
trompd544,Dylan,Tromp
spinkas847,Sherill,Spinka
nikolaust271,Tracy,Nikolaus
grimesb104,Branden,Grimes
goldnero826,Ozzie,Goldner
fadelc423,Chantelle,Fadel
mohrj419,Jackson,Mohr
runolfsdottirj154,Jerome,Runolfsdottir
westl895,Laurence,West
abbottg317,Grady,Abbott
schowaltery759,Young,Schowalter
bradtkeo295,Olen,Bradtke
sanfordk458,Ken,Sanford
huelr150,Rebekah,Huel
casperk770,Kyong,Casper
metze733,Eugenio,Metz
sipest67,Tiffanie,Sipes
torpw379,Wally,Torp
nicolasa804,Alonso,Nicolas
spinkal600,Lawrence,Spinka
mcdermottr554,Rebecka,McDermott
croninf462,Fred,Cronin
grahamw497,Wayne,Graham
koeppa597,Aleisha,Koepp
farrells31,Son,Farrell
rolfsone260,Elliott,Rolfson
howej164,Julius,Howe
d'amored399,David,D'Amore
feilp662,Peter,Feil
prosaccor610,Rickey,Prosacco
johnstonk396,Kendall,Johnston
spencere841,Elden,Spencer
schusterr836,Rita,Schuster
coleg942,Gino,Cole
padbergj667,Joshua,Padberg
lakinz855,Zackary,Lakin
bruenk96,Kendra,Bruen
pourosf452,Ferdinand,Pouros
torpp968,Preston,Torp
weimanns144,Shawanna,Weimann
hamillg927,Glenda,Hamill
funkk605,Kandice,Funk
russell10,Lizbeth,Russel
cremint93,Tommie,Cremin
strosint117,Todd,Strosin
gulgowskiz802,Zula,Gulgowski
schuppea37,Annmarie,Schuppe
reichertt691,Tinisha,Reichert
skilesc706,Corine,Skiles
hirthet680,Tracey,Hirthe
jacobsone265,Elena,Jacobson
handc555,Candis,Hand
turcottem162,Mora,Turcotte
buckridgee492,Enoch,Buckridge
rogahna120,Anita,Rogahn
rohana873,Abe,Rohan
kossc430,Cathern,Koss
maggior667,Ruby,Maggio
mertzj304,Jose,Mertz
millsi416,Idell,Mills
schupped941,Donny,Schuppe
mcdermotta908,Ardelia,McDermott
goldnerm925,Max,Goldner
adamsm702,Malinda,Adams
willmsi213,Isreal,Willms
koelpinp598,Phillip,Koelpin
kiehne241,Erick,Kiehn
keeblerr182,Rosalva,Keebler
heidenreichj326,Jeramy,Heidenreich
o'keefet101,Troy,O'Keefe
o'connerk507,Klara,O'Conner
lefflerd345,Davis,Leffler
hicklec240,Carmine,Hickle
dubuques108,Shelba,DuBuque
schaeferf863,Florance,Schaefer
boyerb921,Brendan,Boyer
beckeri754,Irina,Becker
durgank842,Kelly,Durgan
starkc38,Colby,Stark
stantong230,Georgette,Stanton
wisozkl259,Leo,Wisozk
morari296,Idell,Morar
kesslerb579,Billie,Kessler
buckridgeg732,Gene,Buckridge
veume645,Erick,Veum
smithd879,Dorla,Smith
rodriguezt905,Tad,Rodriguez
mcdermottk622,Kenyetta,McDermott
kovacekb443,Benton,Kovacek
o'reillyn615,Norbert,O'Reilly
ripping777,Gene,Rippin
macejkovicc892,Cleveland,Macejkovic
wuckertk750,Kelley,Wuckert
emmericht498,Tawanna,Emmerich
douglasn659,Nereida,Douglas
hegmanne727,Elena,Hegmann
schmelera542,Alona,Schmeler
robertsl460,Loretta,Roberts
o'connellb713,Beau,O'Connell
shanahank394,Kiera,Shanahan
kutchm406,Micheline,Kutch
jaskolskij828,Johnsie,Jaskolski
o'connelle632,Elaine,O'Connell
weimannt596,Tabetha,Weimann
adamsv638,Vernetta,Adams
connellyd694,Dean,Connelly
wilkinsonj160,Jefferson,Wilkinson
kubj525,Jennifer,Kub
greenholts174,Sterling,Greenholt
legrosm303,Morris,Legros
botsfords308,Sue,Botsford
robertsa735,Alejandro,Roberts
tromps537,Scarlett,Tromp
torphyj494,Jackie,Torphy
ferryh7,Hyon,Ferry
feestz285,Zane,Feest
hyatth887,Hershel,Hyatt
runolfsdottirc278,Cristobal,Runolfsdottir
wiegandc285,Clora,Wiegand
mitchells869,Sal,Mitchell
o'connellm315,Minnie,O'Connell
wizac547,Carlena,Wiza
vandervortr825,Rudy,Vandervort
strosina429,Angelica,Strosin
trompg714,Giuseppina,Tromp
lefflerb448,Benito,Leffler
romagueras888,Shelton,Romaguera
kassulker723,Rob,Kassulke
rolfsonn558,Norbert,Rolfson
kuhica602,Alonzo,Kuhic
schowaltere128,Evan,Schowalter
casperb172,Barb,Casper
williamsonr355,Royal,Williamson
murphyy386,Yukiko,Murphy
robelg262,Glenn,Robel
friesend389,Darron,Friesen
borers265,Sau,Borer
bergnaumw607,Wendy,Bergnaum
kunzer315,Roderick,Kunze
harveyc946,Charolette,Harvey
beerm566,Matt,Beer
powlowskis710,Sydney,Powlowski
sanfordl459,Lester,Sanford
mrazi624,Irvin,Mraz
cronar838,Rocky,Crona
mertzb167,Basil,Mertz
schmittj708,Janett,Schmitt
larkinl577,Lisa,Larkin
ziemannc68,Chrissy,Ziemann
mayertc211,Creola,Mayert
klingt577,Tyron,Kling
jerdef768,Franklyn,Jerde
bernierp104,Palmer,Bernier
schneiderc613,Cyril,Schneider
schambergere224,Easter,Schamberger
krisd219,Dave,Kris
bauchl21,Larry,Bauch
medhursta542,Adrien,Medhurst
darec573,Consuela,Dare
zulauft542,Tempie,Zulauf
watsicae119,Elwood,Watsica
runolfsdottirr723,Robbi,Runolfsdottir
farrellm572,Mignon,Farrell
runolfsdottirl8,Lola,Runolfsdottir
tromps141,Shelli,Tromp
beiern302,Napoleon,Beier
pollichc622,Carylon,Pollich
kilbackh804,Hermelinda,Kilback
watsicaw355,William,Watsica
leannond863,Dustin,Leannon
erdmanr266,Roy,Erdman
rempell710,Lamonica,Rempel
conroyc99,Corey,Conroy
gutkowskik221,Kari,Gutkowski
fadela103,Arden,Fadel
heathcotec892,Carlos,Heathcote
pfannerstillj65,Jesse,Pfannerstill
streicha500,Annalisa,Streich
schmidtc431,Conception,Schmidt
purdye502,Elli,Purdy
treutelv187,Victor,Treutel
andersonk497,King,Anderson
moenm709,Martina,Moen
kosse521,Else,Koss
hermanm526,Marlon,Herman
franeckit867,Tarra,Franecki
thielr971,Reginald,Thiel
kesslerf926,Francisco,Kessler
greena375,Alton,Green
wizas367,Sang,Wiza
wardy378,Yoshie,Ward
howellb123,Brian,Howell
rodriguezm454,Marcel,Rodriguez
schoenb526,Barry,Schoen
feestf93,Fred,Feest
haaga20,Annabel,Haag
wisozka267,Aurelio,Wisozk
o'kone78,Elvira,O'Kon
hamilld667,Diedra,Hamill
leuschkej978,Joe,Leuschke
framin694,Norbert,Frami
goldnerj50,Janene,Goldner
pagacs90,Saul,Pagac
rohanb652,Bryon,Rohan
kutchk277,Kermit,Kutch
thompsonm343,Mabelle,Thompson
mcclures335,Sunni,McClure
heathcoter349,Robyn,Heathcote
jonesz926,Zona,Jones
hegmannc688,Clayton,Hegmann
zemlakg730,Gonzalo,Zemlak
hyattv536,Violet,Hyatt
lindw312,Wesley,Lind
schambergera401,Artie,Schamberger
keelingc324,Cristopher,Keeling
trantowd72,Delois,Trantow
hackettp302,Paul,Hackett
bergnaumj90,Jorge,Bergnaum
schillerm751,Milo,Schiller
williamsonj294,Joel,Williamson
gulgowskil464,Lucila,Gulgowski
stehrk505,Kazuko,Stehr
ziemeh125,Hyacinth,Zieme
sporerm636,Martina,Sporer
dickinsond184,Delbert,Dickinson
jenkinsd44,Desirae,Jenkins
schillerw536,Winford,Schiller
mckenzier878,Ronny,McKenzie
hagenesb595,Bethann,Hagenes
reingerb953,Booker,Reinger
schowalters609,Shellie,Schowalter
hamillb960,Bennett,Hamill
herzogm594,Mel,Herzog
ornj371,Jenette,Orn
turcottec731,Carma,Turcotte
powlowskit601,Tonita,Powlowski
boehmm741,Mervin,Boehm
bradtken94,Noel,Bradtke
colep972,Pam,Cole
effertzm760,Moira,Effertz
blockm935,Mohamed,Block
bechtelard623,Danita,Bechtelar
spencerm511,Marlin,Spencer
collierd118,Darryl,Collier
ziemannv257,Von,Ziemann
kihns339,Sherryl,Kihn
zemlakd42,Dusty,Zemlak
wiegandi241,Ivette,Wiegand
emardx312,Xochitl,Emard
ziemannc641,Claris,Ziemann
schimmelg180,Gwyn,Schimmel
ricee688,Erik,Rice
treutelr11,Roosevelt,Treutel
huelo2,Obdulia,Huel
binsj13,Jaqueline,Bins
darer711,Robbie,Dare
ornc727,Chester,Orn
watsicaa908,Agustin,Watsica
russela473,Angel,Russel
herzogr945,Rusty,Herzog
klingr861,Robyn,Kling
schroederi459,Ismael,Schroeder
keeblerp271,Patricia,Keebler
wolfe671,Eliseo,Wolf
kossc404,Chante,Koss
langj509,Jacqualine,Lang
robelk25,Kraig,Robel
morissetteg446,Gertha,Morissette
krisn800,Nevada,Kris
blocka390,Alejandro,Block
christiansens549,Sandee,Christiansen
cormierm151,Mauro,Cormier
klingg414,Giuseppe,Kling
bernhardr664,Rosalba,Bernhard
beckerp723,Pa,Becker
mayertg915,Golden,Mayert
lehnerm238,Minerva,Lehner
waelchic937,Caroyln,Waelchi
gottliebw824,Walker,Gottlieb
toyr131,Royal,Toy
walkerj233,Jeromy,Walker
bechtelars344,Shante,Bechtelar
blandar884,Rodrigo,Blanda
sauerk843,Kim,Sauer
laking641,Gregorio,Lakin
bernhardc284,Charlie,Bernhard
whitew189,William,White
rennerm413,Myles,Renner
terrys295,Shannon,Terry
watersv561,Veronique,Waters
ondrickaj576,Jae,Ondricka
hahns292,Shad,Hahn
klockoz303,Zina,Klocko
hillsl785,Loyd,Hills
wehnerm556,Margherita,Wehner
jacobsonk744,Kip,Jacobson
hermannb857,Brooke,Hermann
blandaa720,Aurelio,Blanda
daren635,Nathan,Dare
heathcoten161,Nickolas,Heathcote
considineb673,Britteny,Considine
westn617,Nelson,West
ondrickai735,Ivonne,Ondricka
conns839,Sang,Conn
breitenbergv767,Vaughn,Breitenberg
satterfieldh24,Hang,Satterfield
hauckc533,Clement,Hauck
heidenreichk330,Katharina,Heidenreich
windlerh246,Hortensia,Windler
towned724,Dirk,Towne
walshm244,Margarette,Walsh
prohaskad146,Darrin,Prohaska
harveym465,Margorie,Harvey
ritchiee375,Earl,Ritchie
dickinsond703,Dewitt,Dickinson
okunevaw200,Wenona,Okuneva
westg744,Gustavo,West
homenickw731,Wilbur,Homenick
champlinc23,Cleo,Champlin
bashirianc834,Clyde,Bashirian
cormierd645,Dylan,Cormier
mullerk603,Krysten,Muller
connt445,Tajuana,Conn
monahanh423,Herschel,Monahan
feilz769,Zack,Feil
russeld816,Dannie,Russel
rowef326,Forest,Rowe
stoltenbergm329,Margorie,Stoltenberg
mrazn393,Noelle,Mraz
okunevam548,Megan,Okuneva
ferryd350,Dixie,Ferry
schambergere456,Erwin,Schamberger
mitchellc474,Charles,Mitchell
walkerj852,Jacob,Walker
kuhicd408,Devon,Kuhic
medhurstt699,Tamisha,Medhurst
mitchellb589,Benton,Mitchell
weberm345,Mauro,Weber
gleasonk212,Katelyn,Gleason
o'connellb150,Bryant,O'Connell
mcdermotta102,Arnold,McDermott
kunzes544,Stephaine,Kunze
prohaskas622,Sherika,Prohaska
prosaccom295,Melvin,Prosacco
runolfssonc4,Calvin,Runolfsson
keelingr627,Raven,Keeling
greenholtr518,Royal,Greenholt
boyleh515,Hayden,Boyle
erdmane372,Exie,Erdman
feilm233,Mindy,Feil
funkh296,Hiram,Funk
davise109,Elenore,Davis
grimesb604,Brandon,Grimes
terryt148,Tommy,Terry
bruenh531,Holley,Bruen
stromanj496,Jerome,Stroman
ortizw218,Wilbert,Ortiz
leuschken584,Noelia,Leuschke
kuvalisl775,Laurel,Kuvalis
lefflern915,Neely,Leffler
legross370,Sean,Legros
abshirer189,Raymon,Abshire
wisokyr592,Rusty,Wisoky
o'connerl436,Lupe,O'Conner
sporerr393,Rubin,Sporer
swaniawskim109,Marcelino,Swaniawski
schuliste208,Eldora,Schulist
o'harao772,Otelia,O'Hara
boder21,Rosendo,Bode
goodwint655,Truman,Goodwin
dachl839,Laurence,Dach
harveyn684,Noma,Harvey
hermannm269,Melvin,Hermann
wisozkm594,Marty,Wisozk
weimannb14,Beckie,Weimann
cassinb708,Billy,Cassin
hilllv369,Vernia,Hilll
zemlakk959,King,Zemlak
vonruedens152,Sonya,VonRueden
harberf616,Felica,Harber
adamsm534,Maurice,Adams
terrym450,Melida,Terry
pfannerstillf213,Fredric,Pfannerstill
rathv605,Viviana,Rath
nitzschei592,Irving,Nitzsche
brownm587,Mary,Brown
reynoldsz713,Zackary,Reynolds
rutherfordc436,Clayton,Rutherford
satterfieldm372,Manuela,Satterfield
marquardte570,Ernestina,Marquardt
kulasc177,Cristopher,Kulas
jerder99,Randell,Jerde
rodriguezt258,Tisha,Rodriguez
nienowz590,Zane,Nienow
carrollm229,Melony,Carroll
walterb600,Brock,Walter
reynoldsd957,Donnetta,Reynolds
cummingsc928,Christene,Cummings
ornd107,Donn,Orn
kubd797,Daryl,Kub
legrosb470,Bill,Legros
wizai339,Ima,Wiza
breitenbergr124,Ron,Breitenberg
prosaccok732,Kelvin,Prosacco
paucekn595,Ned,Paucek
cronine580,Ehtel,Cronin
runtee284,Edmond,Runte
townes807,Steven,Towne
kohleri925,Isaiah,Kohler
grantm378,Marcy,Grant
mayert730,Titus,Mayer
hayesd513,Duncan,Hayes
mitchellm423,Modesto,Mitchell
heaneyk655,Keneth,Heaney
langoshk652,Kenny,Langosh
deckowr393,Randell,Deckow
reingerm834,Myrna,Reinger
wolffa541,Arnold,Wolff
reynoldsd180,Dante,Reynolds
ondrickat89,Thomas,Ondricka
sporerm441,Marty,Sporer
strosinj358,Jacques,Strosin
heaneys622,Sherill,Heaney
langa954,Arnoldo,Lang
skilese775,Elvira,Skiles
mannc281,Cassey,Mann
christiansenf880,Frederica,Christiansen
howella861,Anabel,Howell
goldnerv361,Viviana,Goldner
uptona763,Antwan,Upton
morarg631,Gema,Morar
mrazs530,Shawn,Mraz
grahamt413,Tran,Graham
kozeym60,Michel,Kozey
schimmelv667,Veta,Schimmel
schmidtj354,Joycelyn,Schmidt
weimanne558,Eda,Weimann
hyattl610,Lanelle,Hyatt
kihnc255,Chet,Kihn
boscoa714,Alethia,Bosco
pourosc936,Corey,Pouros
williamsonf594,Francesco,Williamson
mcculloughb404,Bobette,McCullough
kiehnh265,Hilario,Kiehn
muellerr298,Reita,Mueller
mohrf495,Fredrick,Mohr
harrism436,Melida,Harris
kreigeri461,Isidro,Kreiger
wuckertt37,Timika,Wuckert
kirlins53,Setsuko,Kirlin
shanahanl366,Letty,Shanahan
leannond802,Danuta,Leannon
collinsr402,Rosemarie,Collins
towneb187,Brunilda,Towne
gleichnerk341,Kelle,Gleichner
botsfordm97,Maynard,Botsford
goodwinh70,Hosea,Goodwin
bodej772,Jodee,Bode
feestm578,Milan,Feest
balistrerir531,Rose,Balistreri
kohlers269,Shanell,Kohler
hesselm18,Mellisa,Hessel
welchm187,Mari,Welch
rosenbaumg904,Gregg,Rosenbaum
feilv325,Vaughn,Feil
kuphalc494,Catina,Kuphal
hagenesl979,Lakeshia,Hagenes
luettgenj367,Jonell,Luettgen
champlink614,Kattie,Champlin
brekkej568,Joeann,Brekke
wehnerp579,Paris,Wehner
crooksc598,Clementina,Crooks
hammesr911,Rod,Hammes
carterj429,Jean,Carter
schumml842,Leisha,Schumm
kunded76,Domingo,Kunde
lueilwitzr121,Randell,Lueilwitz
sauerj116,Jc,Sauer
emards589,Sylvie,Emard
murphyk898,Kazuko,Murphy
gloverl697,Leonardo,Glover
huelsi946,Irving,Huels
wuckertt211,Tomas,Wuckert
nolanl574,Leigh,Nolan
wolfd174,Dahlia,Wolf
nolanm6,Mckinley,Nolan
cummeratac917,Clotilde,Cummerata
marvinl167,Lowell,Marvin
grahamb689,Blake,Graham
hackettc405,Chuck,Hackett
cruickshankr439,Russell,Cruickshank
walterc272,Claude,Walter
klingn761,Nicolasa,Kling
mullerf40,Freeman,Muller
gerholdr796,Rod,Gerhold
sporerz564,Zina,Sporer
runolfsdottirr325,Remedios,Runolfsdottir
dibberta406,Anjelica,Dibbert
botsfordk243,Kassandra,Botsford
gulgowskiv591,Vanita,Gulgowski
o'keefec745,Charlette,O'Keefe
kiehnh38,Hector,Kiehn
reichertc66,Charlott,Reichert
jacobst698,Tifany,Jacobs
schmidtm238,Milagros,Schmidt
brakusk394,Kristal,Brakus
pacochaj454,Joe,Pacocha
stiedemannb796,Buford,Stiedemann
langworthj514,Jovan,Langworth
bednarl806,Lane,Bednar
lakinr523,Rudolf,Lakin
stokesd504,Dean,Stokes
pagacs142,Savanna,Pagac
daughertyf846,Felipe,Daugherty
schulistg371,Geraldo,Schulist
dachb60,Boyd,Dach
herzogt668,Tamar,Herzog
mraza245,Adam,Mraz
vonh481,Hubert,Von
vonruedens275,Stepanie,VonRueden
binse235,Elden,Bins
handc403,Coy,Hand
o'kont658,Taylor,O'Kon
feeneyj485,Johnnie,Feeney
heathcotet519,Timothy,Heathcote
hopper73,Russell,Hoppe
grimess315,Stacey,Grimes
wiegandd116,Dimple,Wiegand
wittinge722,Eda,Witting
kerlukec232,Camie,Kerluke
bartolettim846,Mirna,Bartoletti
cummingsi944,Inge,Cummings
breitenbergk969,Karlene,Breitenberg
cormierc160,Charlette,Cormier
kuvalisd497,Dexter,Kuvalis
lueilwitzm448,Meta,Lueilwitz
reingerf757,Franklyn,Reinger
batza553,Alpha,Batz
welcha469,Adell,Welch
streichc636,Chantal,Streich
runolfssons946,Shawanna,Runolfsson
cormierd258,Derrick,Cormier
howet959,Trang,Howe
dachg77,Gigi,Dach
schmelerl972,Lucius,Schmeler
greenj472,Johanna,Green
swiftg837,Greg,Swift
tillmana235,Arlen,Tillman
hoppem331,Melodi,Hoppe
flatleyc457,Chester,Flatley
marquardtr88,Roberto,Marquardt
pricea151,Alvera,Price
schmittd362,Delbert,Schmitt
sauerl683,Lyla,Sauer
muellerc707,Cheryll,Mueller
hoegers733,Samual,Hoeger
durganh639,Hilario,Durgan
abernathyc279,Catrice,Abernathy
dickim544,Marylee,Dicki
hoegerk95,Kari,Hoeger
funka339,Angele,Funk
streichl308,Lindsay,Streich
whitei248,Isreal,White
strosinj886,Jaime,Strosin
luettgenb207,Bradley,Luettgen
jakubowskie257,Eugenie,Jakubowski
hammest409,Teena,Hammes
kundes410,Simon,Kunde
wehnern274,Nicolette,Wehner
fadell20,Leonel,Fadel
schroedera86,Alma,Schroeder
hirthev65,Vaughn,Hirthe
krisc886,Chung,Kris
trompr59,Rhoda,Tromp
hamillm978,Matthew,Hamill
bechtelarl413,Lola,Bechtelar
davisj648,Johnson,Davis
corwinj818,Jeremy,Corwin
tillmana205,Ashlee,Tillman
hesselv159,Vivan,Hessel
stromana284,Alexander,Stroman
macejkovicm164,Marshall,Macejkovic
kertzmannl806,Loyd,Kertzmann
mcculloughd167,Deidra,McCullough
lueilwitzg24,Gloria,Lueilwitz
bartolettif8,Frank,Bartoletti
harrisb8,Blair,Harris
d'amorej99,Jeromy,D'Amore
greenr960,Rashida,Green
schinnerb978,Beatriz,Schinner
ankundingb363,Bethany,Ankunding
lubowitzd384,Dann,Lubowitz
lubowitzc694,Claudio,Lubowitz
reingerd115,Debbra,Reinger
romaguerat49,Tereasa,Romaguera
johnstonc109,Cyrus,Johnston
wolffm120,Mildred,Wolff
padbergw117,Walton,Padberg
kosse966,Earline,Koss
kozeyc918,Clarissa,Kozey
ritchiea700,Aldo,Ritchie
feils56,Sixta,Feil
cruickshankw170,Winona,Cruickshank
sawaynf441,Fermin,Sawayn
howej458,Jeanie,Howe
shanahanc562,Clark,Shanahan
goyettem780,Marlin,Goyette
dubuquev559,Vania,DuBuque
heathcotea765,Antonietta,Heathcote
schmittm374,Michal,Schmitt
mitchells402,Saturnina,Mitchell
connp373,Paz,Conn
walterk147,Keeley,Walter
cruickshanka642,Adan,Cruickshank
gutmannc439,Conrad,Gutmann
ornn722,Nydia,Orn
johnsonn932,Nohemi,Johnson
mcclurec590,Claudio,McClure
jacobsona898,Annett,Jacobson
boganv883,Verna,Bogan
deckowc356,Cedric,Deckow
hamilly876,Yu,Hamill
hansent732,Tory,Hansen
stehrl203,Lacy,Stehr
huels485,Sumiko,Huel
nikolausr91,Rickie,Nikolaus
hirtheh207,Harriette,Hirthe
pfefferv978,Vanda,Pfeffer
hermanh930,Hortense,Herman
wehners673,Sage,Wehner
keelingn429,Nada,Keeling
pagacd609,Darell,Pagac
hagenesm850,Minna,Hagenes
lueilwitzc765,Cira,Lueilwitz
westl741,Lavona,West
schummd381,Daniela,Schumm
flatleyc298,Cruz,Flatley
rodriguezc568,Carmina,Rodriguez
kihnm173,Melda,Kihn
krisl224,Lucy,Kris
bednarw720,Wilburn,Bednar
turcottet520,Twanna,Turcotte
rempelc723,Carroll,Rempel
sanfordg142,Ginny,Sanford
bergstromj230,Jospeh,Bergstrom
crooksj272,Jacqueline,Crooks
raynorm829,Mitchell,Raynor
schmidtg226,Gordon,Schmidt
powlowskio98,Odis,Powlowski
littlek231,Kristeen,Little
bogann345,Nery,Bogan
hermistonm495,Myron,Hermiston
sengerj285,Juan,Senger
morarf639,Faviola,Morar
bergek81,Kristy,Berge
konopelskie523,Eliseo,Konopelski
schroederj324,Jamaal,Schroeder
o'keefeg728,Gordon,O'Keefe
corkeryf746,Frankie,Corkery
hegmannn336,Nicolas,Hegmann
mclaughlinr732,Roberto,McLaughlin
torphyb656,Brendon,Torphy
botsfordc550,Carlotta,Botsford
swaniawskit136,Titus,Swaniawski
mertzj481,James,Mertz
schulistl570,Lauretta,Schulist
bashirianj578,Joyce,Bashirian
hodkiewiczk504,Kori,Hodkiewicz
mcclurea787,Alaina,McClure
mayertm301,Mauro,Mayert
walterj214,Jamey,Walter
tillmanr2,Randy,Tillman
lindgrenl298,Lyman,Lindgren
rowep463,Pasquale,Rowe
shieldsj914,Jacqualine,Shields
toya613,Agustin,Toy
wintheiserr66,Roseanna,Wintheiser
christiansens647,Sung,Christiansen
mertzl592,Leta,Mertz
douglasb256,Betsey,Douglas
pfefferg278,Gabriel,Pfeffer
robelj867,Julene,Robel
ullricht801,Tony,Ullrich
vonruedenj768,Juan,VonRueden
o'keefea819,Antonio,O'Keefe
carrollt930,Tawna,Carroll
littelj133,Jacques,Littel
davisc6,Clora,Davis
raynors980,Sandee,Raynor
emardm925,Milan,Emard
krajcikg520,Geraldo,Krajcik
weissnatb341,Brandon,Weissnat
mayertl875,Lorena,Mayert
schultzs198,Shanice,Schultz
adamsv263,Vernice,Adams
volkmanf578,Francis,Volkman
hegmannr966,Reginald,Hegmann
cummingsf415,Frank,Cummings
connellyl353,Leonardo,Connelly
gibsonb885,Ben,Gibson
reynoldsc941,Coretta,Reynolds
schusterg66,Genaro,Schuster
doyler98,Rico,Doyle
conroyf544,Fredrick,Conroy
ricei372,Ivory,Rice
hesselm539,Maybelle,Hessel
hudsonr459,Rana,Hudson
bogisicho834,Owen,Bogisich
dickip906,Paula,Dicki
mcculloughe912,Ellis,McCullough
braund412,Delores,Braun
hettingerf479,Fanny,Hettinger
zemlakr393,Reena,Zemlak
hicklek937,Kendra,Hickle
torphyc765,Casandra,Torphy
gaylorda797,Adelia,Gaylord
jerdev656,Vincent,Jerde
swiftc272,Carolee,Swift
schroederb181,Bettina,Schroeder
hesselm227,Marylouise,Hessel
strosinr528,Reatha,Strosin
considined493,Dudley,Considine
lynchv700,Vince,Lynch
harrisg751,Galen,Harris
purdyh186,Hien,Purdy
shanahanm219,Merlin,Shanahan
kiehne716,Elijah,Kiehn
brownj133,Jarred,Brown
lynchy246,Yuriko,Lynch
eberts65,Sharri,Ebert
schaeferr304,Reginald,Schaefer
nadero790,Ozell,Nader
manted669,Douglas,Mante
bergstromn657,Nenita,Bergstrom
kiehnt639,Torie,Kiehn
prosaccoa468,Anika,Prosacco
lynchf952,Fritz,Lynch
kovacekd979,Deandre,Kovacek
bednarc72,Carmelo,Bednar
kshlerinm276,Marisa,Kshlerin
weimannd875,Dominique,Weimann
marquardtt465,Tyler,Marquardt
brownn408,Noel,Brown
bashiriana411,Annabell,Bashirian
kuhich111,Hubert,Kuhic
jaskolskir39,Rocco,Jaskolski
lynchs926,Sanford,Lynch
hirthel833,Li,Hirthe
schmidtp720,Pedro,Schmidt
zemlake322,Elfreda,Zemlak
thompsonr263,Royce,Thompson
wildermanr55,Rina,Wilderman
ernserc727,Chandra,Ernser
stehra370,Annette,Stehr
haagf529,Francesco,Haag
pourosf466,Francie,Pouros
bartonl55,Lavelle,Barton
parkerj766,Jerry,Parker
durganp8,Percy,Durgan
denesikw821,Wilfred,Denesik
jakubowskip746,Porsche,Jakubowski
faheyd137,Doug,Fahey
rower588,Renee,Rowe
browne706,Evelia,Brown
goldnerk524,Kirk,Goldner
haagb130,Bernardine,Haag
schulistc326,Carlita,Schulist
kleinm252,Malcolm,Klein
durgana801,Arnold,Durgan
bednara808,Arron,Bednar
lebsackj706,Junita,Lebsack
bradtkem357,Micheal,Bradtke
volkmana250,Aurore,Volkman
reynoldss215,Son,Reynolds
prosaccoe883,Elijah,Prosacco
o'haram106,Mandie,O'Hara
durganl595,Lawanda,Durgan
swaniawskik66,Kati,Swaniawski
wildermana800,Albertha,Wilderman
torphyb518,Boyce,Torphy
bruenm370,Myesha,Bruen
o'keefet304,Tobias,O'Keefe
ritchier909,Rory,Ritchie
armstrongr181,Royal,Armstrong
swiftc861,Cyrus,Swift
harveyt202,Tyrone,Harvey
schmelerl92,Lesley,Schmeler
heathcotea448,Arie,Heathcote
skilese285,Elwood,Skiles
hayesc228,Calista,Hayes
sengerg774,Georgiann,Senger
runolfsdottirj31,James,Runolfsdottir
handd482,Dewey,Hand
willmsc611,Cyrus,Willms
oberbrunnerl187,Lanette,Oberbrunner
abernathys461,Sarah,Abernathy
quitzonn230,Norbert,Quitzon
moores778,Sha,Moore
leuschken943,Noble,Leuschke
pricem576,Marybeth,Price
reingerc257,Cleveland,Reinger
goldnerc870,Catina,Goldner
luettgenc934,Charolette,Luettgen
schmittl373,Lester,Schmitt
weissnata196,Abbie,Weissnat
vonruedend173,Douglass,VonRueden
hayess78,Sonja,Hayes
trompr948,Roman,Tromp
satterfieldc184,Cristina,Satterfield
durganf545,Fatima,Durgan
buckridgec942,Cristobal,Buckridge
berget646,Tamra,Berge
oberbrunnerw19,Warner,Oberbrunner
kuvaliss813,Shizuko,Kuvalis
wolfc919,Clifford,Wolf
goodwinf152,Frederick,Goodwin
lednerd464,Danyel,Ledner
heidenreichc924,Caryn,Heidenreich
cummingsy353,Yolonda,Cummings
pricel72,Loraine,Price
kings271,Stephanie,King
gorczanyr301,Ricardo,Gorczany
hower757,Rochel,Howe
durgans132,Shiela,Durgan
abbotte701,Elias,Abbott
schimmelr472,Rubin,Schimmel
lednerc730,Calvin,Ledner
gottliebd579,Domenic,Gottlieb
ondrickao5,Odell,Ondricka
kuhicm709,Mikel,Kuhic
kihnl265,Laronda,Kihn
champlinl392,Librada,Champlin
torphyh1,Hobert,Torphy
boscof803,Faustino,Bosco
abshiree223,Emmaline,Abshire
keelingj416,Jamie,Keeling
lueilwitzb816,Bee,Lueilwitz
emardg666,Gail,Emard
schmittb151,Bo,Schmitt
hilpertj546,Jerrod,Hilpert
pricea735,Adria,Price
wildermant250,Tyree,Wilderman
altenwerthd880,Dalton,Altenwerth
hermistonr455,Raymond,Hermiston
denesikc941,Coleman,Denesik
kuvalisc699,Caleb,Kuvalis
faheyb653,Burl,Fahey
torphyw370,Wanetta,Torphy
reicherts399,Shasta,Reichert
macejkovick732,Karren,Macejkovic
heidenreichv237,Victor,Heidenreich
stamml517,Le,Stamm
metza108,Aida,Metz
ondrickam160,Mora,Ondricka
pfannerstillh268,Hiram,Pfannerstill
yostf108,Freddie,Yost
mosciskin939,Norman,Mosciski
legrosk415,Kim,Legros
brakusf74,Federico,Brakus
durgant332,Toccara,Durgan
stokesm378,Mariano,Stokes
harberr312,Roberta,Harber
kovaceks331,Shari,Kovacek
wille133,Elmo,Will
hacketth221,Hertha,Hackett
bergstromp614,Pok,Bergstrom
boyles716,Stefanie,Boyle
walterd738,Dallas,Walter
langw727,Wilbert,Lang
krajcikm864,Marco,Krajcik
swaniawskit523,Tobias,Swaniawski
dachg340,Gena,Dach
macgyverl182,Lanelle,MacGyver
o'connery564,Yanira,O'Conner
buckridgej339,Jamal,Buckridge
mullerh32,Hector,Muller
wisozkr832,Rolland,Wisozk
funkd945,Debbra,Funk
rueckers658,Sanford,Ruecker
trompl209,Lela,Tromp
batzs436,Shayne,Batz
harveyk957,Kennith,Harvey
sipesn476,Neoma,Sipes
bartonj675,Joe,Barton
denesikw566,Wilmer,Denesik
prosaccor658,Russell,Prosacco
beerb955,Bao,Beer
turnerg652,Glennie,Turner
littelh118,Ha,Littel
abbottr521,Roberto,Abbott
mannf874,Frankie,Mann
krajcikj725,Johnnie,Krajcik
larkinh411,Hortense,Larkin
vonruedena840,Agueda,VonRueden
beckerl737,Lashaunda,Becker
pourosj6,Jadwiga,Pouros
haagl250,Lupe,Haag
krajciko95,Orville,Krajcik
kesslera679,Antione,Kessler
torpm524,Mikki,Torp
danielk254,Kirk,Daniel
mcculloughh667,Hector,McCullough
dachc612,Coy,Dach
stokesr7,Russell,Stokes
powlowskid734,Daisey,Powlowski
reynoldsa344,Art,Reynolds
blandak542,Kanisha,Blanda
walshe601,Elenore,Walsh
okunevam391,Myron,Okuneva
nicolasc378,Cesar,Nicolas
jacobie692,Edmund,Jacobi
colej525,Jesus,Cole
romaguerag11,Grant,Romaguera
rodrigueze321,Erich,Rodriguez
feeneyt446,Tammy,Feeney
schoent696,Tyson,Schoen
bogisiche135,Ernesto,Bogisich
rippink943,Keitha,Rippin
kuphals869,Sixta,Kuphal
lehnerw475,Waldo,Lehner
dooleyj305,Jeffry,Dooley
volkmana97,Anisa,Volkman
schimmell945,Lynetta,Schimmel
ortizd718,Dona,Ortiz
langworthb368,Blanche,Langworth
steuberm935,Morris,Steuber
beierb333,Byron,Beier
runolfssonr905,Russ,Runolfsson
mayerm20,Megan,Mayer
torpg8,Gino,Torp
corwinn403,Newton,Corwin
ratkea519,April,Ratke
willmsb405,Broderick,Willms
swaniawskid486,Denny,Swaniawski
wisozkc250,Cary,Wisozk
armstrongh129,Hassan,Armstrong
bergej36,Jonie,Berge
wills113,Shad,Will
crooksj847,Josh,Crooks
brekker405,Ronnie,Brekke
raynore472,Edmund,Raynor
nicolasf698,Frida,Nicolas
caspera415,Archie,Casper
bartolettil906,Lenny,Bartoletti
larkino270,Omer,Larkin
paucekc852,Cedrick,Paucek
schambergerv348,Vaughn,Schamberger
hammesj299,Jetta,Hammes
nolanr254,Rebbecca,Nolan
goldnerb477,Bill,Goldner
schmelerw601,Wayne,Schmeler
hauckf488,Frederick,Hauck
ziemey189,Yoko,Zieme
kochm188,Michaele,Koch
kreigerm540,Major,Kreiger
hintza595,Angelena,Hintz
ebertt493,Tawnya,Ebert
bartonz849,Zoraida,Barton
nikolaush864,Hector,Nikolaus
ritchieb123,Benito,Ritchie
gaylordr332,Rossana,Gaylord
bauchb121,Billy,Bauch
bayerb440,Brandon,Bayer
lakina345,Alanna,Lakin
cronal319,Leonard,Crona
hacketth72,Herman,Hackett
sengerc788,Chance,Senger
wintheiserg599,Gerri,Wintheiser
uptonr479,Ronny,Upton
schumml302,Latosha,Schumm
kerlukes481,Salina,Kerluke
beattyq796,Quinn,Beatty
wolffd674,Delsie,Wolff
fayj52,Jinny,Fay
gorczanyr554,Rebekah,Gorczany
satterfieldh658,Herta,Satterfield
nadera47,Augustina,Nader
halvorsonl751,Leonel,Halvorson
ortizy409,Yolanda,Ortiz
ratkeb805,Bret,Ratke
leschm230,Margarett,Lesch
blockr510,Rickie,Block
baucho524,Oliver,Bauch
boehml149,Lenard,Boehm
gradyp88,Pamala,Grady
cartwrightt701,Tera,Cartwright
borerb534,Babette,Borer
schmelera474,Ashley,Schmeler
ziemeb294,Brittani,Zieme
padbergr676,Rico,Padberg
cormiers108,Selma,Cormier
johnsp677,Parker,Johns
kemmerc848,Charlette,Kemmer
hellerc597,Charlene,Heller
rennerv659,Valentin,Renner
kovacekq869,Quintin,Kovacek
ziemanns339,Sal,Ziemann
bergstromo220,Odilia,Bergstrom
hoegere622,Easter,Hoeger
gislasonm214,Melvin,Gislason
simonisr271,Robert,Simonis
bogant321,Tomeka,Bogan
mclaughlinn617,Nicky,McLaughlin
hermistony28,Yang,Hermiston
mclaughlinl589,Louie,McLaughlin
zemlakr427,Ryan,Zemlak
trompr199,Robby,Tromp
rempell875,Lino,Rempel
stromanl50,Luanne,Stroman
westd114,Damon,West
collinsy355,Yoko,Collins
sporera380,Allena,Sporer
langoshp74,Pierre,Langosh
heidenreichb692,Blair,Heidenreich
lueilwitzc201,Charmain,Lueilwitz
pollichd267,Douglas,Pollich
pollicha957,Arnoldo,Pollich
hudsonh48,Hang,Hudson
breitenbergl52,Laurence,Breitenberg
goodwing933,Greta,Goodwin
hessels695,Sheri,Hessel
sauers942,Sage,Sauer
fritschs755,Stepanie,Fritsch
champlinc27,Carly,Champlin
cassins518,Sondra,Cassin
herzogn173,Nestor,Herzog
bayerc768,Carlos,Bayer
conroyc248,Christiana,Conroy
funkd816,Daron,Funk
stammj880,Janis,Stamm
batzd968,Donette,Batz
carrollx213,Xavier,Carroll
hilpertc737,Carmelo,Hilpert
cruickshankt949,Terrell,Cruickshank
koeppb505,Bradford,Koepp
leuschkeb904,Buster,Leuschke
paucekp441,Parker,Paucek
cummingsg332,Gonzalo,Cummings
kihnp731,Pearly,Kihn
krisr460,Richie,Kris
kassulkec645,Chu,Kassulke
friesena493,Angelo,Friesen
ebertp295,Pablo,Ebert
wisokyw403,Wilmer,Wisoky
gutkowskia161,Adan,Gutkowski
considinet210,Tomas,Considine
dared399,Donnell,Dare
nicolasl704,Lyla,Nicolas
smithamd552,Doreen,Smitham
littlec469,Cori,Little
gerholdt749,Tashina,Gerhold
rennerm309,Murray,Renner
shanahanr932,Roseanne,Shanahan
quitzons400,Stacey,Quitzon
orna465,Aracely,Orn
doylej234,Julieta,Doyle
spinkan43,Neil,Spinka
labadiet797,Tamala,Labadie
kassulkej685,Joan,Kassulke
willmsl474,Lani,Willms
schadenj28,Jerome,Schaden
altenwerthl774,Larraine,Altenwerth
kuhicn328,Nicolas,Kuhic
tromps854,Stanton,Tromp
blandac690,Chance,Blanda
kubg471,Gricelda,Kub
millsd222,Delana,Mills
heidenreichh483,Hollis,Heidenreich
creming101,Gertie,Cremin
faheys187,Sydney,Fahey
mayero816,Odis,Mayer
kuhnc645,Clifford,Kuhn
bogang319,Garland,Bogan
grimesd409,Darcel,Grimes
skilesa389,Arlinda,Skiles
wehnery757,Yesenia,Wehner
hermanne881,Elvira,Hermann
bernieri124,Isela,Bernier
sauerc768,Coralie,Sauer
zboncaks52,Sherly,Zboncak
terryl920,Lakita,Terry
gutkowskin768,Nedra,Gutkowski
kossm172,Mika,Koss
stehrb890,Ben,Stehr
mullerw628,Wiley,Muller
abshires7,Sophia,Abshire
leschm285,Mickey,Lesch
huelsg211,Georgetta,Huels
conroyr661,Rolf,Conroy
williamsong369,Geraldo,Williamson
rogahnr932,Raleigh,Rogahn
balistrerit944,Tristan,Balistreri
murazikn307,Nannette,Murazik
auero395,Orval,Auer
sanfordt591,Todd,Sanford
runolfssonc103,Cassey,Runolfsson
watsicak927,Kristofer,Watsica
swaniawskic719,Carie,Swaniawski
hoegerd490,David,Hoeger
jaskolskig819,Gordon,Jaskolski
caspert526,Thea,Casper
turnera467,Ammie,Turner
olsonk622,Kip,Olson
spinkam609,Mozelle,Spinka
gradyr237,Rena,Grady
schowalterj597,Jean,Schowalter
langk525,Kay,Lang
pagacb38,Breana,Pagac
collierl573,Lucina,Collier
o'konb588,Bulah,O'Kon
labadieb174,Bert,Labadie
kesslerm790,Marshall,Kessler
beierc680,Carlos,Beier
webere860,Emilio,Weber
morart898,Teresita,Morar
stromanl754,Larry,Stroman
brekkem673,Minh,Brekke
osinskic80,Cletus,Osinski
vone272,Ericka,Von
o'reillyr437,Royce,O'Reilly
welchf692,Francisca,Welch
aufderharl478,Lucilla,Aufderhar
crookse820,Esperanza,Crooks
romaguerah591,Hildegarde,Romaguera
lueilwitza214,Angel,Lueilwitz
gradyw300,Wendell,Grady
schmittc266,Claudia,Schmitt
collierr387,Renato,Collier
naderm324,Marg,Nader
mckenziea221,Alexis,McKenzie
fadelc7,Cheryll,Fadel
abernathyt542,Timothy,Abernathy
mooree99,Ena,Moore
harberb599,Boris,Harber
pagacj612,Jackson,Pagac
jakubowskic538,Cruz,Jakubowski
rempelw369,Wilburn,Rempel
jenkinsr324,Rupert,Jenkins
dubuquel901,Luciano,DuBuque
feestc170,Charles,Feest
lehnerr885,Ricarda,Lehner
zboncakk769,Karina,Zboncak
mohrw572,Wilton,Mohr
ullrichf574,Federico,Ullrich
bergnaump208,Penelope,Bergnaum
stammb666,Barney,Stamm
hoegerl456,Lamar,Hoeger
macgyvert368,Terese,MacGyver
gutmannm215,Mohammed,Gutmann
gradym522,Malvina,Grady
paucekk933,Kymberly,Paucek
faym8,Modesto,Fay
rippinf146,Frankie,Rippin
russelw671,Wilson,Russel
medhurstf835,Francesco,Medhurst
wittingd219,Domingo,Witting
bogisiche58,Eda,Bogisich
hintzs489,Shaquita,Hintz
fayp155,Palmira,Fay
hesselm898,Malcom,Hessel
marquardtg483,Grazyna,Marquardt
ernserr525,Rashad,Ernser
schadenp589,Penelope,Schaden
robertsd280,Douglas,Roberts
cummerataj301,Jacqui,Cummerata
douglasi493,Ivan,Douglas
osinskiw587,Wenona,Osinski
leuschkeq325,Quinn,Leuschke
bednark828,Kraig,Bednar
ullrichm940,Mickie,Ullrich
barrowsl99,Loren,Barrows
keeblerj239,Jeanna,Keebler
hermannc122,Clarine,Hermann
rolfsonf790,Francis,Rolfson
bahringerr730,Rod,Bahringer
vonruedend513,Deanna,VonRueden
mantec230,Carson,Mante
brekkee47,Emmett,Brekke
pagacn321,Nieves,Pagac
rempelc204,Celestina,Rempel
gutmannd185,Daryl,Gutmann
runolfsdottire930,Eddie,Runolfsdottir
kozeyy788,Yvonne,Kozey
steuberk453,Kelvin,Steuber
harveyg394,Georgeanna,Harvey
westd877,Drema,West
kozeyn403,Noel,Kozey
auerl656,Lucrecia,Auer
hermannh712,Hettie,Hermann
stokesr234,Reginia,Stokes
colel266,Leeanna,Cole
funka59,Adelia,Funk
turcotted741,Dinorah,Turcotte
baumbacht755,Tama,Baumbach
moorev267,Vincenzo,Moore
mckenziet756,Tony,McKenzie
kirlina546,Apryl,Kirlin
wittingf934,Foster,Witting
bruenv370,Virginia,Bruen
terryd356,Drew,Terry
o'haram445,Man,O'Hara
walterb956,Broderick,Walter
williamsonf127,Federico,Williamson
lindgrenm573,Mabel,Lindgren
powlowskic34,Cortez,Powlowski
o'connellh326,Homer,O'Connell
keelingt868,Tyisha,Keeling
bradtker46,Randall,Bradtke
hellerc239,Cliff,Heller
bernierh593,Herschel,Bernier
cartwrightl828,Lashaunda,Cartwright
purdyt780,Treasa,Purdy
wehnerw698,Willy,Wehner
terrym112,Maribel,Terry
ziemannk45,Karl,Ziemann
uptonr504,Royal,Upton
haagf404,Frank,Haag
stiedemanne443,Evan,Stiedemann
stehrf229,Forrest,Stehr
breitenbergb210,Blake,Breitenberg
quitzons767,Sammie,Quitzon
lesche889,Edmond,Lesch
pfannerstillo518,Ozzie,Pfannerstill
hintza145,Alona,Hintz
zulaufc399,Charlie,Zulauf
cormierk336,Kenny,Cormier
skilesj132,Johnie,Skiles
hilperte405,Edwin,Hilpert
kemmerz644,Zack,Kemmer
bernhardc779,Collen,Bernhard
yosts242,Shantelle,Yost
lehnerv893,Vaughn,Lehner
pfannerstilla791,Alan,Pfannerstill
carterm150,Marhta,Carter
mcglynna17,Antoine,McGlynn
hyattm25,Mallie,Hyatt
davism176,Madalyn,Davis
schmittl176,Levi,Schmitt
hirtheb693,Benedict,Hirthe
beierb553,Booker,Beier
collierr294,Rigoberto,Collier
feeneyj352,Jayme,Feeney
reillyj242,Johnson,Reilly
corkerym372,Monroe,Corkery
haleyp97,Pauletta,Haley
hansena499,Angelo,Hansen
crookse12,Erline,Crooks
schulistb794,Brock,Schulist
jacobsona101,Angela,Jacobson
hillsr824,Rosalyn,Hills
mitchellc626,Cira,Mitchell
goodwinv597,Vaughn,Goodwin
brekker789,Rusty,Brekke
schmidtm901,Margarito,Schmidt
terryn971,Nigel,Terry
moenh794,Hugh,Moen
parisians603,Sanford,Parisian
douglasd720,Dylan,Douglas
goldnerm869,Maragaret,Goldner
wunschk814,Ken,Wunsch
gleasons852,Sam,Gleason
o'connelld384,Dorsey,O'Connell
spencerr383,Rogelio,Spencer
ferrye116,Eddie,Ferry
durganm302,Mauro,Durgan
lakint883,Thea,Lakin
torpc649,Clarence,Torp
kunzeb679,Barney,Kunze
muellerc377,Chang,Mueller
stammj484,Johnathan,Stamm
andersonr122,Rudolph,Anderson
kreigerj502,Jordan,Kreiger
funkr897,Ricky,Funk
gorczanyl83,Ludivina,Gorczany
jaskolskir787,Ronny,Jaskolski
dietrichs339,Salvador,Dietrich
sporerb15,Bailey,Sporer
jonesv602,Vickie,Jones
schuppem678,Man,Schuppe
pricea34,Annette,Price
medhurstw954,Wilson,Medhurst
hillsk530,Kristeen,Hills
marvinc445,Catherina,Marvin
runter344,Ray,Runte
thielm805,Miles,Thiel
hagenesa265,Anitra,Hagenes
borerc804,Cyrus,Borer
schuppeh292,Hang,Schuppe
mcdermotti596,Izola,McDermott
jenkinsr645,Ramon,Jenkins
prosaccob824,Bert,Prosacco
windleri374,Ivy,Windler
bernierc931,Clara,Bernier
grimesb940,Beau,Grimes
lebsacka975,Alfredia,Lebsack
brakusc477,Coreen,Brakus
connellyf317,Floy,Connelly
pourosn180,Nicolette,Pouros
smithams875,Sang,Smitham
skiless166,Star,Skiles
schambergert788,Tracey,Schamberger
baumbachs384,Sheldon,Baumbach
ortizc338,Cheyenne,Ortiz
fayg86,Gala,Fay
keeblert837,Trinidad,Keebler
armstrongs701,Soon,Armstrong
cristf291,Florene,Crist
bergstroms682,Shayne,Bergstrom
swiftr772,Rosemarie,Swift
hilpertv668,Valrie,Hilpert
quitzonz751,Zandra,Quitzon
kiehna548,Amalia,Kiehn
grahamj74,Jesusa,Graham
sporerd176,Doreatha,Sporer
rolfsonc825,Claudio,Rolfson
bednare460,Eric,Bednar
grimesj745,Jody,Grimes
fritschf285,Fredric,Fritsch
pourosv826,Vanda,Pouros
carrolla477,Antonia,Carroll
gradys958,Sonny,Grady
bayerk106,Krystle,Bayer
monahane841,Emely,Monahan
framib748,Bryce,Frami
baumbachv397,Vesta,Baumbach
parisianf404,Forrest,Parisian
mclaughlink256,Kia,McLaughlin
powlowskil409,Laurence,Powlowski
koeppd901,Danica,Koepp
kuhicm43,Marcelo,Kuhic
mrazn43,Nestor,Mraz
kuphald89,Dede,Kuphal
gerholdb886,Brady,Gerhold
dickis798,Santa,Dicki
padbergl761,Luis,Padberg
mullerd238,Dave,Muller
herzoge306,Eleanora,Herzog
kingw641,Wallace,King
klockor428,Roscoe,Klocko
howen577,Neville,Howe
davisj710,Jamie,Davis
andersond50,Daron,Anderson
macejkovicj353,Johnsie,Macejkovic
kunzef695,Freeman,Kunze
wehnerj141,Jesse,Wehner
lednerk467,Kiyoko,Ledner
schneiders903,Shan,Schneider
marquardtm234,Mason,Marquardt
kingm193,Mindy,King
langa364,Andrew,Lang
larsonr707,Rodrigo,Larson
collierp881,Pamula,Collier
feesti883,Inez,Feest
rosenbaumj342,Jack,Rosenbaum
stehrm282,Margarito,Stehr
whiteb15,Barney,White
klockot939,Tamesha,Klocko
darek114,Kurt,Dare
kautzerh699,Hildred,Kautzer
gloverc200,Cruz,Glover
kochw829,Winfred,Koch
marksb664,Buddy,Marks
dooleya72,Austin,Dooley
kreigerc431,Cleta,Kreiger
langoshs652,Sabina,Langosh
bergnaumh367,Hillary,Bergnaum
dietrichr925,Ronny,Dietrich
lehnerg451,Georgiann,Lehner
steubern855,Noella,Steuber
howem156,Marsha,Howe
borerl480,Lita,Borer
reichelr423,Retha,Reichel
weissnaty43,Yoshie,Weissnat
riceb890,Broderick,Rice
kovacekj388,Jerrell,Kovacek
oberbrunnerm804,Marty,Oberbrunner
sporerd472,Della,Sporer
rennera188,Arlinda,Renner
gusikowskid710,Danilo,Gusikowski
wittingc399,Clementine,Witting
torphya640,Ara,Torphy
beckerd873,Dagmar,Becker
larkinw689,Wyatt,Larkin
lakinl350,Lowell,Lakin
brekkek418,Katherine,Brekke
raynorm542,Marshall,Raynor
wiegandj669,Jackqueline,Wiegand
gerholdm165,Melanie,Gerhold
mayertg855,Garfield,Mayert
lednerb453,Bao,Ledner
swaniawskia279,Ayesha,Swaniawski
kosst509,Tresa,Koss
mitchellt925,Tristan,Mitchell
mooret632,Thea,Moore
smithamh508,Heath,Smitham
creming296,Gustavo,Cremin
pfefferj608,Jerilyn,Pfeffer
kemmerm950,Marni,Kemmer
ornn823,Nathan,Orn
johnstona152,Arthur,Johnston
vandervortm32,Myles,Vandervort
schowalterc624,Cortney,Schowalter
leannont198,Tawna,Leannon
muellers822,Sergio,Mueller
leuschkem840,Marisela,Leuschke
dickiy526,Yahaira,Dicki
pourosj594,James,Pouros
huelj164,Joella,Huel
emardl603,Larry,Emard
townez779,Zack,Towne
stiedemanna320,Adria,Stiedemann
kutchn74,Normand,Kutch
macejkovicq100,Quintin,Macejkovic
kemmere561,Eulah,Kemmer
rippint222,Theodore,Rippin
christianseno929,Otha,Christiansen
nienowr913,Ramona,Nienow
franeckie108,Ethan,Franecki
ricel756,Latesha,Rice
johnsa741,Almeta,Johns
cronint919,Taunya,Cronin
gottliebd273,Darlene,Gottlieb
binsg422,Genie,Bins
corwind437,David,Corwin
weberj581,Julio,Weber
goodwins477,Sindy,Goodwin
sanfordj976,Johnie,Sanford
kautzere464,Edison,Kautzer
trantowt441,Tarra,Trantow
uptone713,Elfriede,Upton
lynchc438,Clemente,Lynch
abbottm143,Maisie,Abbott
gerholda915,Alysa,Gerhold
fisherd387,David,Fisher
mertzs838,Shara,Mertz
sauerg86,German,Sauer
christiansenl729,Loreen,Christiansen
kozeyb373,Benito,Kozey
cormiere262,Emerson,Cormier
kiehnn884,Nam,Kiehn
langoshl918,Lieselotte,Langosh
sawaynr4,Rich,Sawayn
schmelerm851,Marc,Schmeler
aufderharn301,Niesha,Aufderhar
kohlerc598,Crystle,Kohler
veumw648,Wiley,Veum
dickenss49,Sheridan,Dickens
boscoe5,Elizabet,Bosco
watersw747,Wally,Waters
rowec449,Christene,Rowe
connellyc850,Catalina,Connelly
kertzmannm897,Marta,Kertzmann
buckridges337,Solange,Buckridge
adamsy766,Yvonne,Adams
bartolettiw534,Wesley,Bartoletti
fadeld339,Demarcus,Fadel
steuberj957,Jessia,Steuber
nienowm371,Michaele,Nienow
bodet236,Terrell,Bode
mertzh936,Humberto,Mertz
macejkovicb50,Briana,Macejkovic
rogahnt301,Tomas,Rogahn
legrosj233,Julio,Legros
o'connert533,Thanh,O'Conner
welchd516,Darrel,Welch
nicolasw67,Wilton,Nicolas
schroederj112,Jason,Schroeder
hands760,Steve,Hand
hauckj550,Julienne,Hauck
treutelj922,Jetta,Treutel
monahann319,Noble,Monahan
o'reillyt368,Tesha,O'Reilly
stromano306,Orval,Stroman
pollichg710,Garret,Pollich
krajcikt764,Tammi,Krajcik
labadier841,Rich,Labadie
ricem601,Magnolia,Rice
powlowskid943,Dorian,Powlowski
considineg300,Gerry,Considine
oberbrunnerj651,Julian,Oberbrunner
simonisp892,Penni,Simonis
robelt444,Taylor,Robel
quigleyc834,Chadwick,Quigley
marvinc489,Carroll,Marvin
lemkel842,Leone,Lemke
mcdermotts162,Shantay,McDermott
ankundingt717,Tabetha,Ankunding
marquardth860,Hollis,Marquardt
cummingst876,Tracy,Cummings
lemked803,Dylan,Lemke
hermanns923,Stephenie,Hermann
mcculloughm190,Madelene,McCullough
blicka659,Arden,Blick
kohlerd728,Derrick,Kohler
ullrichs582,Sadye,Ullrich
wieganda278,Arlette,Wiegand
schneiderc238,Christian,Schneider
kunzen810,Nisha,Kunze
nicolass804,Shanta,Nicolas
schneiderm32,Marge,Schneider
kohlere117,Emilio,Kohler
whitel793,Lilliam,White
runtel88,Lue,Runte
vandervortl895,Lavonia,Vandervort
runolfsdottirv358,Velma,Runolfsdottir
beckerf183,Fredricka,Becker
mclaughline95,Elissa,McLaughlin
hoegerl192,Lucius,Hoeger
ondrickal173,Leora,Ondricka
hammesj465,Julius,Hammes
haleyl351,Lucius,Haley
kautzerk108,Kerrie,Kautzer
wunschf682,Fidel,Wunsch
abernathyj871,Jason,Abernathy
schillerm966,Mikki,Schiller
johnsoni728,Ignacio,Johnson
bednarl159,Lasonya,Bednar
bergnaumk171,Kami,Bergnaum
gutkowskim172,Mendy,Gutkowski
fritschb798,Becki,Fritsch
erdmanj168,Jimmie,Erdman
creminw113,Wilbur,Cremin
kreigert767,Teddy,Kreiger
considinei686,Izetta,Considine
luettgens519,Sheree,Luettgen
sipest97,Tifany,Sipes
blocks626,Silvia,Block
walkerc319,Claud,Walker
breitenbergc491,Cristopher,Breitenberg
tremblayc479,Clarine,Tremblay
kossk156,Karrie,Koss
schoenj147,Jeana,Schoen
loweo298,Oliva,Lowe
westj367,Justin,West
blicke757,Edgar,Blick
rogahnc933,Cara,Rogahn
wisokyz787,Zelda,Wisoky
friesenj942,Jazmine,Friesen
hoegerm284,Merlene,Hoeger
collinse13,Elvis,Collins
veumc656,Candyce,Veum
roobn943,Nguyet,Roob
reingerd629,Daren,Reinger
champlinw633,Wyatt,Champlin
fays454,Staci,Fay
strosina73,Adela,Strosin
skilesa747,Andrew,Skiles
rohant498,Toby,Rohan
lakinm792,Margarette,Lakin
torpm277,Mauro,Torp
stoltenbergd672,Delta,Stoltenberg
pacochai861,Ira,Pacocha
homenickz926,Zulema,Homenick
o'harah447,Hugo,O'Hara
glovere365,Elana,Glover
gutkowskik743,Kurtis,Gutkowski
leannonn291,Nicky,Leannon
quigleym410,Mariel,Quigley
blandab633,Beverly,Blanda
macgyverh208,Hilario,MacGyver
wittingw289,Walker,Witting
haagv592,Viola,Haag
pollichc618,Calvin,Pollich
smitha645,Adaline,Smith
turnerw219,Wade,Turner
kassulkej242,Jospeh,Kassulke
bahringera840,Adrien,Bahringer
heathcotem361,Mitzi,Heathcote
deckowm189,Maryalice,Deckow
linda876,Andrea,Lind
reillyk200,Kelsey,Reilly
ziemes270,Savannah,Zieme
roweo133,Oliva,Rowe
dickensp46,Pamelia,Dickens
gottlieba105,Arnulfo,Gottlieb
jenkinsj809,Julia,Jenkins
sauerd90,Dee,Sauer
cormierh292,Herman,Cormier
beckerp595,Pat,Becker
boehmt223,Terry,Boehm
rutherforde656,Elinor,Rutherford
larsonb262,Buddy,Larson
o'connellj901,Jacquie,O'Connell
collierd22,Delois,Collier
goodwinm274,Minh,Goodwin
lehnerl395,Lasonya,Lehner
millsj110,Jackie,Mills
daughertyc58,Chad,Daugherty
cartwrightl169,Lawerence,Cartwright
stokesd897,David,Stokes
williamsond19,Dorsey,Williamson
weissnatj611,Juan,Weissnat
strosinm113,Mickie,Strosin
hintzc646,Chad,Hintz
hettingerg366,Georgie,Hettinger
wests795,Stanley,West
volkmane513,Earle,Volkman
mrazc564,Connie,Mraz
johnsonc539,Claudio,Johnson
cummeratag837,Gianna,Cummerata
marquardtc937,Coleman,Marquardt
hellerb367,Brett,Heller
dickensf350,Freddie,Dickens
trantowj84,Jenise,Trantow
lueilwitzl659,Lucilla,Lueilwitz
schulistl450,Lavern,Schulist
croninl4,Leopoldo,Cronin
gloverk8,Katrina,Glover
rueckere899,Eun,Ruecker
o'harag335,Giuseppe,O'Hara
mullerr173,Randall,Muller
fritschm875,Myles,Fritsch
kulasm297,Madelyn,Kulas
abbottc151,Charline,Abbott
williamsonm391,Marna,Williamson
friesenh557,Hugo,Friesen
parkert216,Thomas,Parker
willmsc255,Carmela,Willms
colec502,Chang,Cole
danielv533,Vernon,Daniel
metzd199,Dwana,Metz
auerb508,Bertram,Auer
waelchil23,Lanny,Waelchi
roweb309,Bettina,Rowe
luettgenc785,Cleveland,Luettgen
kilbackr369,Rena,Kilback
rennerb739,Bonnie,Renner
murphyl191,Leanora,Murphy
erdmanw288,Williams,Erdman
jaskolskip116,Porter,Jaskolski
krisd948,Derick,Kris
goodwiny290,Yoshiko,Goodwin
reynoldss132,Sung,Reynolds
cummeratag907,Gary,Cummerata
kuhlmand922,Darcy,Kuhlman
brekkea181,April,Brekke
danieln41,Nestor,Daniel
mclaughlins33,Stacy,McLaughlin
botsfordc132,Christal,Botsford
prosaccob609,Bradford,Prosacco
jenkinsm453,Marcelo,Jenkins
casperc935,Corey,Casper
hirthec186,Cedrick,Hirthe
franeckic478,Chang,Franecki
skilese519,Emilio,Skiles
hahnw838,Wm,Hahn
bartond854,Daryl,Barton
considinee822,Ellis,Considine
ebertj610,Jimmy,Ebert
schmittd930,Duncan,Schmitt
kertzmanna332,Adaline,Kertzmann
wiegando534,Olin,Wiegand
carters313,Soon,Carter
gerlacht590,Tayna,Gerlach
kuphaly304,Yuri,Kuphal
leuschkef545,Fermin,Leuschke
schowalterd432,Dee,Schowalter
kozeyj612,Jacques,Kozey
strackel14,Larae,Stracke
braunj835,Jarod,Braun
herzogw74,Willene,Herzog
hillln612,Na,Hilll
westk617,Kyung,West
binsa597,Anjelica,Bins
schoend55,Deangelo,Schoen
mclaughline22,Earle,McLaughlin
rogahnv907,Virgil,Rogahn
powlowskia970,Ashli,Powlowski
beattyn553,Neville,Beatty
rauj359,Jackie,Rau
lubowitzt216,Theo,Lubowitz
hilllm527,Melaine,Hilll
gerlachb263,Brande,Gerlach
warde617,Earle,Ward
d'amoret200,Tyrone,D'Amore
cartert599,Tarsha,Carter
o'kone358,Errol,O'Kon
turcottej423,Joseph,Turcotte
simonisg757,Gerardo,Simonis
rodriguezj650,Jayson,Rodriguez
nikolausa201,Alejandro,Nikolaus
beattyc396,Curt,Beatty
kertzmannt109,Teena,Kertzmann
kirline938,Eugene,Kirlin
tremblayw907,Woodrow,Tremblay
goodwinv684,Vivienne,Goodwin
stromand733,Dusti,Stroman
wintheiserm980,Mindi,Wintheiser
schulistd378,Danny,Schulist
prosaccor164,Robby,Prosacco
gleichnerm497,Myrtis,Gleichner
hettingers640,Samuel,Hettinger
goldnerl737,Lulu,Goldner
hickled309,Donnell,Hickle
altenwerthp655,Paige,Altenwerth
predovicj495,Joy,Predovic
ondrickab429,Blaine,Ondricka
lubowitzc341,Cherise,Lubowitz
shieldsl671,Logan,Shields
wardc193,Concha,Ward
wards477,Shena,Ward
runolfsdottirb309,Bennie,Runolfsdottir
murazikm773,Merlin,Murazik
lowed471,Dewayne,Lowe
steubere673,Erick,Steuber
reichelb573,Britta,Reichel
fisherw530,Waldo,Fisher
larsonm907,Matha,Larson
rempelf585,Franchesca,Rempel
reillyg119,Gwyneth,Reilly
simonisl561,Luke,Simonis
daughertyd207,Dayle,Daugherty
o'reillyl588,Leigha,O'Reilly
fisherl536,Lucius,Fisher
farrellj491,Jonathan,Farrell
langoshd525,Delicia,Langosh
muellern211,Noble,Mueller
denesikd800,Deandre,Denesik
connellym919,Morgan,Connelly
lockmanl297,Laila,Lockman
moraro582,Odilia,Morar
tremblays46,Shonna,Tremblay
nienowh642,Herman,Nienow
casperr552,Reggie,Casper
powlowskid491,Dante,Powlowski
rueckera127,Abel,Ruecker
boscoc715,Cliff,Bosco
abshired492,Dannie,Abshire
kshlerinw754,Walter,Kshlerin
kilbacka314,Annelle,Kilback
buckridgel439,Lenny,Buckridge
o'kona799,Aura,O'Kon
konopelskim199,Milagros,Konopelski
bashiriank529,Keven,Bashirian
hermistonm746,Maple,Hermiston
shanahang389,Gerardo,Shanahan
schaeferi664,Isreal,Schaefer
dickinsonj202,Jerrell,Dickinson
lowep504,Priscila,Lowe
uptonf494,Fatimah,Upton
o'reillym297,Maurice,O'Reilly
manted349,Don,Mante
nadert554,Thad,Nader
mantel808,Lucy,Mante
thompsonc957,Cheyenne,Thompson
gloverd947,Dionne,Glover
gutmannr34,Reuben,Gutmann
schowaltern115,Nicolette,Schowalter
johnsong194,Gregory,Johnson
rempell187,Leeanna,Rempel
linda714,Aurore,Lind
schuppey51,Yoshiko,Schuppe
hanel146,Letisha,Hane
hermane166,Elbert,Herman
gusikowskih349,Hedwig,Gusikowski
wieganda511,Aleta,Wiegand
powlowskia41,Angelique,Powlowski
lesche329,Elke,Lesch
schimmelr9,Roselee,Schimmel
mckenziec960,Cathy,McKenzie
kulasm473,Meg,Kulas
kinga805,Alfonzo,King
gleichnerc138,Clementina,Gleichner
cartwrighte3,Emmy,Cartwright
corkeryt129,Tobias,Corkery
skilesb278,Bertram,Skiles
powlowskic72,Cedrick,Powlowski
kovaceka584,Alonzo,Kovacek
murazikj625,Janet,Murazik
klockol160,Lakeisha,Klocko
kshlering482,Garfield,Kshlerin
flatleym259,Margart,Flatley
runolfsdottirk694,Kenneth,Runolfsdottir
reingerr200,Rico,Reinger
harberl443,Laquita,Harber
feestl921,Lorretta,Feest
spencern279,Nathanial,Spencer
wardn952,Nathanael,Ward
marvino223,Olen,Marvin
johnstonh383,Hyun,Johnston
zboncakj4,Jimmy,Zboncak
hermanm752,Monte,Herman
ritchiem346,Malisa,Ritchie
wolfc891,Cody,Wolf
lakinl57,Laurinda,Lakin
beattyb710,Barney,Beatty
blandaw92,Werner,Blanda
hauckd496,Damion,Hauck
monahanb150,Barton,Monahan
macgyvera965,Andrew,MacGyver
creminl520,Lazaro,Cremin
ullrichd337,Desiree,Ullrich
boyled499,Darrin,Boyle
marksr782,Rosemarie,Marks
brakusg185,Gianna,Brakus
okunevaj238,Joseph,Okuneva
abbotta649,Ali,Abbott
harberj651,Jc,Harber
bradtkem849,Makeda,Bradtke
torphyd534,Donnetta,Torphy
bergstromm532,Michal,Bergstrom
casperm498,Monty,Casper
harveyd337,Domenic,Harvey
fadelr443,Rodrigo,Fadel
townet735,Tabitha,Towne
olsona420,Ai,Olson
klockoe35,Evelyn,Klocko
lebsackb123,Bob,Lebsack
borerd321,Darren,Borer
purdyt300,Tammera,Purdy
farrellb641,Brandon,Farrell
fishere593,Estelle,Fisher
faheyd405,Dayle,Fahey
cronins550,Shaina,Cronin
douglasn305,Nelson,Douglas
luettgenm882,Mitchel,Luettgen
bodel44,Latonia,Bode
schillerf281,Faustino,Schiller
legrosw642,Wilfred,Legros
wardd173,Dakota,Ward
jakubowskin23,Natosha,Jakubowski
yundtt269,Tiffanie,Yundt
rosenbaumv147,Victor,Rosenbaum
whited874,Delsie,White
kohlerv968,Voncile,Kohler
metzl65,Lee,Metz
barrowsm253,Mike,Barrows
donnellyb379,Basil,Donnelly
jenkinsl745,Leonard,Jenkins
tremblayc468,Cecile,Tremblay
reynoldsh675,Hong,Reynolds
o'harat476,Tamala,O'Hara
faheyt338,Torri,Fahey
carterl863,Leopoldo,Carter
schultzf385,Ferdinand,Schultz
hintzc637,Carolynn,Hintz
bernhardi429,Ira,Bernhard
gerholdb671,Brent,Gerhold
sauern953,Noemi,Sauer
rowek130,Kenneth,Rowe
botsfordt826,Ty,Botsford
corwinl547,Les,Corwin
williamsonn774,Normand,Williamson
gibsonh667,Horacio,Gibson
hintzl310,Lane,Hintz
uptonr779,Reuben,Upton
legrosb889,Brant,Legros
hellerp28,Philomena,Heller
cummingsp881,Parker,Cummings
ortiza252,April,Ortiz
altenwerthl571,Lorrine,Altenwerth
jaskolskis822,Sterling,Jaskolski
hackettb287,Bruce,Hackett
rutherfordt406,Theo,Rutherford
strosink156,Kami,Strosin
lueilwitzj122,Johnson,Lueilwitz
reichertv397,Virgie,Reichert
greenh785,Hollis,Green
gorczanye592,Ezequiel,Gorczany
kemmerf556,Frank,Kemmer
cruickshankb820,Bo,Cruickshank
dachc634,Cindy,Dach
douglass838,Shellie,Douglas
baumbachc503,Charles,Baumbach
daughertyb622,Brianna,Daugherty
gradyf32,Frances,Grady
stromanm397,Mitch,Stroman
langworthc894,Colby,Langworth
greenholth781,Hans,Greenholt
adamsj414,Judson,Adams
quigleyj79,Joslyn,Quigley
waelchid401,Dexter,Waelchi
mayerj599,Julian,Mayer
conroyj79,Jarred,Conroy
prosaccod293,Deanna,Prosacco
pacochae723,Earl,Pacocha
haleyj664,Janis,Haley
hoegerc368,Christian,Hoeger
tillmant598,Twanna,Tillman
mosciskij471,Joellen,Mosciski
oberbrunnerj665,Jina,Oberbrunner
herzogi94,Isaias,Herzog
bauchs971,Suzann,Bauch
veume398,Elton,Veum
walsha235,Akiko,Walsh
goodwinr662,Reynalda,Goodwin
schmidte919,Edmundo,Schmidt
ritchieg908,Guy,Ritchie
raynorr689,Reid,Raynor
swifts477,Salvatore,Swift
cummeratak363,Kitty,Cummerata
ziemannn519,Natalia,Ziemann
pacochaf16,Frederick,Pacocha
considined407,Deborah,Considine
bruenv301,Velvet,Bruen
sipesd565,Denver,Sipes
franeckik861,Katy,Franecki
framib976,Brandon,Frami
okunevak466,Kim,Okuneva
toyo728,Odette,Toy
andersonm720,Mason,Anderson
kemmerm621,Marian,Kemmer
runolfssona698,Allena,Runolfsson
okunevaj977,Jared,Okuneva
stehrp532,Patsy,Stehr
kautzers691,Sammy,Kautzer
abernathyh961,Hong,Abernathy
nicolask594,Kathie,Nicolas
nolanj946,Jerald,Nolan
mcculloughj310,Jaime,McCullough
heaneyg712,Glady,Heaney
pauceka631,Allison,Paucek
terrya406,Antonia,Terry
luettgenj520,Joey,Luettgen
roobe898,Eldon,Roob
harbern75,Nicky,Harber
swaniawskic143,Coralee,Swaniawski
wehnera3,Alicia,Wehner
rices260,Shenna,Rice
howellm500,Marcel,Howell
predovicl588,Luciano,Predovic
mitchellj905,Jesica,Mitchell
harrisd178,Dominic,Harris
zboncaks193,Sherman,Zboncak
krisk350,Kaley,Kris
torpk222,Katherin,Torp
hillll651,Lakendra,Hilll
douglasa826,Alonso,Douglas
lueilwitzi710,Isabella,Lueilwitz
o'keefeo317,Orval,O'Keefe
homenicko969,Olympia,Homenick
rogahnc281,Caren,Rogahn
goldnerh979,Hunter,Goldner
osinskim295,Maira,Osinski
robertsd971,Dara,Roberts
schultzt706,Trent,Schultz
rowek618,Kristi,Rowe
schumms785,Stacey,Schumm
zulaufm671,Matthew,Zulauf
kuhicw470,Willow,Kuhic
ernserh965,Hiroko,Ernser
millerm415,Mauricio,Miller
weimannj712,Jamey,Weimann
trantowc602,Cortez,Trantow
abernathyd155,Denny,Abernathy
kleinm664,Magda,Klein
langn57,Nora,Lang
kautzerd62,Dylan,Kautzer
torph385,Hollis,Torp
monahanc426,Clayton,Monahan
hillla150,Allison,Hilll
heidenreichm429,Maragret,Heidenreich
toyb167,Bao,Toy
murrayl334,Lorrie,Murray
morarn420,Nicki,Morar
leannony973,Young,Leannon
runolfsdottirv98,Valerie,Runolfsdottir
douglasa222,Anne,Douglas
balistreril637,Lou,Balistreri
pagacw866,Wyatt,Pagac
maggiog463,Glynis,Maggio
schmitti630,Iva,Schmitt
kassulkeg427,Ginger,Kassulke
ferryc536,Candi,Ferry
auera643,Andrea,Auer
trantowr338,Rebecka,Trantow
hagenesb149,Brent,Hagenes
harbers841,Synthia,Harber
colliers884,Serina,Collier
wilkinsonz749,Zita,Wilkinson
conroya170,Anh,Conroy
mosciskij949,Josefa,Mosciski
cassind420,Darryl,Cassin
emardb370,Barrett,Emard
nienowl836,Libbie,Nienow
marksb394,Britt,Marks
tillmanf840,Francisco,Tillman
trompm396,Mathew,Tromp
toyl814,Loyd,Toy
darec183,Chadwick,Dare
gusikowskis7,Shaunda,Gusikowski
hirthec786,Charles,Hirthe
kihnt513,Tameika,Kihn
kohlerw51,Waltraud,Kohler
ortizc429,Celeste,Ortiz
schimmelt61,Travis,Schimmel
rennerv886,Veronica,Renner
batza903,Alfred,Batz
glovera147,Ambrose,Glover
kuphalr863,Rosalie,Kuphal
bogisichs723,Sherwood,Bogisich
brakusi426,Isiah,Brakus
lindgrent215,Tami,Lindgren
hermistona890,Audie,Hermiston
daughertyw818,Wilbert,Daugherty
pricew228,Wm,Price
hammess323,Sanford,Hammes
gleichnerh576,Hans,Gleichner
maggiop503,Peter,Maggio
hyattj657,Jennefer,Hyatt
abbottj164,Jammie,Abbott
williamsons380,Shelby,Williamson
macejkovicb620,Brook,Macejkovic
boganf627,Forrest,Bogan
fishere505,Enid,Fisher
johnsm138,Meta,Johns
kshlerinc576,Corinne,Kshlerin
rodrigueza169,Athena,Rodriguez
macgyverm110,Maynard,MacGyver
boehmt138,Taylor,Boehm
mohrm532,Mike,Mohr
colec890,Claris,Cole
schmittd48,Dolores,Schmitt
hodkiewiczj603,Jimmie,Hodkiewicz
vonruedenk903,Kieth,VonRueden
manteb956,Broderick,Mante
lindl525,Lakenya,Lind
strackee774,Eliza,Stracke
kautzert814,Tod,Kautzer
treutell803,Louisa,Treutel
lemkef629,Floretta,Lemke
leannonc67,Clarisa,Leannon
hermistonc228,Cinderella,Hermiston
jacobsc46,Cameron,Jacobs
rippink346,Kasie,Rippin
schadenj707,Josue,Schaden
d'amores964,Sofia,D'Amore
morissetted394,Diedre,Morissette
strosinr284,Refugia,Strosin
croninr387,Raleigh,Cronin
raynorn154,Nola,Raynor
croninm250,Mel,Cronin
quigleyn853,Nathanial,Quigley
ankundingo551,Ofelia,Ankunding
batzr141,Roscoe,Batz
schusterj462,Jacquelin,Schuster
sawaynk569,Kimberly,Sawayn
bergej701,Jamaal,Berge
lubowitzh42,Hector,Lubowitz
hagenesm656,Maria,Hagenes
schneideri184,Ilene,Schneider
keelingl387,Lillie,Keeling
homenicky292,Yesenia,Homenick
uptonm218,Maria,Upton
abernathym268,Martha,Abernathy
hahni789,Ismael,Hahn
bashirianr879,Rico,Bashirian
stokesk332,Kory,Stokes
mccluree324,Elias,McClure
franeckib398,Britney,Franecki
maggioa563,Anibal,Maggio
criste689,Ellis,Crist
walkerc761,Cordie,Walker
breitenbergj910,Jamison,Breitenberg
predovice333,Eleonor,Predovic
vonruedena397,Amos,VonRueden
goldnerb15,Brenton,Goldner
krisl637,Lavinia,Kris
lubowitzc641,Claud,Lubowitz
schillerd725,Derick,Schiller
tillmand957,Duncan,Tillman
hoegeri800,Ivana,Hoeger
watsicam698,Meghann,Watsica
creminj573,Jewel,Cremin
langworthg486,Gino,Langworth
kunded48,Domenic,Kunde
walkerl826,Lucas,Walker
kuphals95,Stacey,Kuphal
hodkiewiczh382,Harry,Hodkiewicz
feeste363,Ebony,Feest
emmerichh223,Harland,Emmerich
stoltenbergh591,Hermila,Stoltenberg
lednerb479,Bella,Ledner
o'connelld701,Denese,O'Connell
hillsi973,In,Hills
gislasona80,Alonso,Gislason
stammk144,Kermit,Stamm
handb300,Breann,Hand
gleasone80,Erich,Gleason
corkeryb228,Bobbie,Corkery
bechtelarj701,Joey,Bechtelar
klockog383,Garret,Klocko
robele741,Edgardo,Robel
ricem744,Marta,Rice
daughertym58,Milly,Daugherty
cristo559,Olen,Crist
torphyh621,Holli,Torphy
gorczanye660,Elroy,Gorczany
mckenziea707,Arianne,McKenzie
wardc940,Christen,Ward
schneiderb722,Broderick,Schneider
cormierk173,Kirsten,Cormier
bergstromr201,Reuben,Bergstrom
bergnauml361,Lorenzo,Bergnaum
kleino537,Ophelia,Klein
schadenc341,Carmine,Schaden
osinskic569,Curtis,Osinski
stamms916,Sol,Stamm
o'keefej181,Jeniffer,O'Keefe
carterm275,Marshall,Carter
reichelc807,Carmen,Reichel
collinsd72,Desmond,Collins
berger789,Rina,Berge
hammesm333,Michal,Hammes
bruent939,Tamie,Bruen
kubp89,Patria,Kub
kundet757,Tu,Kunde
weissnatl198,Leonarda,Weissnat
altenwerthw324,Winnie,Altenwerth
brakusb828,Bennett,Brakus
hellere718,Edda,Heller
jastj519,Johnnie,Jast
tillmanr489,Rolland,Tillman
kunzea617,Annie,Kunze
hettingerw619,Wendolyn,Hettinger
waltero956,Oralia,Walter
kubk579,Kendal,Kub
baumbacha663,Alexis,Baumbach
millsy866,Yolonda,Mills
spencert51,Thuy,Spencer
mullers550,Sydney,Muller
mckenziec704,Candy,McKenzie
gerlachj433,Jamey,Gerlach
hartmannm569,Marhta,Hartmann
kozeym909,Marlin,Kozey
bogisichw23,Wynona,Bogisich
huelsh773,Harold,Huels
wintheisers327,Simon,Wintheiser
heidenreichs293,Sun,Heidenreich
bergstromj438,Jaime,Bergstrom
robelm26,Mario,Robel
blickb780,Billy,Blick
douglasl955,Leila,Douglas
goldnert14,Toya,Goldner
johnsb255,Brittney,Johns
ratkec5,Clement,Ratke
prosaccor436,Rey,Prosacco
heathcotee412,Eula,Heathcote
hermistonh764,Hollis,Hermiston
mayeri308,Illa,Mayer
leschd954,Donella,Lesch
croninl431,Lewis,Cronin
deckowj522,Jordan,Deckow
rosenbaumr736,Rosa,Rosenbaum
fadels950,Seth,Fadel
mayertd566,Dale,Mayert
schinnere959,Edward,Schinner
kuhicg312,Georgianna,Kuhic
ratkes124,Shaun,Ratke
bartonb919,Bud,Barton
kovacekl229,Lolita,Kovacek
stromang837,Guadalupe,Stroman
fisherf228,Fernando,Fisher
schroedern627,Nigel,Schroeder
pacocham811,Merlyn,Pacocha
ondrickam633,Michelina,Ondricka
dickensg304,Geralyn,Dickens
mcglynnn356,Neil,McGlynn
hammesk960,Keitha,Hammes
raum796,Maia,Rau
hayesr511,Regine,Hayes
hamillg43,Gaston,Hamill
ferryu898,Ute,Ferry
feeste28,Elliot,Feest
stehru928,Ulysses,Stehr
dietricht394,Tiana,Dietrich
conroyn81,Nelia,Conroy
champlins660,Steven,Champlin
whitet538,Tim,White
emmericha587,Arla,Emmerich
pourosv60,Vivienne,Pouros
russelb903,Brant,Russel
kilbacka927,Abraham,Kilback
fadelz857,Zoe,Fadel
greenk427,Karma,Green
tillmanr395,Rolland,Tillman
douglasa77,Alva,Douglas
thield644,Dong,Thiel
grantl528,Lindsey,Grant
wisozks232,Steven,Wisozk
weberb867,Bennie,Weber
grimesp180,Patsy,Grimes
hellerr238,Rolando,Heller
volkmant362,Thurman,Volkman
purdyg117,Gregg,Purdy
leschc242,Colton,Lesch
hahnb35,Brittanie,Hahn
hagenesa482,Adele,Hagenes
jerdev616,Viviana,Jerde
swaniawskil281,Lonnie,Swaniawski
durgand398,Doretta,Durgan
marquardtk195,Katharina,Marquardt
wildermane131,Erich,Wilderman
gutkowskir815,Rubi,Gutkowski
metzh901,Heath,Metz
oberbrunners337,Shawnta,Oberbrunner
conroya764,Antonia,Conroy
denesikt236,Temeka,Denesik
mckenzier271,Rosario,McKenzie
beattyl379,Logan,Beatty
ziemannt795,Tarra,Ziemann
bayern156,Natalia,Bayer
gradyg797,Gonzalo,Grady
brekkei170,Irving,Brekke
lindgrenn193,Normand,Lindgren
durganh195,Hermila,Durgan
moenh25,Harlan,Moen
bahringerv835,Vincent,Bahringer
treutely15,Yong,Treutel
kohlera698,Adella,Kohler
schummh34,Harry,Schumm
dareg434,Gregory,Dare
nienowe355,Enrique,Nienow
dietrichq110,Quentin,Dietrich
sauera863,Avelina,Sauer
pricem173,Maritza,Price
ankundings364,Seymour,Ankunding
gottliebt724,Thomasine,Gottlieb
leuschkem445,Minerva,Leuschke
haagt746,Twana,Haag
hegmannt339,Tracey,Hegmann
wardj350,Jewell,Ward
fritschj874,Jack,Fritsch
bergnauml877,Lenita,Bergnaum
cruickshanke688,Earle,Cruickshank
douglast418,Theron,Douglas
farrellv758,Vince,Farrell
schambergerb6,Bill,Schamberger
klingd207,Daren,Kling
borera393,Amie,Borer
ziemej409,Jackie,Zieme
friesenm541,Marlyn,Friesen
wisokye742,Enriqueta,Wisoky
cronac4,Cornelius,Crona
skilesd167,Demarcus,Skiles
baumbachf720,Fe,Baumbach
greenholtd311,Dannielle,Greenholt
lefflert139,Tai,Leffler
muellerc278,Clare,Mueller
kautzero688,Oma,Kautzer
gradya979,Antonette,Grady
littlej680,Jules,Little
bogisiche247,Easter,Bogisich
koelpina741,Anibal,Koelpin
streichw126,Walker,Streich
skilesp561,Peter,Skiles
murazikf347,Florine,Murazik
gaylordg838,Gaylord,Gaylord
schillerb516,Brendan,Schiller
hilpertb564,Barney,Hilpert
andersonr824,Roselee,Anderson
howed140,Dayle,Howe
ratkea825,Andre,Ratke
donnellyd614,Donovan,Donnelly
beerk638,Kelley,Beer
lehners459,Shannan,Lehner
cormierc362,Chong,Cormier
treutela611,Alfonso,Treutel
gradyw834,Ward,Grady
armstrongb240,Buck,Armstrong
bayerj532,Jordan,Bayer
lehnerk479,Keva,Lehner
abshires642,Sandee,Abshire
lynchm97,Maricruz,Lynch
littled241,Dirk,Little
spinkah775,Harvey,Spinka
schowaltert12,Teddy,Schowalter
spencera66,Afton,Spencer
o'konk261,Kali,O'Kon
flatleym919,Margene,Flatley
hintze686,Edra,Hintz
hermand153,Dong,Herman
nolans413,Shemeka,Nolan
pacochac229,Corrina,Pacocha
wisokyt682,Tilda,Wisoky
metzs923,Sherise,Metz
veumj644,Jermaine,Veum
rueckere951,Emery,Ruecker
wiegandm266,Marya,Wiegand
predovicl858,Lera,Predovic
kingc900,Chae,King
klingc282,Chia,Kling
deckowa429,Andreas,Deckow
rowee111,Eugena,Rowe
huelsv895,Virgilio,Huels
gaylordn711,Norine,Gaylord
bahringert488,Tamara,Bahringer
morara332,Adrian,Morar
swaniawskir791,Renae,Swaniawski
volkmanb706,Bonnie,Volkman
schuppej191,Jesica,Schuppe
trantowc272,Carly,Trantow
bartolettic255,Caitlin,Bartoletti
nitzschej663,Joseph,Nitzsche
lueilwitzc955,Cecil,Lueilwitz
walkerc891,Chance,Walker
emmerichu455,Ulrike,Emmerich
walshc609,Connie,Walsh
bradtket795,Trula,Bradtke
dickinsonc975,Charise,Dickinson
littelc129,Christian,Littel
hagenesr160,Roman,Hagenes
abbottm399,Melodie,Abbott
rogahnt773,Talitha,Rogahn
kreigerr598,Rosetta,Kreiger
erdmanf448,Felica,Erdman
sporerp111,Perry,Sporer
boylem571,Megan,Boyle
jonesr734,Robert,Jones
auerc396,Caprice,Auer
pfannerstilld86,Dwight,Pfannerstill
harberj160,Jonas,Harber
doyled538,Deangelo,Doyle
cartwrightf184,Fe,Cartwright
stoltenbergk672,Kelley,Stoltenberg
macgyverr351,Raymond,MacGyver
gutmanng160,Golden,Gutmann
kutchg223,Guy,Kutch
bergstromp787,Penny,Bergstrom
steuberm259,Miranda,Steuber
howellf936,Foster,Howell
schulistg297,Gudrun,Schulist
kesslerc59,Clemencia,Kessler
reynoldsv320,Vida,Reynolds
kovaceka50,Andres,Kovacek
greent225,Trey,Green
robell190,Lynwood,Robel
schowaltera664,Arturo,Schowalter
abernathym588,Moises,Abernathy
morissettet93,Tory,Morissette
tremblayl279,Louisa,Tremblay
vonruedent959,Temple,VonRueden
manna255,Alfred,Mann
flatleyd521,Dee,Flatley
kirlinc280,Clifford,Kirlin
pagacb208,Barry,Pagac
welcht501,Thomas,Welch
schmittd192,Demetrius,Schmitt
bergel153,Lynwood,Berge
abernathya382,Alvin,Abernathy
dietrichy283,Yuriko,Dietrich
haucka241,Arturo,Hauck
rooby342,Yvone,Roob
huelk712,Krista,Huel
koelpins291,Sharlene,Koelpin
gloverf678,Fred,Glover
abshirez619,Zack,Abshire
schuppet976,Terrell,Schuppe
greenholts174,Solomon,Greenholt
croninr817,Rose,Cronin
hegmannf709,Flossie,Hegmann
kassulkea571,Adriane,Kassulke
kohlerd161,Dante,Kohler
langoshd407,Dong,Langosh
o'reillyl530,Lemuel,O'Reilly
kosst620,Tammie,Koss
romagueras534,Sebastian,Romaguera
bauchg833,Gino,Bauch
zemlake679,Emmett,Zemlak
mosciskij948,Jann,Mosciski
parkert611,Terrilyn,Parker
feilc921,Clark,Feil
monahana604,Allen,Monahan
wizay544,Yoshie,Wiza
lueilwitzm583,Merle,Lueilwitz
trompl686,Linnea,Tromp
schadena855,Alida,Schaden
braunk597,Karine,Braun
feile896,Ethyl,Feil
corwink468,Karry,Corwin
towned451,Delmer,Towne
harveyl108,Lillie,Harvey
christiansend231,Dion,Christiansen
lakins357,Shavon,Lakin
zemlakm613,Mitch,Zemlak
feild10,Doria,Feil
hoegerw577,Walton,Hoeger
roweb929,Bernardo,Rowe
waterss928,Shane,Waters
krisr629,Rigoberto,Kris
jacobia785,Alexis,Jacobi
stoltenbergj586,Janene,Stoltenberg
nienowd120,Derrick,Nienow
rempels353,Sylvie,Rempel
kreigerk731,Kendra,Kreiger
macgyverd693,Deangelo,MacGyver
kiehnc811,Carrol,Kiehn
nolans637,Sidney,Nolan
harbert634,Tanja,Harber
kundef160,Fannie,Kunde
hammesl599,Leslie,Hammes
walshs913,Shanell,Walsh
rogahna401,Agustina,Rogahn
jakubowskit564,Tyra,Jakubowski
muellerc960,Chris,Mueller
nitzschea772,Ashleigh,Nitzsche
medhurstk411,Korey,Medhurst
doyler832,Ramiro,Doyle
erdmane778,Elfriede,Erdman
ratkek329,Katrice,Ratke
christiansenm879,Maxima,Christiansen
jasta124,Adolph,Jast
lynchs800,Solomon,Lynch
o'reillyt164,Tatyana,O'Reilly
ondrickag428,Gil,Ondricka
hagenesk327,Kieth,Hagenes
tremblayj426,Jenniffer,Tremblay
schuppee216,Emeline,Schuppe
binsc8,Chantell,Bins
smithamj90,Jerald,Smitham
reingerd870,Diamond,Reinger
hagenesl797,Loreen,Hagenes
windlers740,Sadye,Windler
andersonh375,Harley,Anderson
kohlerj338,Jordan,Kohler
willa464,Al,Will
haleyc389,Charlott,Haley
metza427,Anisha,Metz
danielm611,Millicent,Daniel
beattya558,Aubrey,Beatty
baileyc82,Carolann,Bailey
funkn16,Norris,Funk
considineb606,Bronwyn,Considine
connellyh704,Hugo,Connelly
reynoldsb752,Berniece,Reynolds
farrells76,Stanley,Farrell
murazikd153,Donald,Murazik
kriss399,Sherwood,Kris
mcdermottp218,Pamela,McDermott
mulleri860,Isela,Muller
hicklej840,Jeanine,Hickle
champlinr379,Roland,Champlin
kochn461,Nigel,Koch
prosaccol770,Lamonica,Prosacco
smithama543,Amada,Smitham
lebsackm341,Man,Lebsack
leschj903,Jamey,Lesch
smithaml656,Lewis,Smitham
schowalterv272,Virgilio,Schowalter
hicklee865,Everette,Hickle
skilesc923,Corine,Skiles
gibsond885,Denita,Gibson
schuppep523,Porsche,Schuppe
steuberb847,Boris,Steuber
gleichnere961,Edwin,Gleichner
wiegandd608,Destiny,Wiegand
mcglynne304,Eli,McGlynn
conroyw858,Wally,Conroy
lueilwitzc51,Carlene,Lueilwitz
hower380,Ray,Howe
hirthec180,Cheree,Hirthe
larkint859,Tuan,Larkin
cronink959,Kacey,Cronin
bodem772,Melvin,Bode
champlino670,Oswaldo,Champlin
fisherv740,Victorina,Fisher
macejkovicl330,Lorri,Macejkovic
kundea307,Alethea,Kunde
mclaughlinm143,Marlyn,McLaughlin
d'amorem67,Madeleine,D'Amore
schneiderj872,Jerrell,Schneider
harrisi802,Ilse,Harris
zboncake251,Emery,Zboncak
hamillf901,Forrest,Hamill
mohrl815,Lessie,Mohr
douglass311,Shasta,Douglas
faheyt642,Tamekia,Fahey
haagl784,Londa,Haag
weimanna223,Agustin,Weimann
hettingerh622,Hilario,Hettinger
leuschked662,Demetrius,Leuschke
daughertyr826,Roma,Daugherty
beiers486,Shayne,Beier
hartmannt475,Terrilyn,Hartmann
weberc800,Chandra,Weber
kassulkel889,Laree,Kassulke
huelc301,Coleman,Huel
millere113,Emilio,Miller
croninc723,Charity,Cronin
willmsm775,Mandy,Willms
wilkinsona348,Ashlie,Wilkinson
bechtelark153,Kelsey,Bechtelar
parkerc517,Clyde,Parker
stiedemanni844,Ismael,Stiedemann
gloverd166,Daniel,Glover
corkeryg290,Gerardo,Corkery
heaneye432,Ervin,Heaney
lindgrenc883,Colene,Lindgren
cartwrighth709,Hayden,Cartwright
andersonh784,Hope,Anderson
creminr193,Richie,Cremin
heidenreichb347,Brandon,Heidenreich
cartero108,Octavio,Carter
simonisg255,Gustavo,Simonis
hilpertl473,Lorri,Hilpert
kuhnk336,Kaitlyn,Kuhn
hermistonk477,Kent,Hermiston
boganh602,Halley,Bogan
hanem663,Magan,Hane
satterfieldn791,Nelia,Satterfield
yostm30,Melvina,Yost
huelst141,Tatiana,Huels
lakins375,Stan,Lakin
swiftv142,Valentine,Swift
hamills377,Seema,Hamill
fayr102,Robin,Fay
feilw162,Wayne,Feil
hodkiewiczj920,Jolanda,Hodkiewicz
bashirianj682,Janee,Bashirian
lubowitzr695,Rod,Lubowitz
orns38,Shirley,Orn
dietrichr275,Roy,Dietrich
gloverj433,Jayson,Glover
marksl351,Lizeth,Marks
kozeyi972,Isaac,Kozey
o'connellk731,Katia,O'Connell
pfannerstillh695,Herman,Pfannerstill
trantowb139,Bart,Trantow
jacobsm843,Mauricio,Jacobs
mclaughlinv834,Vernon,McLaughlin
boehml25,Lacy,Boehm
rempell115,Loyce,Rempel
koepps657,Sharilyn,Koepp
ullrichg441,Gilberto,Ullrich
hillsa468,Alberto,Hills
beckerg815,Gladys,Becker
schinners241,Shyla,Schinner
erdmanf592,Federico,Erdman
wildermanb260,Blair,Wilderman
willw178,Wiley,Will
huell440,Lanette,Huel
farrelln129,Neta,Farrell
satterfieldf92,Fredericka,Satterfield
kertzmannj906,Josh,Kertzmann
smithc561,Chae,Smith
medhurstm436,Mary,Medhurst
hoegers883,Son,Hoeger
kovacekb106,Bruno,Kovacek
turcottef395,Francoise,Turcotte
rowek287,Kent,Rowe
brekker364,Rodrick,Brekke
torphya185,Alejandro,Torphy
kilbackl182,Lyman,Kilback
cronag66,Gregory,Crona
ziemer677,Rupert,Zieme
powlowskid786,Delta,Powlowski
blandad432,Dannie,Blanda
cronins625,Shanae,Cronin
bartolettis58,Shanel,Bartoletti
grantg159,Gemma,Grant
windlerk906,Keely,Windler
dibbertm197,Mariella,Dibbert
satterfielde613,Eartha,Satterfield
cremins720,Salvador,Cremin
lebsackc19,Caroline,Lebsack
halvorsonl365,Lewis,Halvorson
ricer757,Rey,Rice
hermank256,Kendall,Herman
faheys236,Stephan,Fahey
naderc979,Carlota,Nader
prohaskam108,Miles,Prohaska
mcglynnc605,Collette,McGlynn
maggiod237,Darcie,Maggio
gibsonj494,Junior,Gibson
littelf927,Franklin,Littel
weissnatj926,Josie,Weissnat
browng187,Galina,Brown
braunk341,Keenan,Braun
beahanp928,Patricia,Beahan
bradtkem786,Mana,Bradtke
goodwine275,Emerson,Goodwin
balistrerie16,Enrique,Balistreri
murphyd449,Duane,Murphy
conroyt763,Trevor,Conroy
millsr294,Reinaldo,Mills
lueilwitze792,Etha,Lueilwitz
handl13,Lonnie,Hand
glovery364,Yessenia,Glover
feiln59,Norene,Feil
beahana752,Araceli,Beahan
cruickshankd152,Davida,Cruickshank
wintheisers31,Sol,Wintheiser
kundei72,Isaias,Kunde
o'haraj122,Johnson,O'Hara
pourosj790,Jesse,Pouros
sengerg772,Gordon,Senger
mcculloughr352,Reiko,McCullough
nienowr927,Ronnie,Nienow
rohand879,Denver,Rohan
labadiec573,Camie,Labadie
collinss907,Stacy,Collins
watsicam504,Michel,Watsica
quitzond382,Dorsey,Quitzon
mertzd197,Don,Mertz
bayera935,Andy,Bayer
jacobsonk392,Kieth,Jacobson
kunzeg753,Garrett,Kunze
purdyi342,Isaac,Purdy
stehrm422,Miguel,Stehr
cronar297,Ruthann,Crona
kuphals79,Shalanda,Kuphal
lakina580,Archie,Lakin
altenwertht937,Tracey,Altenwerth
ullrichw800,Wilfredo,Ullrich
feeneyg131,Gerardo,Feeney
wildermano308,Oliver,Wilderman
kuhnd716,Delaine,Kuhn
berniery842,Yoshie,Bernier
kleinb312,Brigitte,Klein
mcculloughj313,Joesph,McCullough
homenickd553,Daryl,Homenick
andersoni31,Ivey,Anderson
jacobsonl391,Lecia,Jacobson
streichl670,Leonard,Streich
dachz136,Zada,Dach
nicolase890,Enola,Nicolas
prosaccoc629,Carlyn,Prosacco
dickensd158,Dee,Dickens
laking269,Gerri,Lakin
connellys379,Shirley,Connelly
franeckic896,Carmine,Franecki
jacobsc352,Corinna,Jacobs
emardj475,Jed,Emard
champling30,Guadalupe,Champlin
keeblera834,Angela,Keebler
borerr194,Randell,Borer
linda248,Arturo,Lind
goldnerc276,Corey,Goldner
bartellc847,Carlene,Bartell
grahamg938,Gregorio,Graham
ferryc811,Caroll,Ferry
conroyk43,Krishna,Conroy
cormierb855,Belia,Cormier
hopped427,Deb,Hoppe
emmerichs534,Shon,Emmerich
greenfelderw900,Ward,Greenfelder
prohaskad214,Dorathy,Prohaska
hegmannp956,Prince,Hegmann
smithm309,Mitch,Smith
langwortha129,Augustus,Langworth
harbere570,Efren,Harber
donnellyk733,Keva,Donnelly
gottliebm202,Mandie,Gottlieb
moorea530,Adrian,Moore
hermistons797,Shawn,Hermiston
heidenreichl141,Lindsey,Heidenreich
roobc276,Chester,Roob
windlerm284,Mitchel,Windler
keelingg888,Gilberto,Keeling
o'connellb547,Brenton,O'Connell
kshlerina350,Adriana,Kshlerin
leuschket401,Tenesha,Leuschke
schmitte956,Erin,Schmitt
okunevaj713,Julian,Okuneva
hyatta107,Armand,Hyatt
naderd654,Delbert,Nader
reichelm260,Maragaret,Reichel
cronino252,Odis,Cronin
jakubowskis358,Sherita,Jakubowski
satterfieldj439,Jaunita,Satterfield
sengerb406,Billie,Senger
walshl105,Lala,Walsh
hauckd849,Dulcie,Hauck
kautzerb125,Barbar,Kautzer
lindm737,Michelina,Lind
leschj496,Jaunita,Lesch
kihnc163,Cruz,Kihn
lindgrenk824,Kyle,Lindgren
champlind579,Douglass,Champlin
powlowskiv502,Viola,Powlowski
boylee201,Earnest,Boyle
brekkec653,Colin,Brekke
ratkes32,Sylvester,Ratke
emards684,Santiago,Emard
abshires236,Sang,Abshire
konopelskig79,Gracie,Konopelski
jacobic822,Cary,Jacobi
kihnc745,Christian,Kihn
sanforde881,Emery,Sanford
marksd467,Dwain,Marks
kutchd250,Dreama,Kutch
hettingerr302,Roger,Hettinger
hagenesd593,Denna,Hagenes
hagenesr6,Rosena,Hagenes
jaskolskis511,Sherley,Jaskolski
o'connerd402,Delpha,O'Conner
gusikowskil111,Len,Gusikowski
braunm50,Maybell,Braun
stantonk821,King,Stanton
kulasg939,Gregory,Kulas
kiehnc137,Chang,Kiehn
quitzone654,Elbert,Quitzon
hintzc453,Catherine,Hintz
wymanm841,Marvin,Wyman
hayesg967,Gertrud,Hayes
baumbachl794,Luke,Baumbach
treutela404,Aurelio,Treutel
grantl316,Laurinda,Grant
brekkej970,Jarrett,Brekke
gradyt468,Tessie,Grady
bergstromd860,Dario,Bergstrom
bahringerk164,Kym,Bahringer
toyg248,Garrett,Toy
hoegerf681,Fred,Hoeger
swaniawskie668,Elke,Swaniawski
jacobsona135,Alaine,Jacobson
wunschj458,Jamie,Wunsch
hillli553,Ivory,Hilll
hagenese769,Emil,Hagenes
predovicc133,Cathleen,Predovic
schoenc819,Cleo,Schoen
predovict956,Timmy,Predovic
stehrd457,Delilah,Stehr
schillerc165,Carl,Schiller
reynoldsr227,Roosevelt,Reynolds
beera974,Annamarie,Beer
corkerya130,Audrie,Corkery
feilg181,Gina,Feil
wisokya220,Armanda,Wisoky
beckere950,Erwin,Becker
denesikc681,Clifton,Denesik
weberh110,Hoa,Weber
ullricht406,Toney,Ullrich
ortizc97,Cristopher,Ortiz
wymanv848,Victoria,Wyman
blockd168,Delpha,Block
auerf198,Florentina,Auer
padbergn329,Nathanael,Padberg
kilbacke490,Emelina,Kilback
mayere38,Emmanuel,Mayer
effertzg14,Ginette,Effertz
leannonn717,Noe,Leannon
fishert209,Thurman,Fisher
gloverm623,Margret,Glover
cummingse435,Everette,Cummings
kube75,Esta,Kub
marquardtj304,Jacinto,Marquardt
kertzmanno42,Oscar,Kertzmann
dietrichm891,Mariana,Dietrich
murphye690,Ebony,Murphy
helleri353,Issac,Heller
lebsacks625,Sherika,Lebsack
fadelf236,Forest,Fadel
nienowc733,Caridad,Nienow
kreigerw255,Wilber,Kreiger
schummd858,Delia,Schumm
hopped797,Deidra,Hoppe
connellyh336,Hollis,Connelly
hillsl408,Leo,Hills
gutmanng725,Guy,Gutmann
fadeli507,Ira,Fadel
starkt792,Tom,Stark
cummeratae134,Earl,Cummerata
mayers367,Sol,Mayer
baileyh423,Hong,Bailey
torpj773,Jim,Torp
nicolass710,Shelby,Nicolas
abernathya792,Alberto,Abernathy
volkmank549,Karrie,Volkman
lefflerm922,Myrna,Leffler
hower441,Regina,Howe
reichertm91,Mimi,Reichert
emmericha890,Alfonso,Emmerich
wintheiserw662,Willie,Wintheiser
fishery857,Yessenia,Fisher
simonisa25,Alissa,Simonis
boganm407,Michael,Bogan
dubuquem701,Marilou,DuBuque
bergei828,Ivy,Berge
corkerya168,Alline,Corkery
kleint841,Tom,Klein
stokesa336,Angele,Stokes
rathd196,Dovie,Rath
schmittp909,Palmer,Schmitt
hodkiewiczd298,Darrick,Hodkiewicz
rosenbaumc445,Cindy,Rosenbaum
haleyo821,Omer,Haley
skilesd542,Dean,Skiles
croninr728,Rubye,Cronin
kuphald138,Darline,Kuphal
crista57,Arnetta,Crist
starkl719,Lonnie,Stark
feeneyc156,Chris,Feeney
mayertg389,Gaylene,Mayert
rennerk137,Kim,Renner
marksj807,Junior,Marks
hahng443,Gabriel,Hahn
harveye922,Erin,Harvey
colliers83,Scotty,Collier
gutkowskim677,Maryann,Gutkowski
bergnauml899,Lan,Bergnaum
bergstromk60,Krishna,Bergstrom
lynche634,Eusebio,Lynch
fritschv267,Viviana,Fritsch
kassulkee387,Ellen,Kassulke
bayerb539,Buck,Bayer
hillsh351,Hunter,Hills
lockmanm659,Marcus,Lockman
klockok661,Kristen,Klocko
strosing609,Gilberte,Strosin
altenwerthn226,Newton,Altenwerth
hamillm903,Milissa,Hamill
morissettem277,Mark,Morissette
romagueras222,Shirely,Romaguera
macejkovicv873,Von,Macejkovic
mertzh161,Ha,Mertz
conroys365,Sherell,Conroy
bahringers130,Selena,Bahringer
sporerd181,Dorthey,Sporer
macejkovice612,Enda,Macejkovic
beerl320,Lashonda,Beer
koelpinm350,Mirta,Koelpin
durganc688,Cayla,Durgan
beerl940,Lasonya,Beer
schmidtj623,Jesse,Schmidt
greenholts843,Sherlene,Greenholt
heathcotec939,Contessa,Heathcote
nicolasv231,Vincent,Nicolas
greena57,Avis,Green
walkerj666,Jonathon,Walker
prohaskae456,Earlean,Prohaska
koeppb732,Brian,Koepp
beckerc641,Celeste,Becker
hilllt926,Trent,Hilll
ricei68,Irvin,Rice
lindw151,Williams,Lind
gaylordv265,Vincent,Gaylord
cassina796,Antony,Cassin
sporerr405,Randolph,Sporer
schustere844,Eddy,Schuster
blicks177,Shalanda,Blick
walterl195,Lakeisha,Walter
dickig375,Gigi,Dicki
baileyk166,Kendrick,Bailey
schulistv816,Vaughn,Schulist
bernierc751,Calvin,Bernier
goyettem940,Malissa,Goyette
bashirianr756,Ryan,Bashirian
mayerb867,Brinda,Mayer
bartone728,Ebonie,Barton
hayesw343,Ward,Hayes
mayerb424,Brunilda,Mayer
lindgrenj247,Jettie,Lindgren
heidenreichm809,Maryann,Heidenreich
wardj793,Jacelyn,Ward
howelld888,Donnie,Howell
schinnerf954,Fabian,Schinner
andersonm289,Marina,Anderson
wolffo437,Otha,Wolff
volkmand148,Dalene,Volkman
rauc29,Courtney,Rau
lindgrena472,Autumn,Lindgren
kleine676,Evie,Klein
weissnate826,Evan,Weissnat
mitchells503,Sean,Mitchell
zulaufc472,Charles,Zulauf
prohaskad413,Danica,Prohaska
ondrickah198,Herb,Ondricka
runtes410,Salvatore,Runte
harbern311,Nadia,Harber
watsicae627,Emilio,Watsica
colem908,Michale,Cole
murphyc220,Chuck,Murphy
schulistl790,Ladawn,Schulist
bernierl731,Larry,Bernier
krisd535,Dion,Kris
mcculloughm817,Marcel,McCullough
quitzonv251,Vina,Quitzon
gulgowskie582,Elisha,Gulgowski
douglask889,Krystina,Douglas
wiegands809,Sheldon,Wiegand
sauerg666,Gino,Sauer
ziemannj159,Joshua,Ziemann
deckowf658,Freddie,Deckow
hagenesw236,Wilma,Hagenes
corkeryj588,Juan,Corkery
wuckertl91,Lorretta,Wuckert
bechtelarm422,Mimi,Bechtelar
wests550,Shirley,West
naderi834,Isaura,Nader
kemmert670,Terrell,Kemmer
haagj691,Jean,Haag
cruickshanks862,Shyla,Cruickshank
gottliebm614,Markus,Gottlieb
binso539,Ollie,Bins
farrellp719,Patty,Farrell
beierl215,Lana,Beier
starkb245,Bert,Stark
wildermang622,Georgene,Wilderman
torphyg64,Gabriel,Torphy
hamillt300,Tessie,Hamill
roobg976,Gary,Roob
torpd166,David,Torp
moenc324,Carmelo,Moen
schadenm284,Moses,Schaden
wymane227,Elden,Wyman
torphya625,Ali,Torphy
hirther634,Rene,Hirthe
russelg297,Grisel,Russel
yosta670,Allan,Yost
schultzl190,Laurence,Schultz
klinga724,Alberto,Kling
emardm303,Mamie,Emard
reynoldso112,Orville,Reynolds
wehnerw451,Wesley,Wehner
hyattt524,Tasha,Hyatt
spencerd53,Douglas,Spencer
abshirer758,Ramon,Abshire
reillyd345,Deloris,Reilly
mclaughlins95,Shanell,McLaughlin
dickinsonc382,Carter,Dickinson
nicolasj90,Judson,Nicolas
gottliebf245,Fred,Gottlieb
brekkei61,Isidro,Brekke
beerk933,Keneth,Beer
kulase649,Eleni,Kulas
homenickf517,Freddie,Homenick
lockmane38,Erasmo,Lockman
lockmanj667,Jarrod,Lockman
beattyh550,Hildegarde,Beatty
grimesd736,David,Grimes
schmittj36,Jamey,Schmitt
pouross558,Shelia,Pouros
reynoldsb894,Billy,Reynolds
abbottc349,Chuck,Abbott
gorczanyl422,Laurence,Gorczany
runolfssonb852,Bronwyn,Runolfsson
schowalterb871,Berry,Schowalter
hagenesr443,Raymon,Hagenes
mayerl395,Lyla,Mayer
gislasonc688,Casey,Gislason
stammv351,Von,Stamm
pfefferm38,Marla,Pfeffer
ziemes93,Sid,Zieme
schmidtd19,Dierdre,Schmidt
monahanb391,Brendon,Monahan
langb946,Brendan,Lang
luettgenk949,Kathey,Luettgen
crista132,Alma,Crist
kertzmanns148,Sharell,Kertzmann
tillmana908,Adele,Tillman
gradyb473,Barrett,Grady
daughertyc209,Clemente,Daugherty
murrayj244,Jerri,Murray
stantonm725,Melany,Stanton
leannonc325,Cortez,Leannon
moent389,Tomika,Moen
bergnaumt930,Truman,Bergnaum
bahringerl947,Lawrence,Bahringer
kuhnr449,Roscoe,Kuhn
watersm689,Morgan,Waters
lindgrenk285,Kermit,Lindgren
lubowitzt413,Tien,Lubowitz
parkerc793,Constance,Parker
kilbackk145,Kacy,Kilback
klockod552,Drew,Klocko
lednerg539,Galina,Ledner
botsfordn222,Nery,Botsford
ziemannk61,Kris,Ziemann
rutherfordf820,Felisha,Rutherford
littled389,Dwight,Little
kovacekm162,Madeleine,Kovacek
bednarm426,Manie,Bednar
homenickc94,Catheryn,Homenick
murrayt445,Theodore,Murray
cassine371,Eddie,Cassin
schultzm409,Modesto,Schultz
terryc147,Catheryn,Terry
littlei154,Isaias,Little
grahamt279,Trinidad,Graham
batzm790,Maragaret,Batz
ernsers931,Scottie,Ernser
deckowa51,Archie,Deckow
langoshm479,Margarito,Langosh
ebertd648,Dinorah,Ebert
langworthr804,Rogelio,Langworth
tremblaym468,Meredith,Tremblay
lefflerl789,Lemuel,Leffler
brekkej803,Jetta,Brekke
cartwrightb146,Bette,Cartwright
terrym526,Melinda,Terry
hoegero543,Orval,Hoeger
schadenm8,Mitch,Schaden
haleyb339,Bart,Haley
kuvalisa770,Alane,Kuvalis
baileya669,Alecia,Bailey
mckenzied93,Deonna,McKenzie
maggiob750,Bertha,Maggio
cummeratav963,Virgil,Cummerata
streichb650,Bennie,Streich
kertzmannl87,Leonarda,Kertzmann
hansens809,Shaneka,Hansen
jacobsc935,Chance,Jacobs
corwint358,Tobias,Corwin
raus64,Scottie,Rau
mosciskim460,Michell,Mosciski
treutelk712,Kortney,Treutel
fadelv151,Vince,Fadel
pacochat25,Tracey,Pacocha
pricec298,Claude,Price
littelr154,Robby,Littel
donnellyl271,Lynna,Donnelly
farrellk923,Kenton,Farrell
wiegandp740,Parker,Wiegand
glovert743,Thuy,Glover
cummingse380,Eric,Cummings
heathcotec263,Charis,Heathcote
feests353,Sandi,Feest
buckridgew686,Winfred,Buckridge
gradyg790,Gregorio,Grady
baileyg585,Gisele,Bailey
paucekd824,Donnell,Paucek
ryanc215,Chara,Ryan
wills566,Salvatore,Will
windlerj57,Josh,Windler
streichr901,Rosie,Streich
granta865,Anisha,Grant
schimmelm445,Mckenzie,Schimmel
rennere125,Eloy,Renner
reillyd418,Daren,Reilly
corwine311,Efrain,Corwin
beerm568,Mandie,Beer
dachb364,Brian,Dach
hahne619,Ernest,Hahn
mrazj584,Joselyn,Mraz
gutkowskir411,Reyna,Gutkowski
kirlinb219,Bobby,Kirlin
halvorsond120,Dino,Halvorson
torphyc903,Cleo,Torphy
hettingerz289,Zona,Hettinger
ernserm798,Millard,Ernser
kassulkew406,Wallace,Kassulke
zulaufk447,Kazuko,Zulauf
hansene663,Elayne,Hansen
mosciskie564,Ezra,Mosciski
nitzscheb43,Benedict,Nitzsche
satterfielde871,Ernestine,Satterfield
raynorm444,Max,Raynor
collierc801,Cedric,Collier
gleasonr327,Randolph,Gleason
hanek661,Keira,Hane
spencerj190,Jennette,Spencer
toya865,Al,Toy
rueckerb359,Billy,Ruecker
abbotts537,Silvia,Abbott
wolffa702,Allyson,Wolff
o'connerd495,Della,O'Conner
zemlakj396,Joesph,Zemlak
fritschl928,Latoria,Fritsch
thompsonr570,Raquel,Thompson
zboncakh738,Hunter,Zboncak
gutmannh300,Holli,Gutmann
osinskir951,Ruben,Osinski
blockb650,Brenda,Block
rennerv163,Virgilio,Renner
ankundingj152,Juliane,Ankunding
reichertm721,Micheal,Reichert
townep47,Pedro,Towne
kilbacki309,Isabella,Kilback
gleasonm31,Maud,Gleason
boscom192,Millard,Bosco
labadiep470,Paris,Labadie
hettingerc885,Casimira,Hettinger
steuberm723,Mathilde,Steuber
lehnerr185,Romeo,Lehner
torphyl596,Ludivina,Torphy
powlowskid459,Dusty,Powlowski
funks487,Shani,Funk
hellerc521,Cathrine,Heller
grimesd20,Dora,Grimes
hayesm266,Micheal,Hayes
mcglynns636,Shenita,McGlynn
ricec215,Christal,Rice
lakinl666,Louise,Lakin
abernathyb769,Buster,Abernathy
emardi199,Ian,Emard
kochj916,Johanna,Koch
rennerm896,Maudie,Renner
sauerm820,Myles,Sauer
kohlerv811,Valorie,Kohler
wolffj51,Jim,Wolff
kerlukej67,Jonah,Kerluke
herzogd654,Delpha,Herzog
schuppeg910,Grover,Schuppe
cartwrightm699,Marco,Cartwright
cummingsr572,Randy,Cummings
aufderharc12,Chase,Aufderhar
connellyp45,Paris,Connelly
blandal19,Lincoln,Blanda
kuphalc732,Chase,Kuphal
durgand941,Damion,Durgan
dibbertm555,Moises,Dibbert
hodkiewiczg135,Gerry,Hodkiewicz
moorep593,Porter,Moore
jaskolskil724,Laurence,Jaskolski
cormierf118,Freeman,Cormier
dickit187,Terry,Dicki
zboncakl909,Lael,Zboncak
funkm36,Maryjo,Funk
purdyk154,Kenneth,Purdy
reichertn7,Norris,Reichert
danielv188,Vi,Daniel
halvorsond679,Donnell,Halvorson
schambergerc819,Christopher,Schamberger
christiansene118,Enedina,Christiansen
keelingg265,Ginette,Keeling
howells864,Sanjuanita,Howell
feili99,Ina,Feil
paucekr610,Rolf,Paucek
dickinsond46,Deedra,Dickinson
reichertm219,Michel,Reichert
torphyj288,Josef,Torphy
oberbrunnerb864,Barrett,Oberbrunner
bahringerb520,Bettye,Bahringer
mitchella814,Anibal,Mitchell
townea327,Antonio,Towne
bernierm932,Milan,Bernier
deckowj156,Julienne,Deckow
brownj942,Jed,Brown
d'amorej925,Justine,D'Amore
swiftc383,Carmine,Swift
handc16,Christen,Hand
kiehnb330,Belia,Kiehn
larsonj384,Jeanene,Larson
leannong599,Golda,Leannon
crooksn542,Norene,Crooks
koeppm343,Mary,Koepp
bruenm207,Moshe,Bruen
waelchiw919,Wilford,Waelchi
friesenm231,Maud,Friesen
schowalterc581,Chantelle,Schowalter
johnsonm978,Monte,Johnson
fadelb765,Bo,Fadel
davisc583,Cecil,Davis
labadies144,Shila,Labadie
vonk522,Kris,Von
kilbacka736,Arletta,Kilback
tremblayt437,Tyrell,Tremblay
windlera802,August,Windler
bartolettid44,Darline,Bartoletti
jacobim472,Michelle,Jacobi
wildermanl537,Lynell,Wilderman
lockmano745,Ozie,Lockman
hammesr482,Rupert,Hammes
murraye938,Elliott,Murray
legrosm815,Miles,Legros
jaskolskie932,Eleonora,Jaskolski
kundep358,Peggy,Kunde
lubowitzi733,Isidro,Lubowitz
volkmanj297,Jamey,Volkman
nicolasd47,Danielle,Nicolas
strackea506,Asa,Stracke
runtem341,Mercedez,Runte
dickij762,Jamison,Dicki
danielr382,Rosalie,Daniel
mohrs815,Shawnda,Mohr
johnstonm316,Malcom,Johnston
lemken130,Nathalie,Lemke
ferryj275,January,Ferry
auerg825,Giuseppe,Auer
okunevab908,Bernie,Okuneva
larsonj753,Joi,Larson
schmelerd766,Delmar,Schmeler
williamsonl484,Louie,Williamson
jastc416,Carly,Jast
streicho28,Otis,Streich
robelj338,Jere,Robel
schmelerj144,Justa,Schmeler
kuhlmanf305,Frances,Kuhlman
friesenm962,Mikel,Friesen
lednere188,Eli,Ledner
reillyn601,Nicky,Reilly
ornv842,Vicky,Orn
sporerk691,Kymberly,Sporer
bauchc527,Chia,Bauch
mcdermotta495,Andres,McDermott
grahaml664,Larissa,Graham
hartmannm884,Marcos,Hartmann
millern358,Nery,Miller
hoegers94,Scot,Hoeger
macgyverg554,Graciela,MacGyver
rooba571,Alvaro,Roob
gibsonc353,Cathey,Gibson
cartwrightc339,Clifford,Cartwright
brakuse156,Elvin,Brakus
uptonl912,Leonor,Upton
schinnerc287,Chas,Schinner
cruickshanks313,Shaquana,Cruickshank
schulisth48,Halina,Schulist
ziemannm750,Morton,Ziemann
kundeg347,Gilbert,Kunde
aufderharj740,Javier,Aufderhar
spinkab50,Brett,Spinka
kirlina144,Alphonse,Kirlin
starks329,Stanton,Stark
bartons670,Stanton,Barton
heaneyr261,Rebecca,Heaney
reillym371,Marco,Reilly
oberbrunnerf363,Fidel,Oberbrunner
parkers394,Stephania,Parker
kuhlmand814,Devon,Kuhlman
schroederk925,Kyle,Schroeder
farrelll799,Luther,Farrell
aufderharw312,Wilfred,Aufderhar
lubowitze129,Edwardo,Lubowitz
binsd661,Damon,Bins
fishera967,Amparo,Fisher
reingero386,Otto,Reinger
johnsd120,Dorla,Johns
kleinj524,Jody,Klein
baileys977,Sallie,Bailey
heathcotee813,Erich,Heathcote
howen689,Neil,Howe
breitenbergc170,Cary,Breitenberg
abbottj312,Jackson,Abbott
hodkiewiczr110,Rea,Hodkiewicz
handt167,Tomoko,Hand
hudsonb338,Bev,Hudson
jakubowskic584,Corrina,Jakubowski
flatleys61,Stephine,Flatley
hillsr264,Rosemary,Hills
danield854,Dean,Daniel
parkerh321,Hugh,Parker
raynorz829,Zachary,Raynor
trantowc664,Chantell,Trantow
langoshl951,Lonny,Langosh
yostt550,Teddy,Yost
leannonl660,Leopoldo,Leannon
gislasono391,Octavio,Gislason
goyettel727,Lissette,Goyette
spinkac804,Cindi,Spinka
kshlerinl160,Larita,Kshlerin
larsonc703,Cinda,Larson
beahanr597,Ronnie,Beahan
stantonr392,Robin,Stanton
lockmanl772,Lauren,Lockman
schambergerm700,Maryalice,Schamberger
vonruedenr970,Ronald,VonRueden
whitef755,France,White
jenkinsd74,Darron,Jenkins
littlej381,Jean,Little
spencerf276,Francisco,Spencer
marvins373,Sol,Marvin
ritchiem732,Magen,Ritchie
hyattm494,Micheal,Hyatt
reicherth169,Hyman,Reichert
danielm614,Marcellus,Daniel
greenfelders581,Scott,Greenfelder
macejkovicg257,Gaynelle,Macejkovic
abshirec323,Cleveland,Abshire
hermistonp816,Pricilla,Hermiston
kutchp214,Phung,Kutch
lindm371,Melisa,Lind
hermann611,Norberto,Herman
wilkinsone255,Elbert,Wilkinson
kohlerl31,Lewis,Kohler
kshlerinj530,Janina,Kshlerin
darei916,Irving,Dare
russell203,Lakendra,Russel
wisozkc869,Carmen,Wisozk
heathcotev911,Valencia,Heathcote
dachc292,Colene,Dach
willd144,Dante,Will
ratkem147,Monroe,Ratke
conroya558,Alton,Conroy
sengers544,Serena,Senger
raynorv380,Vaughn,Raynor
schoens747,Stella,Schoen
powlowskie512,Esteban,Powlowski
boylec297,Cortney,Boyle
blickc77,Christia,Blick
hilllb936,Bryant,Hilll
hayesr745,Ramon,Hayes
mosciskia821,Amira,Mosciski
towner563,Rupert,Towne
reillyl753,Leona,Reilly
beckers914,Sage,Becker
mitchelle546,Eugene,Mitchell
grahamj320,Jen,Graham
gottliebc796,Chana,Gottlieb
westr878,Renata,West
hicklet761,Teressa,Hickle
schmidtf71,Fidel,Schmidt
sawaynl494,Leandro,Sawayn
jakubowskim245,Marcelo,Jakubowski
gorczanyn748,Nan,Gorczany
hoppem810,Mike,Hoppe
rennerj273,Jeni,Renner
kihns588,Sal,Kihn
mckenzief297,Fidel,McKenzie
robele411,Erwin,Robel
skiless796,Shelton,Skiles
medhursts229,Shery,Medhurst
satterfieldw906,Willian,Satterfield
gorczanym878,Maggie,Gorczany
bauchc866,Catrice,Bauch
doylel765,Lexie,Doyle
ziemannm352,Madelyn,Ziemann
ryans211,Sallie,Ryan
paucekl644,Luciano,Paucek
hilperts274,Stevie,Hilpert
dibbertm608,Mistie,Dibbert
koeppz937,Zachery,Koepp
lemkel489,Laurence,Lemke
davisr152,Ray,Davis
huelst709,Terence,Huels
hauckr363,Royce,Hauck
heidenreichv331,Vilma,Heidenreich
gaylordl524,Leonard,Gaylord
ritchieg563,Gilbert,Ritchie
harbert822,Travis,Harber
schmelers639,Sigrid,Schmeler
pfefferr156,Richie,Pfeffer
manns588,Shon,Mann
satterfieldb514,Beau,Satterfield
heidenreichs927,Seema,Heidenreich
o'kone813,Eddie,O'Kon
reichele694,Emilie,Reichel
reillyn541,Nathaniel,Reilly
jacobsonm435,Milton,Jacobson
fayj964,Joya,Fay
bartolettia926,Alexander,Bartoletti
quitzong653,Guy,Quitzon
binsc543,Carmina,Bins
legrosm227,Marya,Legros
schroederj736,Jeannette,Schroeder
brekked615,Dane,Brekke
colet385,Tammy,Cole
legroso13,Omar,Legros
langl671,Lamont,Lang
kuhnt94,Tynisha,Kuhn
durgant337,Tawny,Durgan
windlerv920,Virgina,Windler
gorczanyh255,Hilario,Gorczany
prohaskar268,Rickey,Prohaska
roobk918,Kari,Roob
tremblayj845,Jarrett,Tremblay
cristh812,Humberto,Crist
blandad460,Danille,Blanda
mckenziet661,Terresa,McKenzie
eberts280,Signe,Ebert
kshlerinh834,Hayley,Kshlerin
torpo101,Olympia,Torp
sawaynl230,Latoya,Sawayn
stantona380,Ahmed,Stanton
rennera906,Althea,Renner
cruickshankp177,Parker,Cruickshank
larkini591,Ione,Larkin
mosciskie179,Elisha,Mosciski
yosts719,Shakira,Yost
ortizk476,Kelvin,Ortiz
lockmang801,Grover,Lockman
uptone147,Eugene,Upton
lednerl378,Lucienne,Ledner
effertzw209,Weston,Effertz
nitzscheg261,Grayce,Nitzsche
corkeryv555,Vicente,Corkery
macejkovicn261,Norma,Macejkovic
grantm502,Muriel,Grant
mosciskil715,Lettie,Mosciski
waelchic189,Cary,Waelchi
wunschs280,Shona,Wunsch
rosenbaumd439,Devin,Rosenbaum
kuvalisj40,Jon,Kuvalis
lindw779,Willene,Lind
mcculloughj727,Jose,McCullough
doylee640,Erasmo,Doyle
emmerichj164,Joel,Emmerich
gerholdq970,Quinton,Gerhold
watersd929,Dewitt,Waters
murraya576,Alejandra,Murray
kuphalh915,Hubert,Kuphal
sawaynm183,Marvin,Sawayn
waelchit901,Tameka,Waelchi
wizal166,Lanelle,Wiza
rutherfordm186,Marlys,Rutherford
johnsr416,Renay,Johns
ullrichc325,Cedric,Ullrich
hilllf973,Francene,Hilll
gottliebe253,Eloisa,Gottlieb
douglasj298,Justa,Douglas
bashirianh495,Hannah,Bashirian
mrazk170,Kristine,Mraz
predovice401,Errol,Predovic
o'konr486,Roxanna,O'Kon
pfefferm652,Mason,Pfeffer
schulistz156,Zack,Schulist
effertzd129,Domonique,Effertz
armstrongc880,Consuela,Armstrong
ritchiet174,Tamika,Ritchie
mertzw934,Wilbur,Mertz
cronins300,Selene,Cronin
hilpertm391,Michiko,Hilpert
hirthem136,Madelyn,Hirthe
langoshx720,Xiao,Langosh
handk215,Kelvin,Hand
bodes575,Sarai,Bode
schultzg394,Gregorio,Schultz
turcottek356,Kathlene,Turcotte
sporerm43,Marina,Sporer
dickinsonf889,Francine,Dickinson
dietricha422,Aurea,Dietrich
kesslera547,Arthur,Kessler
parisiang386,Griselda,Parisian
jacobsons508,Shiloh,Jacobson
nadera160,Agnes,Nader
vonruedenm676,Mona,VonRueden
rodriguezj114,Jere,Rodriguez
vandervortk593,Katy,Vandervort
johnsj966,Jefferey,Johns
croninl239,Leila,Cronin
boscoj655,Josephina,Bosco
okuneval665,Lucius,Okuneva
durganw346,Walton,Durgan
stamme350,Elroy,Stamm
farrellm518,Micaela,Farrell
batzc139,Carolynn,Batz
rempell284,Larae,Rempel
kerlukem1,Michel,Kerluke
schroederd538,Donnetta,Schroeder
schimmeld979,Dennis,Schimmel
breitenbergc183,Clark,Breitenberg
kunzes145,Sheldon,Kunze
bartone241,Erasmo,Barton
grahama862,Arlie,Graham
kuhlmanv796,Vikki,Kuhlman
hayest894,Taylor,Hayes
gibsona709,Alycia,Gibson
o'connerd66,Doreatha,O'Conner
hyatts55,Suzette,Hyatt
dickil757,Lauryn,Dicki
wardl713,Lana,Ward
hellerc932,Caron,Heller
wittingh799,Hal,Witting
beahant245,Tawna,Beahan
hammesi702,Iluminada,Hammes
marvinm658,Marceline,Marvin
hermannj784,Juana,Hermann
bogisichk940,Kris,Bogisich
boscop261,Percy,Bosco
stoltenberge477,Elease,Stoltenberg
handj333,Jeromy,Hand
smithamh404,Hobert,Smitham
rogahnl259,Lonny,Rogahn
rolfsonc18,Corey,Rolfson
wintheiserc81,Cristopher,Wintheiser
kshlerine957,Erich,Kshlerin
larkinl878,Larraine,Larkin
lindgrena268,Ava,Lindgren
boyers732,Stanley,Boyer
walshv535,Venice,Walsh
harrisj86,Jerrica,Harris
dachm257,Mitchell,Dach
flatleyk904,Kym,Flatley
gloverl300,Luci,Glover
kingf512,Francine,King
zboncaka581,Adalberto,Zboncak
prohaskal764,Lucius,Prohaska
dubuquem653,Maria,DuBuque
blandat162,Tommy,Blanda
donnellyl937,Lynda,Donnelly
strackec15,Coleen,Stracke
wiegands476,Sang,Wiegand
kihnm256,Meri,Kihn
langworths263,Sherita,Langworth
cruickshankr929,Raul,Cruickshank
hansent739,Takako,Hansen
walshc808,Chantal,Walsh
bashirianm925,Michael,Bashirian
hanen7,Nelida,Hane
wiegands68,Shelia,Wiegand
raua516,Annamarie,Rau
kunzeb902,Bud,Kunze
smithaml668,Lonnie,Smitham
braunj868,Julie,Braun
cormiers662,Shanell,Cormier
hayesr200,Rosalee,Hayes
hintzj574,Jamey,Hintz
wildermant749,Tamara,Wilderman
kuba863,Agustin,Kub
denesikv167,Verlene,Denesik
rempelk84,Kenny,Rempel
parkerl212,Laurine,Parker
swaniawskia109,Andy,Swaniawski
wildermanr151,Rafaela,Wilderman
haucks376,Skye,Hauck
parisiand534,Donn,Parisian
connd346,Dale,Conn
schambergere606,Easter,Schamberger
gerlachi518,Ingeborg,Gerlach
bartonr851,Reid,Barton
friesenl229,Lara,Friesen
keeblers881,Sidney,Keebler
ernsers117,Shanel,Ernser
wizab892,Blair,Wiza
hudsonn961,Nick,Hudson
veumm321,Mariano,Veum
feeneya821,Ardell,Feeney
conroyd190,Dee,Conroy
gorczanyk542,Katelyn,Gorczany
hillst463,Terrance,Hills
wunscha473,Austin,Wunsch
cummingsd924,Debi,Cummings
jacobsd292,Denisha,Jacobs
muellerf344,Ferdinand,Mueller
mrazl749,Lola,Mraz
balistrerif562,Faustina,Balistreri
reillyr751,Robby,Reilly
naderv724,Vickey,Nader
wildermang640,Garry,Wilderman
o'haras683,Sherrie,O'Hara
yundtm796,Malissa,Yundt
smithl640,Lesha,Smith
hicklec91,Corina,Hickle
thielj141,Jarrett,Thiel
auerr575,Roderick,Auer
farrellc850,Christal,Farrell
pacochae411,Elli,Pacocha
kirlinn765,Naomi,Kirlin
ledners838,Shamika,Ledner
mckenzied816,Dorinda,McKenzie
bernhardc375,Clifton,Bernhard
hermanna142,Arla,Hermann
caspera716,Antione,Casper
marquardtc219,Carrol,Marquardt
kemmerr682,Russel,Kemmer
monahanl261,Lynwood,Monahan
strackej431,Janee,Stracke
shieldsd156,Denver,Shields
klinga353,Andres,Kling
streichk109,Keith,Streich
rowet42,Tess,Rowe
simoniso489,Otto,Simonis
goldnera971,Apryl,Goldner
ziemet572,Tandy,Zieme
tremblayk484,Karl,Tremblay
gottliebh862,Humberto,Gottlieb
yundte573,Elenor,Yundt
ratha643,Adeline,Rath
creminl413,Lesia,Cremin
roobg114,Gilberto,Roob
watersq594,Quinton,Waters
hirthec284,Christiana,Hirthe
davisn711,Noah,Davis
cummingsi74,Isaac,Cummings
schulistj526,Johnny,Schulist
bernhardm730,Marlon,Bernhard
herzogi624,Ivory,Herzog
kertzmanna899,Adrien,Kertzmann
koelpink650,Kenneth,Koelpin
lednerh596,Helena,Ledner
cummingsa517,Anibal,Cummings
grahams554,Sandra,Graham
bradtkek93,Karl,Bradtke
prosaccol867,Lisandra,Prosacco
mrazb159,Brunilda,Mraz
koelpinn519,Nelly,Koelpin
weimanno414,Orval,Weimann
zulaufl69,Lanette,Zulauf
gerlachl583,Lilla,Gerlach
tremblaye755,Eusebio,Tremblay
schillerj119,Joe,Schiller
stromanr323,Ryann,Stroman
wunsche359,Elvie,Wunsch
boyert534,Tona,Boyer
swiftb731,Bert,Swift
torphyb843,Buddy,Torphy
rauk496,Kitty,Rau
howes172,Sherlyn,Howe
kovacekk790,Kamilah,Kovacek
lebsackv778,Vernetta,Lebsack
treutela890,Aldo,Treutel
stromane178,Ernest,Stroman
gottliebl956,Lino,Gottlieb
o'haras190,Starr,O'Hara
shanahank358,Kirstie,Shanahan
metzd100,Dexter,Metz
sanfordk352,Katina,Sanford
bayern345,Noemi,Bayer
swiftm595,Monika,Swift
padbergd253,Darci,Padberg
wieganda959,Arlena,Wiegand
turnerc966,Clarisa,Turner
hartmanno446,Ollie,Hartmann
spinkas50,Sammy,Spinka
strackec716,Clayton,Stracke
sauerd843,Dexter,Sauer
dickinsont116,Tomiko,Dickinson
kundem923,Marty,Kunde
schillerm440,Moriah,Schiller
kesslerb45,Brant,Kessler
lueilwitzk82,Kerrie,Lueilwitz
hudsonn688,Noah,Hudson
schimmelc940,Clay,Schimmel
bergnaumd686,Denver,Bergnaum
millerm367,Mittie,Miller
parkers773,Stephane,Parker
yundtp738,Patrina,Yundt
walkert927,Trinidad,Walker
gutkowskim24,Maricela,Gutkowski
aufderhart511,Takisha,Aufderhar
kuhica358,Abigail,Kuhic
sporerw90,Wilfredo,Sporer
hoegers403,Sha,Hoeger
gulgowskis619,Simon,Gulgowski
cruickshankl628,Lise,Cruickshank
pfefferc764,Colton,Pfeffer
gibsonf817,Fermin,Gibson
langwortht666,Toccara,Langworth
veumm608,Mi,Veum
considinel604,Lupe,Considine
harveyg637,Gena,Harvey
volkmanm620,Maurine,Volkman
keeblerb66,Bernie,Keebler
macgyverh690,Hyo,MacGyver
cartero556,Omer,Carter
o'keefee351,Elisabeth,O'Keefe
millerg819,Garret,Miller
crista687,Arnoldo,Crist
zulaufr121,Randolph,Zulauf
rosenbaums720,Shona,Rosenbaum
doyled710,Daysi,Doyle
gorczanyj642,Jeremy,Gorczany
pagack941,Kizzie,Pagac
wittingm849,Marc,Witting
treutell436,Lamar,Treutel
macejkovics726,Shelton,Macejkovic
purdyg807,Giuseppe,Purdy
predovicd43,Darwin,Predovic
boscoc214,Cruz,Bosco
christiansena689,Arianne,Christiansen
hanea422,Audrea,Hane
batzt456,Thersa,Batz
lefflern627,Natalie,Leffler
davisb53,Barbie,Davis
wardm100,Maxwell,Ward
gusikowskib717,Brady,Gusikowski
schowalterb568,Bess,Schowalter
jakubowskil957,Leonore,Jakubowski
ledners841,Socorro,Ledner
medhurstg319,Garret,Medhurst
purdya141,Andreas,Purdy
reichelj934,Junior,Reichel
gerholdk350,Kirby,Gerhold
pacochab438,Brittaney,Pacocha
wilkinsong588,Gwenn,Wilkinson
schumma92,Adrian,Schumm
fritschd201,Darrin,Fritsch
adamsb663,Brad,Adams
marvinj969,Jane,Marvin
mannc668,Cleora,Mann
casperv62,Vincenza,Casper
lindh940,Herman,Lind
williamsonm763,Marine,Williamson
pricek643,Kris,Price
uptony752,Yesenia,Upton
blocka637,Albertina,Block
gaylordd716,Demarcus,Gaylord
dubuqued547,Dong,DuBuque
huelb873,Bula,Huel
schmittl374,Lynsey,Schmitt
herzogb302,Benito,Herzog
ferryj612,Joaquin,Ferry
greenfeldere208,Eusebia,Greenfelder
mclaughlinv303,Vincent,McLaughlin
wunschj499,Joe,Wunsch
considinet644,Teena,Considine
ebertc761,Claude,Ebert
auerd521,Delbert,Auer
kemmerl897,Lashaunda,Kemmer
parisiann469,Nakita,Parisian
bauchr415,Rhett,Bauch
boyert786,Tonita,Boyer
mayertg33,Ginger,Mayert
feilr418,Rashad,Feil
schillerm272,Michel,Schiller
heathcotep42,Palmer,Heathcote
jacobic82,Conchita,Jacobi
murrayp966,Patti,Murray
krajcikj636,Justina,Krajcik
gerholde390,Evangelina,Gerhold
bartolettim225,Milda,Bartoletti
romagueras313,Suzan,Romaguera
jaskolskic598,Chester,Jaskolski
kilbackz160,Zaida,Kilback
wuckertr939,Rosalyn,Wuckert
schusterc357,Chance,Schuster
fayn196,Norene,Fay
lubowitzr943,Rolando,Lubowitz
stromanl516,Latarsha,Stroman
shieldsr929,Rosella,Shields
wunschz219,Zackary,Wunsch
halvorsoni465,Iluminada,Halvorson
hesselm284,Marylee,Hessel
watsicac167,Clifford,Watsica
toyl32,Laurice,Toy
murrayl515,Lucio,Murray
buckridgem524,Marylouise,Buckridge
osinskid548,Dannie,Osinski
gaylordt527,Traci,Gaylord
thompsonl139,Laraine,Thompson
schillert585,Toshia,Schiller
christiansend964,Darell,Christiansen
boyerj243,Jenna,Boyer
runolfsdottire838,Elna,Runolfsdottir
reichels795,Shane,Reichel
ledners158,Samuel,Ledner
dickinsonm602,Merrill,Dickinson
beierf518,Filiberto,Beier
purdyl689,Lizzie,Purdy
schusterm955,Markus,Schuster
mertzj904,Jana,Mertz
hagenesl486,Lyndon,Hagenes
gorczanym934,Melisa,Gorczany
romagueraa575,Alba,Romaguera
o'keefer488,Randell,O'Keefe
sauerm681,Morton,Sauer
berged542,Deandre,Berge
goodwinb696,Bennie,Goodwin
streichk893,Kit,Streich
collierb93,Brendan,Collier
parisianu973,Un,Parisian
bayers447,Sang,Bayer
fadele14,Elmo,Fadel
kubc709,Cherilyn,Kub
mannp261,Pauletta,Mann
quitzonh718,Herbert,Quitzon
kesslern378,Nelson,Kessler
cartwrightl176,Lavonia,Cartwright
robertsm562,Moises,Roberts
predovicp707,Peggy,Predovic
goodwinb118,Bruno,Goodwin
dickim677,Marcus,Dicki
schambergera202,Ambrose,Schamberger
dietrichc111,Chang,Dietrich
barrowsk610,Kimberley,Barrows
dickenss172,Serina,Dickens
jacobik424,Kerstin,Jacobi
wintheiserc328,Christian,Wintheiser
herzogw696,Waylon,Herzog
heaneyt972,Tyra,Heaney
hoegerg48,Gabriele,Hoeger
grantm850,Marco,Grant
bradtkes191,Stewart,Bradtke
gorczanyd797,Deeanna,Gorczany
bodes926,Sonny,Bode
lubowitzt498,Tena,Lubowitz
murrayv399,Vanesa,Murray
rempell720,Laureen,Rempel
kunzem412,Melynda,Kunze
russelc469,Cortez,Russel
westl643,Lauren,West
aufderhare586,Eleanor,Aufderhar
rogahne704,Ed,Rogahn
lubowitzl468,Lisabeth,Lubowitz
keelinga750,Alaine,Keeling
kohlerr502,Rich,Kohler
reynoldsc695,Catalina,Reynolds
caspern855,Nannie,Casper
hillld604,Duncan,Hilll
herzogc94,Cleo,Herzog
spinkaw780,Walker,Spinka
fritschr200,Rolando,Fritsch
kingm172,Maximo,King
roweb41,Belen,Rowe
keeblerd88,Danyel,Keebler
eberts936,Stuart,Ebert
ernserk826,Kenisha,Ernser
murrayh358,Hiram,Murray
batzn679,Noble,Batz
weimannc609,Chana,Weimann
terrye215,Eusebia,Terry
conroya278,Ariel,Conroy
stammd627,Deloras,Stamm
ornh156,Herman,Orn
kovaceks846,Sharyl,Kovacek
lemkee908,Erick,Lemke
jaskolskir751,Roselia,Jaskolski
wolfr662,Reena,Wolf
zemlaks37,Shae,Zemlak
lefflerd395,Dorotha,Leffler
labadies753,Sydney,Labadie
mcglynne529,Erin,McGlynn
framio593,Otto,Frami
bradtket710,Trina,Bradtke
spencern370,Neville,Spencer
hilpertm402,Maurice,Hilpert
schumml645,Larissa,Schumm
bauchj422,Jean,Bauch
hoegerj635,Jenice,Hoeger
wittings318,Shaquana,Witting
wittings784,Shirley,Witting
schmelert364,Tyra,Schmeler
parisiant210,Tyler,Parisian
beahane976,Emily,Beahan
littelc658,Charline,Littel
gloverc117,Chase,Glover
jakubowskim514,Marlon,Jakubowski
wilkinsonb418,Benedict,Wilkinson
wards124,Stefania,Ward
cristc728,Celinda,Crist
kuba389,Alaine,Kub
kreigerd224,Dannie,Kreiger
franeckis481,Stacey,Franecki
lindgrenp910,Paris,Lindgren
schupped525,Danilo,Schuppe
bogana518,Annemarie,Bogan
wardv35,Verdie,Ward
kochk129,Kali,Koch
labadied436,Dudley,Labadie
hellerc156,Cira,Heller
sanfordd323,Darrick,Sanford
hahna66,Archie,Hahn
greenfelders513,Salvatore,Greenfelder
powlowskim657,Marta,Powlowski
ryans730,Samara,Ryan
walkerr193,Raymond,Walker
dickinsonr333,Raul,Dickinson
raua965,Adolph,Rau
hansens223,Salvatore,Hansen
harberl522,Lakenya,Harber
schultzc849,Collin,Schultz
treutelw519,Werner,Treutel
botsfordp431,Pricilla,Botsford
fisherd337,Domenic,Fisher
zemlakj344,Jonathon,Zemlak
moorer853,Rachell,Moore
howellv417,Vincenzo,Howell
greenfeldera629,Amira,Greenfelder
lockmano350,Otis,Lockman
klingd572,Dennise,Kling
danielt684,Tracey,Daniel
handl338,Les,Hand
ebertk7,Kia,Ebert
o'harar415,Rudolf,O'Hara
marvinm318,Michelle,Marvin
boyerr275,Rosetta,Boyer
swaniawskim231,Marcos,Swaniawski
kesslerr466,Raphael,Kessler
connellyl434,Luanna,Connelly
kiehna435,Antony,Kiehn
vonruedenh142,Hannah,VonRueden
pacochaj919,Johnathan,Pacocha
reingera193,Arron,Reinger
ziemannz726,Zina,Ziemann
bartellh980,Harold,Bartell
cristd884,Danial,Crist
blickl527,Laurel,Blick
parkerl697,Landon,Parker
nicolasr197,Rod,Nicolas
schmittw96,Wally,Schmitt
grante502,Ezekiel,Grant
stammt729,Tierra,Stamm
o'connellk257,Kia,O'Connell
kochm405,Magnolia,Koch
mitchellk865,Kyle,Mitchell
bahringerb808,Bud,Bahringer
manteb35,Bryan,Mante
runted600,Delinda,Runte
greenfelderl575,Lucius,Greenfelder
aufderhark720,Kizzy,Aufderhar
rohanj919,Jina,Rohan
durgans711,Suzette,Durgan
blicke946,Ellis,Blick
o'keefeg591,Gil,O'Keefe
boehmm962,Mayra,Boehm
mckenzied105,Dexter,McKenzie
kulass603,Sau,Kulas
medhurste232,Elliot,Medhurst
torpw815,Wilbur,Torp
walkers957,Salvatore,Walker
runolfsdottire189,Ethelyn,Runolfsdottir
koelping607,Galen,Koelpin
walterg936,Gracie,Walter
klingb873,Bernie,Kling
schillerj287,Jerald,Schiller
marvind439,Deborah,Marvin
schimmelm254,Mauricio,Schimmel
bogisicho913,Ophelia,Bogisich
rippind9,Doreatha,Rippin
hegmannf658,Florentino,Hegmann
wardb335,Brooks,Ward
schmidtr124,Ressie,Schmidt
wisokyl799,Loma,Wisoky
murazikr155,Reda,Murazik
parisiank340,Krista,Parisian
stantonc348,Chung,Stanton
hanem321,Morris,Hane
smithl55,Lucina,Smith
volkmand887,Daniele,Volkman
o'connella825,Addie,O'Connell
torphyl855,Lauren,Torphy
rosenbaumg844,Gene,Rosenbaum
jaskolskis488,Shawn,Jaskolski
nitzschee790,Edgar,Nitzsche
mohrj305,Jordon,Mohr
hillsb886,Brianne,Hills
framib502,Blanch,Frami
shanahana135,Arla,Shanahan
bernhardl263,Leon,Bernhard
mohrk298,Karyn,Mohr
herzogk481,Kim,Herzog
botsfordd238,Dorothea,Botsford
kreigerm241,Marth,Kreiger
gutmannl315,Lenny,Gutmann
blocka930,Avery,Block
wilkinsoni791,Ian,Wilkinson
shanahana252,Antwan,Shanahan
reillye131,Eula,Reilly
hartmannr931,Reuben,Hartmann
effertzi555,Ione,Effertz
hettingere421,Else,Hettinger
beerr32,Rachael,Beer
homenickp620,Pablo,Homenick
ortizf285,Forrest,Ortiz
tromps326,Sonny,Tromp
kuhicd429,Donna,Kuhic
braunc593,Coleen,Braun
erdmana285,Arturo,Erdman
kassulkew340,Wade,Kassulke
goodwinj882,Juliet,Goodwin
daviss767,Sherice,Davis
wisokyj865,Johnathon,Wisoky
spinkas746,Shaun,Spinka
kuhicg598,Gregg,Kuhic
kerlukeh904,Hassan,Kerluke
sawaynw259,Warner,Sawayn
turcotten973,Noella,Turcotte
skilesj165,Justina,Skiles
bahringerd720,Delinda,Bahringer
harberf388,Fred,Harber
johnsc307,Clara,Johns
abshirea48,Alvin,Abshire
boyleh792,Hertha,Boyle
lefflert916,Tim,Leffler
hillse219,Edwin,Hills
bernierr48,Raven,Bernier
dachs657,Stephen,Dach
krajcika236,Adriene,Krajcik
cruickshankm769,Malik,Cruickshank
wolfl977,Lionel,Wolf
steuberj288,Jaye,Steuber
beahans911,Star,Beahan
wisokys84,Seth,Wisoky
stamms938,Sheree,Stamm
balistrerih78,Homer,Balistreri
pourosk704,Kendrick,Pouros
lindl708,Luvenia,Lind
hoegerj487,Joann,Hoeger
feeneyf363,Fabian,Feeney
gislasonn350,Noel,Gislason
baumbachg354,Gerard,Baumbach
wardt444,Timmy,Ward
lebsackd365,Danyell,Lebsack
durganw612,Wilburn,Durgan
glovert59,Tifany,Glover
denesikj170,Jeannetta,Denesik
gerholds572,Shanelle,Gerhold
ratkec862,Carol,Ratke
hettingerm875,Malcolm,Hettinger
goyetteg446,Gena,Goyette
adamsm864,Merilyn,Adams
durganp213,Pansy,Durgan
fadelj513,Jeri,Fadel
stokese957,Eric,Stokes
hayesj704,Jeraldine,Hayes
macgyveri403,Irma,MacGyver
d'amoreh107,Hank,D'Amore
mertzh841,Hugo,Mertz
gloverd520,Damian,Glover
buckridgev378,Virgina,Buckridge
halvorsonm626,Mitchell,Halvorson
heidenreichm247,Micah,Heidenreich
tillmanc913,Christian,Tillman
jastr837,Rob,Jast
goyettee242,Elouise,Goyette
homenickm396,Mabelle,Homenick
deckowa766,Amira,Deckow
gloverf91,Felton,Glover
kuhlmana718,Abe,Kuhlman
nienowd805,Derrick,Nienow
cruickshankm233,Maire,Cruickshank
grimesl127,Lan,Grimes
hyattl807,Lynetta,Hyatt
lindl590,Lita,Lind
parisiang610,Gabriele,Parisian
hermannk256,Kenneth,Hermann
friesenm657,Murray,Friesen
gleichnere519,Earnest,Gleichner
lubowitzr380,Rolland,Lubowitz
spencerj130,Jenifer,Spencer
trompr280,Roger,Tromp
vonruedene713,Esteban,VonRueden
greenr851,Roy,Green
gleasona627,Alexis,Gleason
luettgend605,Devon,Luettgen
champling862,Glenna,Champlin
nienowk899,Kenneth,Nienow
kubd691,Dulce,Kub
schaeferc70,Charlott,Schaefer
larking508,Gayle,Larkin
wolfh259,Hellen,Wolf
kochb588,Becki,Koch
kihne24,Elane,Kihn
pagacr955,Ria,Pagac
strackem610,Monty,Stracke
shieldsi952,Irving,Shields
whitec555,Charlyn,White
borerw515,Wendolyn,Borer
brakusc147,Casey,Brakus
satterfieldd397,Denita,Satterfield
bartelll520,Lisbeth,Bartell
schulistk968,Ken,Schulist
feeneyj20,Jackeline,Feeney
tillmanl368,Leonardo,Tillman
cruickshankm45,Man,Cruickshank
ricel478,Loralee,Rice
armstrongg878,Garrett,Armstrong
lowes445,Sam,Lowe
stokesc703,Carolyne,Stokes
goldnerb636,Barton,Goldner
cronina111,Alfredo,Cronin
bahringere686,Elvin,Bahringer
zboncakl250,Lissette,Zboncak
brownk316,Kenton,Brown
kochl121,Luther,Koch
kulass839,Stephan,Kulas
kuba466,Akilah,Kub
caspers723,Shiela,Casper
quigleyb683,Blake,Quigley
hodkiewiczr472,Rosenda,Hodkiewicz
tillmang942,Graham,Tillman
huelc293,Cristie,Huel
walshc740,Christel,Walsh
leannong302,Gabriella,Leannon
stantong184,Gayle,Stanton
shanahanj470,Johanne,Shanahan
feeneyc197,Claudia,Feeney
treutelr482,Roscoe,Treutel
hyattv573,Vita,Hyatt
cartert852,Terrence,Carter
erdmand722,Dante,Erdman
weimanne691,Eneida,Weimann
williamsonp538,Pearlene,Williamson
leuschkef181,Frederick,Leuschke
jaskolskia878,Alfred,Jaskolski
jonesc657,Cruz,Jones
wunschj739,Josefa,Wunsch
tremblayg462,Gena,Tremblay
gibsone658,Eilene,Gibson
kuhlmand626,Dana,Kuhlman
faya641,Antony,Fay
strosind771,Dylan,Strosin
murphyr696,Rob,Murphy
beckerm977,Marvin,Becker
streichs898,Stefan,Streich
kunzel651,Lonnie,Kunze
robelr76,Royce,Robel
tillmanl815,Lovella,Tillman
homenickt672,Thi,Homenick
jerdeg765,Gretchen,Jerde
kutchk741,Kim,Kutch
raynory655,Yuriko,Raynor
johnsond972,Dodie,Johnson
padbergd215,Darell,Padberg
blockd66,Danita,Block
larkind940,Daina,Larkin
boyero396,Omar,Boyer
walshe69,Elsie,Walsh
swaniawskij640,Josephine,Swaniawski
handm446,Morgan,Hand
legrosi87,Iraida,Legros
strackem264,Mohamed,Stracke
lubowitzk629,Kiana,Lubowitz
jastl100,Lula,Jast
ebertf234,Floyd,Ebert
kossf223,Faustino,Koss
balistrerij610,Jan,Balistreri
beckerc668,Cyril,Becker
altenwerthr106,Rigoberto,Altenwerth
wills766,Stepanie,Will
raynorv526,Vince,Raynor
bahringere702,Emmanuel,Bahringer
hammesi827,Ivelisse,Hammes
connellyv497,Vanesa,Connelly
stantonn163,Nick,Stanton
pfannerstillf904,Fabian,Pfannerstill
durgana187,Aundrea,Durgan
harveyg574,Georgeanna,Harvey
baucha942,Antonio,Bauch
feesta525,Abdul,Feest
kube609,Ellsworth,Kub
parisianc962,Cedrick,Parisian
o'haraj882,Josue,O'Hara
macgyverm17,Miguel,MacGyver
goyettej541,Jamal,Goyette
leannonk369,Kaleigh,Leannon
parisians910,Stacey,Parisian
schuppet109,Tracie,Schuppe
schulists968,Shonta,Schulist
runted207,Dorthey,Runte
kozeyg707,Gwyn,Kozey
blandat484,Toccara,Blanda
wardm259,Moshe,Ward
schneiderc745,Carlos,Schneider
conroya796,Alonzo,Conroy
casperd911,Dagny,Casper
uptonf849,Fredric,Upton
gradyj872,Jeromy,Grady
kunzel30,Lenny,Kunze
schmidte322,Elbert,Schmidt
bergeg392,Gregorio,Berge
dickensb599,Brendan,Dickens
casperm310,Manda,Casper
kuphalp158,Patricia,Kuphal
maggiol878,Leon,Maggio
yundtg644,Grady,Yundt
skilesf570,Flo,Skiles
kreigerl290,Len,Kreiger
kundev893,Veda,Kunde
kshlerinc322,Charley,Kshlerin
nolanf495,Faye,Nolan
spinkal467,Lasandra,Spinka
mclaughlinn274,Nichelle,McLaughlin
runolfsdottira92,Amos,Runolfsdottir
moend282,Dusty,Moen
boyled773,Dannie,Boyle
blandaa5,Alan,Blanda
harveyf930,Flora,Harvey
ferryc620,Christoper,Ferry
bogisichh810,Horace,Bogisich
cruickshankp468,Phillip,Cruickshank
veumk86,Kathi,Veum
binsg373,Giuseppe,Bins
ullrichj682,Jamal,Ullrich
labadiea292,Allyn,Labadie
johnsd368,Dalila,Johns
leuschkem346,Maranda,Leuschke
quitzonr909,Robt,Quitzon
townel619,Leon,Towne
dietrichs409,Shawanna,Dietrich
smithm733,Marchelle,Smith
kiehnc380,Catharine,Kiehn
ferryr104,Raymundo,Ferry
d'amoreb399,Buck,D'Amore
purdyj300,Jaime,Purdy
ryanm678,Maude,Ryan
greenfelderd483,Derrick,Greenfelder
greenholtr86,Rodrick,Greenholt
carterv95,Vonnie,Carter
haleyt2,Tawnya,Haley
lakinf719,Florida,Lakin
robels213,Shamika,Robel
sauerm584,Madelene,Sauer
framij848,James,Frami
franeckir424,Rory,Franecki
spencerl146,Luigi,Spencer
daughertyf387,Florencio,Daugherty
hermanng155,Graham,Hermann
mcglynnt346,Ted,McGlynn
corkeryd632,Dann,Corkery
paucekl855,Lenita,Paucek
rogahnc608,Clemente,Rogahn
collierc675,Cody,Collier
mullerb257,Bobbie,Muller
effertzd811,Darin,Effertz
haleyl16,Lavada,Haley
klockoi450,Ileen,Klocko
kuhicm512,Marquetta,Kuhic
nitzschee731,Euna,Nitzsche
reingerd45,Dennis,Reinger
o'keefev120,Vaughn,O'Keefe
gleichnere160,Ezekiel,Gleichner
pourosr887,Roy,Pouros
smiths737,Shelton,Smith
wisokya495,Amado,Wisoky
doylek106,Kenton,Doyle
strackej2,Jere,Stracke
prohaskam87,Maire,Prohaska
millsj254,Jamison,Mills
lakind273,Dean,Lakin
greeni216,Ian,Green
pollichw979,Wendy,Pollich
binsk893,Karen,Bins
hagenese745,Ezra,Hagenes
schuppem165,Magan,Schuppe
boyerk244,Kimbery,Boyer
jacobie258,Eliz,Jacobi
hackettw792,Wendell,Hackett
tillmanc572,Cordia,Tillman
hermannj912,Jon,Hermann
lynchl428,Luther,Lynch
blandad679,Denisse,Blanda
collinsa412,Alycia,Collins
blandas23,Shana,Blanda
vond243,Damien,Von
cruickshankl48,Lorri,Cruickshank
wolffj201,Jesusita,Wolff
jastd698,Delana,Jast
volkmanh939,Henry,Volkman
uptonl955,Luciano,Upton
rempels647,Shawn,Rempel
d'amoreg501,Geoffrey,D'Amore
leannonm950,Marlon,Leannon
hauckl120,Lucius,Hauck
pfeffere607,Eloy,Pfeffer
langoshm110,Maye,Langosh
kuhicl359,Lacey,Kuhic
framie629,Elenora,Frami
stantonc284,Colin,Stanton
crooksc91,Cameron,Crooks
zboncakr370,Ramiro,Zboncak
langr410,Rosette,Lang
mckenziet932,Thanh,McKenzie
weberm760,Marsha,Weber
robelh193,Hana,Robel
greenfelderd691,Dominica,Greenfelder
stoltenbergg657,Glayds,Stoltenberg
vong497,Glenn,Von
kuhna336,Art,Kuhn
wunschk345,Kendall,Wunsch
robertst99,Tom,Roberts
leschb554,Brittny,Lesch
treutelc909,Columbus,Treutel
zulaufg364,Genesis,Zulauf
bruenl374,Leonard,Bruen
steuberp861,Paris,Steuber
rennerc693,Cortez,Renner
o'reillyk192,Kisha,O'Reilly
kemmerc904,Carl,Kemmer
kshlerint16,Tad,Kshlerin
littelj116,Jonna,Littel
thompsonk165,Kayleigh,Thompson
dachk330,Kazuko,Dach
grahamv662,Vernie,Graham
hermannd137,Darrin,Hermann
kuhlmanj862,Jacquelynn,Kuhlman
boscok483,Krystyna,Bosco
gradyj307,Jenifer,Grady
beahann393,Novella,Beahan
mertzc810,Caridad,Mertz
schinnert463,Twana,Schinner
schulistd46,Donnell,Schulist
kuphalg172,Garry,Kuphal
leannond545,Dylan,Leannon
gleichnere325,Eugenio,Gleichner
carrolls521,Sheba,Carroll
jacobsm689,Mauro,Jacobs
colliers633,Sheena,Collier
stantonk799,Kourtney,Stanton
mertzg832,Garfield,Mertz
monahane514,Esteban,Monahan
hicklem141,Minh,Hickle
boyerg60,Gregorio,Boyer
herzogx176,Xiao,Herzog
gaylordr446,Rhona,Gaylord
bahringerb726,Bryon,Bahringer
armstronga966,Armida,Armstrong
schillerk241,Khadijah,Schiller
naderj133,Jone,Nader
littlem768,Mariano,Little
grimesl506,Lakita,Grimes
hartmannl671,Laverne,Hartmann
dickir43,Reed,Dicki
sauerl303,Leo,Sauer
kreigerj683,Jame,Kreiger
bruenc655,Colette,Bruen
watsicar128,Robby,Watsica
erdmant788,Tim,Erdman
kshlerinl956,Lorenzo,Kshlerin
marksj259,Jarred,Marks
o'haras649,Sylvester,O'Hara
barrowss727,Susana,Barrows
armstrongm513,Mike,Armstrong
jenkinss518,Suk,Jenkins
abshirev450,Vanita,Abshire
rempelc475,Charlie,Rempel
collinsd488,Dennis,Collins
wiegandb771,Brendon,Wiegand
auerk841,Kathline,Auer
wymanl847,Laure,Wyman
runolfsdottirs295,Shaniqua,Runolfsdottir
batzr898,Raymon,Batz
cartwrightk701,Kiara,Cartwright
bartolettit798,Tomeka,Bartoletti
hoppeg836,Giselle,Hoppe
goodwins956,Santo,Goodwin
aufderharc609,Clemmie,Aufderhar
parisiana490,Alverta,Parisian
hartmannw105,Willian,Hartmann
wisozkt806,Toi,Wisozk
schaeferj709,Joey,Schaefer
considineg443,Gail,Considine
harveyl794,Luanne,Harvey
walshd666,Daniela,Walsh
wildermanj880,Jeane,Wilderman
deckowm46,Martin,Deckow
champlinm66,Marin,Champlin
kozeyj356,Joe,Kozey
hahnr37,Rivka,Hahn
sauera397,Alphonse,Sauer
grahams354,Sommer,Graham
robertss906,Sophia,Roberts
collinst69,Talisha,Collins
skilesn424,Norbert,Skiles
pfannerstille215,Emilio,Pfannerstill
goldnerm846,Malik,Goldner
welchm603,Monty,Welch
schultza860,Abigail,Schultz
thompsonm686,Martin,Thompson
johnsl586,Les,Johns
labadieo129,Orlando,Labadie
ebertm567,Marlon,Ebert
o'reillys46,Shila,O'Reilly
erdmank187,Kimberlie,Erdman
strackec803,Claudio,Stracke
metzc103,Carter,Metz
prosaccoc870,Charmain,Prosacco
zboncakk5,Karolyn,Zboncak
stokesg592,Garret,Stokes
johnsm477,Mollie,Johns
lockmanf752,Freddy,Lockman
mayert867,Taren,Mayer
kohlerm455,Mellisa,Kohler
olsonk105,Kala,Olson
quitzone718,Elijah,Quitzon
marvins708,Son,Marvin
gradyr87,Rocco,Grady
jacobia239,Andrew,Jacobi
mayertd630,Damian,Mayert
watersb647,Bernarda,Waters
steubers703,Scott,Steuber
waterst522,Tory,Waters
homenicka814,Athena,Homenick
thompsonb307,Buster,Thompson
mertzl712,Leon,Mertz
windlerz853,Zora,Windler
grimesm448,Maisie,Grimes
kesslerl910,Leonel,Kessler
nolana874,Arnold,Nolan
pacochaa314,Antionette,Pacocha
spinkak282,Kymberly,Spinka
schulista334,Al,Schulist
hintzt895,Tawny,Hintz
heidenreichf333,Frederick,Heidenreich
kohlerg219,Guillermina,Kohler
cronae345,Emily,Crona
schillerv466,Vance,Schiller
parkerc221,Ceola,Parker
skiless663,Siobhan,Skiles
koeppj965,Jenna,Koepp
hagenesl53,Lewis,Hagenes
predovicg427,Gail,Predovic
reillya376,Alvaro,Reilly
volkmanl947,Lan,Volkman
kerluket99,Talitha,Kerluke
cartert792,Teresita,Carter
keeblert369,Tyree,Keebler
rowez49,Zora,Rowe
casperg157,Gina,Casper
windlerr478,Ruthann,Windler
koeppp633,Paris,Koepp
reillys391,Suellen,Reilly
wisozks972,Sean,Wisozk
whiter16,Rodger,White
glovert887,Tandy,Glover
skilesj157,Jaclyn,Skiles
o'reillyi717,Idalia,O'Reilly
oberbrunnere791,Elisa,Oberbrunner
thompsong949,Graig,Thompson
tremblayi12,Imelda,Tremblay
friesena502,Andera,Friesen
tremblayk179,Kourtney,Tremblay
stamme698,Elias,Stamm
o'connellt866,Trent,O'Connell
muraziko555,Orval,Murazik
harberj631,Jeanice,Harber
larkind386,Derek,Larkin
heaneyc268,Chi,Heaney
bergnaumb685,Brittanie,Bergnaum
metzh148,Horacio,Metz
ryanr471,Rosendo,Ryan
dickensg571,Gayle,Dickens
littelv185,Valrie,Littel
torpk379,Katie,Torp
leschi558,Issac,Lesch
heidenreichs406,Shanta,Heidenreich
zulaufc860,Cristobal,Zulauf
sauerw79,Warren,Sauer
johnstonh703,Harriett,Johnston
cummingse335,Erasmo,Cummings
kshlerinm33,Marry,Kshlerin
hudsond423,Dewey,Hudson
jacobsonr112,Richard,Jacobson
mertzh545,Herminia,Mertz
ritchiet17,Tracee,Ritchie
treutelt935,Talitha,Treutel
hammesa250,Andre,Hammes
cruickshankj248,Jacquiline,Cruickshank
deckowr320,Rogelio,Deckow
mantef952,Francisca,Mante
jakubowskil527,Leigh,Jakubowski
ratkej729,Jess,Ratke
keelingn840,Norma,Keeling
yundtf842,Frances,Yundt
dickense478,Elissa,Dickens
legrosn405,Nannie,Legros
thompsone603,Eleonore,Thompson
kautzerj264,Jimmy,Kautzer
strosinj434,Jerold,Strosin
rennerw18,Ward,Renner
bodes138,Shanelle,Bode
glovers411,Shalonda,Glover
terrys502,Shanda,Terry
collierw779,Winford,Collier
quigleye663,Ed,Quigley
kshlerinb378,Bill,Kshlerin
ricer310,Rodolfo,Rice
manter669,Ronny,Mante
kunded751,Darnell,Kunde
lindb775,Barbera,Lind
lubowitzv852,Vernia,Lubowitz
strosine862,Edmund,Strosin
blickw172,Wm,Blick
kingo707,Omar,King
olsont909,Tricia,Olson
fishers356,Sherri,Fisher
dickie199,Eldridge,Dicki
kulasd161,Duane,Kulas
ziemea337,Annmarie,Zieme
hilllt708,Terry,Hilll
jenkinsb974,Booker,Jenkins
dickil184,Lino,Dicki
christiansenr578,Roslyn,Christiansen
framic346,Christin,Frami
schinnerr224,Rosita,Schinner
strackec470,Chong,Stracke
reichertt625,Tora,Reichert
willl893,Landon,Will
macejkovica544,Apolonia,Macejkovic
cassinl594,Lennie,Cassin
stiedemannd878,Donn,Stiedemann
wittingr206,Randy,Witting
rutherfords409,Sylvester,Rutherford
kovacekc556,Claribel,Kovacek
mcglynnv965,Verdie,McGlynn
altenwerthk753,Kathline,Altenwerth
jastc440,Colin,Jast
robelm255,Mark,Robel
okunevac601,Clair,Okuneva
beerc139,Crystal,Beer
mohrl782,Librada,Mohr
littele482,Elicia,Littel
erdmanw842,Waltraud,Erdman
jerdel817,Leslie,Jerde
bayera655,Adriene,Bayer
mullerc93,Clinton,Muller
stamme8,Elfreda,Stamm
okunevap327,Portia,Okuneva
trompr866,Reynaldo,Tromp
corwinb231,Babara,Corwin
marksm370,Meredith,Marks
torpj844,Jeramy,Torp
uptonr283,Rosalyn,Upton
hyatts90,Shakira,Hyatt
braung575,Gonzalo,Braun
bradtkeg970,Galen,Bradtke
bechtelarm392,Marybeth,Bechtelar
marksd3,Dante,Marks
schambergerc736,Clyde,Schamberger
donnellyh585,Hallie,Donnelly
considinej248,Junita,Considine
feeneys4,Shirleen,Feeney
sawaynk339,Kelle,Sawayn
legrosl713,Lillia,Legros
bechtelari569,Ismael,Bechtelar
mosciskie970,Evie,Mosciski
champlinj883,Julio,Champlin
bartong455,Genna,Barton
fadell756,Lucinda,Fadel
gislasong61,Garland,Gislason
zemlaks957,Sherita,Zemlak
noland658,Diane,Nolan
konopelskid583,Dominick,Konopelski
rowem63,Myrtis,Rowe
macgyveri286,Izola,MacGyver
bartelld790,Daysi,Bartell
danielv905,Vance,Daniel
macejkovict174,Tyrone,Macejkovic
johnstonr508,Roy,Johnston
andersonp224,Patricia,Anderson
oberbrunners407,Shane,Oberbrunner
osinskil230,Lavona,Osinski
reillyl971,Lenita,Reilly
lubowitzm865,Matt,Lubowitz
nienowm880,Mike,Nienow
hillld650,Dale,Hilll
grantb489,Bibi,Grant
collierm246,Missy,Collier
wunscha650,Ayesha,Wunsch
bartolettit53,Tyron,Bartoletti
walkerj440,Jackie,Walker
roobj693,Joe,Roob
swaniawskig824,Gonzalo,Swaniawski
mooret865,Terese,Moore
hamills640,Sandy,Hamill
kulasl573,Lida,Kulas
lindgreng827,Gavin,Lindgren
koeppt524,Theodore,Koepp
skilesg140,Gordon,Skiles
cronac418,Clemente,Crona
veumh54,Haydee,Veum
kinga692,Anne,King
homenickd875,Dion,Homenick
jastv626,Van,Jast
pfefferc344,Christeen,Pfeffer
blockd658,Dirk,Block
lednera487,Andres,Ledner
volkmanl965,Lionel,Volkman
roobm955,Marissa,Roob
stiedemannt786,Taylor,Stiedemann
schowalterv931,Vennie,Schowalter
murrayl833,Lashonda,Murray
o'connellf451,Fredda,O'Connell
douglasb238,Brigette,Douglas
effertzd323,Damien,Effertz
russela531,Arnulfo,Russel
blickd753,Darell,Blick
mrazd248,Deirdre,Mraz
trompl45,Lauri,Tromp
smithg108,Gerald,Smith
schmelerk816,Kym,Schmeler
schulista644,Angel,Schulist
connellyj731,Janay,Connelly
robelo912,Ouida,Robel
harveyk20,Kiera,Harvey
harveys929,Staci,Harvey
ebertl664,Lemuel,Ebert
o'keefem492,Malena,O'Keefe
buckridgeh74,Hayden,Buckridge
rogahnt895,Tandy,Rogahn
walkerb954,Bernarda,Walker
sengera877,Avery,Senger
padbergb939,Bethel,Padberg
kohlerm332,Millard,Kohler
kubt545,Teddy,Kub
steubern581,Nida,Steuber
cummingsa34,Ali,Cummings
kreigerm619,Mellissa,Kreiger
borerh878,Hien,Borer
gorczanyd468,Debora,Gorczany
ankundingj250,Jessi,Ankunding
grantd228,Donita,Grant
zboncakj48,Julian,Zboncak
swiftt370,Troy,Swift
bayerm242,Mariano,Bayer
abbottf914,Florentina,Abbott
volkmanc881,Cortez,Volkman
olsonb634,Buford,Olson
maggiom768,Monet,Maggio
cartere49,Erasmo,Carter
grimesm337,Margo,Grimes
stammn927,Nona,Stamm
schuppeh155,Henry,Schuppe
ziemew216,Wade,Zieme
shanahand686,Dominga,Shanahan
weissnatp164,Pablo,Weissnat
metzb399,Blake,Metz
schaeferc646,Charise,Schaefer
bednarm130,Marianne,Bednar
metzj513,Jessica,Metz
schmittt585,Tiny,Schmitt
kubj851,Jasper,Kub
howed694,Dennis,Howe
sipesc544,Chester,Sipes
turnerl431,Leland,Turner
dubuquet860,Terrance,DuBuque
morissetteo760,Orval,Morissette
kuvalisk614,Ken,Kuvalis
ullrichv463,Vinita,Ullrich
paucekc226,Celsa,Paucek
homenickm943,Moriah,Homenick
faheyh589,Hiram,Fahey
kozeys57,Senaida,Kozey
hodkiewicze947,Elois,Hodkiewicz
bednarc870,Caroll,Bednar
kochc882,Chung,Koch
schroedera815,Arnold,Schroeder
bechtelarr523,Roosevelt,Bechtelar
murphye697,Erlinda,Murphy
strackef755,Faustino,Stracke
borere411,Erin,Borer
erdmanc522,Carmine,Erdman
hudsons638,Steve,Hudson
johnsonn632,Normand,Johnson
grahamc489,Chery,Graham
gorczanyg353,Grover,Gorczany
reillyd783,Deshawn,Reilly
gradyc550,Caren,Grady
trompa779,Alphonso,Tromp
kilbackm75,Melba,Kilback
bergeb349,Burton,Berge
reynoldsv69,Virgilio,Reynolds
skileso145,Owen,Skiles
hayesc872,Conrad,Hayes
toyq875,Quentin,Toy
langworthr457,Randal,Langworth
shanahanl73,Leontine,Shanahan
hagenesv494,Vanessa,Hagenes
hegmannm393,Maricela,Hegmann
emardw777,Waldo,Emard
strosinn170,Neil,Strosin
handv322,Vance,Hand
kuhlmanv417,Vince,Kuhlman
funkr417,Roseanna,Funk
bergstromd864,Derick,Bergstrom
raths577,Shanel,Rath
mitchella640,Albina,Mitchell
schumms252,Sherilyn,Schumm
hickled940,Dion,Hickle
carrollt63,Toney,Carroll
coles241,Santiago,Cole
ferrys924,Steven,Ferry
ferryj185,Julee,Ferry
lindgrens93,Shea,Lindgren
kozeym698,Marlo,Kozey
kleinp114,Paris,Klein
ankundingj418,Janean,Ankunding
boyerm317,Millard,Boyer
pacochal183,Launa,Pacocha
aufderhard941,Denny,Aufderhar
lindgrent518,Tamara,Lindgren
gutmannm377,Marilynn,Gutmann
schillert103,Tyrell,Schiller
sipesg290,Gus,Sipes
olsond507,Dee,Olson
wolffd488,Darrell,Wolff
reichertl634,Lonnie,Reichert
strosinj631,Jude,Strosin
hermank545,Kerry,Herman
dubuqueb775,Bret,DuBuque
kiehnb180,Bo,Kiehn
wymanp473,Pearline,Wyman
vandervortm621,Major,Vandervort
reingera512,Allison,Reinger
ornp160,Patrice,Orn
reynoldsp167,Pasquale,Reynolds
o'connells679,Sharyn,O'Connell
hettingerm890,Malik,Hettinger
luettgenl626,Leopoldo,Luettgen
mullerb951,Bessie,Muller
marvinm20,Marleen,Marvin
keeblerm168,Mary,Keebler
carrolld637,Denver,Carroll
treutelf916,Floria,Treutel
auerc888,Claud,Auer
kautzerd797,Don,Kautzer
bahringerl625,Lawanna,Bahringer
cartwrightp267,Pamela,Cartwright
rolfsonr624,Refugio,Rolfson
nicolasj492,Jackson,Nicolas
priced646,Dana,Price
cremina475,Alonso,Cremin
daret275,Todd,Dare
nolanb204,Bernice,Nolan
jacobsy438,Yelena,Jacobs
bradtked650,Dean,Bradtke
metza950,Amado,Metz
haleyh595,Hiedi,Haley
gorczanyh383,Hayley,Gorczany
boyerj964,Johnny,Boyer
zboncakm320,Marc,Zboncak
hackettt642,Toby,Hackett
ankundingc687,Conchita,Ankunding
wehnerk601,Kiersten,Wehner
davisb151,Brigitte,Davis
sporerb649,Bernardo,Sporer
johnsond490,Dick,Johnson
lubowitzc414,Carlee,Lubowitz
gislasont583,Theodore,Gislason
kovaceka111,Aracely,Kovacek
funka44,Agnes,Funk
huelsm829,Magaly,Huels
bergstromr606,Rigoberto,Bergstrom
mcclureb129,Bradford,McClure
boscod390,Debrah,Bosco
hegmannj886,Julian,Hegmann
mrazf210,Frank,Mraz
predovicb378,Billie,Predovic
beiers148,Samual,Beier
sauerl712,Laurine,Sauer
hilpertg975,Geraldo,Hilpert
marvini785,Ian,Marvin
kilbackd823,Dorathy,Kilback
uptonm575,Mathilde,Upton
leuschkej323,Jere,Leuschke
schumms939,Simonne,Schumm
walshm273,Margarito,Walsh
gutmannj7,Juliane,Gutmann
mrazb700,Bong,Mraz
kossk667,Karl,Koss
o'konm690,Myrle,O'Kon
mcculloughl408,Lacey,McCullough
medhurstt420,Taylor,Medhurst
kozeyg825,Gerardo,Kozey
jenkinsr950,Randi,Jenkins
millerj585,Jefferson,Miller
bartellh130,Hans,Bartell
strackev287,Vernice,Stracke
wiegandr589,Ricarda,Wiegand
keelingk35,Kaitlin,Keeling
oberbrunnere802,Elbert,Oberbrunner
lemkeh123,Ha,Lemke
creminr512,Royce,Cremin
corkerym467,Moises,Corkery
rippine342,Elisha,Rippin
hartmannj687,Jared,Hartmann
reichela415,Andrew,Reichel
kuhicr560,Rosina,Kuhic
russela233,Avery,Russel
hodkiewiczh932,Harland,Hodkiewicz
huelt60,Theodore,Huel
stehrm328,Margarito,Stehr
kutchc523,Cedrick,Kutch
schadenn447,Natalia,Schaden
stehrb652,Beverley,Stehr
deckowk927,Kristopher,Deckow
adamsl9,Lola,Adams
rutherfordz347,Zachery,Rutherford
spinkas980,Sherise,Spinka
beckerg429,Gonzalo,Becker
douglasa235,Annita,Douglas
abshirec704,Cary,Abshire
rennera273,Arnoldo,Renner
gibsona899,Addie,Gibson
aufderhars763,Sharice,Aufderhar
collinst905,Tod,Collins
schadenl494,Lottie,Schaden
prosaccoj325,Jeanine,Prosacco
raut847,Tressie,Rau
erdmann734,Noah,Erdman
dubuquec231,Clyde,DuBuque
ebertm246,Maura,Ebert
pfefferk65,Kimbery,Pfeffer
conroyl550,Lynetta,Conroy
gulgowskid336,Danyell,Gulgowski
moenc194,Clint,Moen
mcdermottj171,Josiah,McDermott
danielg178,Gerry,Daniel
croninr557,Ricki,Cronin
zboncakj823,Jarvis,Zboncak
koeppe395,Edgar,Koepp
goldnerv341,Verda,Goldner
casperl832,Lavern,Casper
bergnaumm172,Mayra,Bergnaum
dickib750,Beau,Dicki
zulaufh584,Herlinda,Zulauf
powlowskis300,Sid,Powlowski
mitchells506,Scotty,Mitchell
huele285,Emory,Huel
williamsonr415,Reynalda,Williamson
streicha133,Angeline,Streich
mcculloughp725,Prince,McCullough
haneb931,Brian,Hane
klockoj945,Jospeh,Klocko
wymanm515,Martha,Wyman
halvorsonl477,Loyd,Halvorson
vonruedena100,Andrea,VonRueden
reynoldst732,Tai,Reynolds
rohana391,Annemarie,Rohan
breitenbergp821,Philomena,Breitenberg
ziemannj106,Junior,Ziemann
hettingero279,Olin,Hettinger
runolfssona126,Aisha,Runolfsson
runtel627,Lance,Runte
d'amoree827,Erich,D'Amore
hermannc90,Christoper,Hermann
dickensa570,Almeda,Dickens
deckows421,Solange,Deckow
hermant142,Theda,Herman
romagueras452,Shad,Romaguera
dooleyg963,Guillermina,Dooley
padbergl919,Luis,Padberg
langc782,Carla,Lang
harbera847,Annamarie,Harber
sanfordb792,Bernardo,Sanford
parisianb606,Bee,Parisian
feeneyw710,Willian,Feeney
wisozke169,Erik,Wisozk
stantonc68,Clorinda,Stanton
mayerty941,Yuonne,Mayert
gloverb919,Bryan,Glover
kingr299,Ramon,King
krajcikc439,Claudie,Krajcik
schroederc59,Cleo,Schroeder
lakinm212,Maxine,Lakin
luettgeni652,Ira,Luettgen
hilpertm150,Marianela,Hilpert
kuhicm16,Mattie,Kuhic
jacobib57,Bailey,Jacobi
cartwrighta728,Alejandro,Cartwright
rower244,Rolland,Rowe
reichertt451,Tiffany,Reichert
weissnatk616,Kelle,Weissnat
greenfelderm267,Marinda,Greenfelder
bahringerc651,Christia,Bahringer
schaeferi503,Isaac,Schaefer
purdyi123,Irwin,Purdy
olsonr260,Rosa,Olson
oberbrunnera496,Ashley,Oberbrunner
bergstromb94,Bryon,Bergstrom
harrisa238,Arden,Harris
murrayr670,Reanna,Murray
kuvalist25,Tenisha,Kuvalis
goldneri833,Inocencia,Goldner
ferrys403,Steven,Ferry
adamsk109,Karine,Adams
morissetten645,Nannie,Morissette
kuhnm963,Marybeth,Kuhn
leschc299,Carlton,Lesch
gutmanno297,Ossie,Gutmann
ziemanns194,Sanora,Ziemann
hartmannd50,Deeanna,Hartmann
hicklel630,Lewis,Hickle
cormiern157,Nicolle,Cormier
harrisr208,Roy,Harris
stiedemannc307,Christian,Stiedemann
williamsonj78,Jarvis,Williamson
powlowskim327,Milan,Powlowski
hahnm966,Melanie,Hahn
naderj337,Jerry,Nader
denesike828,Erasmo,Denesik
zemlakl717,Leida,Zemlak
metze498,Ed,Metz
wolffm127,Moshe,Wolff
rodriguezw753,Winston,Rodriguez
heathcoted521,Drew,Heathcote
adamsw404,Wayne,Adams
hoegere639,Ernie,Hoeger
schuppen700,Nina,Schuppe
schambergery521,Yuriko,Schamberger
baileyr449,Rolf,Bailey
gutkowskie424,Elene,Gutkowski
dickensl180,Lewis,Dickens
harbers506,Shara,Harber
pollichy893,Yaeko,Pollich
haney203,Yesenia,Hane
brekkem379,Marshall,Brekke
hermannr888,Robbi,Hermann
batzc929,Charlotte,Batz
hettingerm697,Melva,Hettinger
leuschkem681,Merrill,Leuschke
beahanj780,Jonathan,Beahan
jerdee347,Everett,Jerde
daughertyx803,Xochitl,Daugherty
o'connert744,Teena,O'Conner
zulauff655,Fritz,Zulauf
rodriguezn56,Nadia,Rodriguez
hackettl933,Launa,Hackett
walterp902,Pamala,Walter
schumms334,Suellen,Schumm
oberbrunnerc348,Chong,Oberbrunner
rippinl454,Lorenza,Rippin
homenickg452,Gino,Homenick
kautzero873,Oneida,Kautzer
orna100,Ahmed,Orn
sanfordc786,Christopher,Sanford
wizap302,Paula,Wiza
handc208,Chris,Hand
beattyc340,Chandra,Beatty
pollichb241,Bernie,Pollich
stokesl868,Lonny,Stokes
heidenreichl161,Lenora,Heidenreich
bayers82,Sanjuanita,Bayer
o'connelld351,Darius,O'Connell
robelt791,Teresa,Robel
gloverh796,Hayden,Glover
schmidtr22,Roscoe,Schmidt
franeckim381,Milan,Franecki
doylec657,Coral,Doyle
kiehna885,Alisa,Kiehn
borern773,Nannie,Borer
christiansenj115,Johnathon,Christiansen
brakusl713,Luigi,Brakus
jenkinsr155,Reuben,Jenkins
hillsl378,Leoma,Hills
mclaughline903,Eusebio,McLaughlin
dickis347,Stevie,Dicki
jonesb832,Betsey,Jones
gislasond977,Dave,Gislason
rippinr549,Randy,Rippin
mcglynnd383,Dewayne,McGlynn
gibsont461,Tenesha,Gibson
willmsp602,Perry,Willms
schneidero544,Otha,Schneider
streichl245,Lawerence,Streich
lueilwitzr477,Ronda,Lueilwitz
lockmanj611,Jamison,Lockman
krisc743,Corina,Kris
mosciskiw181,Willis,Mosciski
friesenm836,Mose,Friesen
eberta621,Alissa,Ebert
prosaccos334,Stacy,Prosacco
farrelld417,Dusty,Farrell
yundtt12,Talia,Yundt
purdys98,Simona,Purdy
willmss793,Shani,Willms
robertsk39,Katrina,Roberts
wisozkj689,Jeremy,Wisozk
volkmanf915,Fredricka,Volkman
boded180,Donn,Bode
greenholtm33,Migdalia,Greenholt
olsono177,Owen,Olson
dietricht263,Tarsha,Dietrich
howea518,Aubrey,Howe
reynoldsj936,Judy,Reynolds
toym501,Meagan,Toy
thielm278,Mohamed,Thiel
stoltenberge485,Eileen,Stoltenberg
hilperte582,Eric,Hilpert
bauchl682,Lexie,Bauch
wisokym99,Morris,Wisoky
walshe134,Edmundo,Walsh
lesche835,Edmund,Lesch
kuhnd311,Dorian,Kuhn
schaeferb14,Ben,Schaefer
weimannh522,Hipolito,Weimann
wittingl339,Lesha,Witting
hessele817,Elvis,Hessel
ricet313,Trinidad,Rice
torpd469,Damon,Torp
donnellyj165,Jean,Donnelly
botsforda87,Avril,Botsford
hagenese244,Eva,Hagenes
ziemel346,Logan,Zieme
feilp149,Parker,Feil
thompsond236,Devon,Thompson
schimmelr685,Rochell,Schimmel
abernathym595,Mikaela,Abernathy
botsfordi257,Iona,Botsford
ullrichj958,Jessica,Ullrich
reichelk929,Kary,Reichel
mosciskid561,Danyelle,Mosciski
o'reillye925,Edison,O'Reilly
rempelt405,Timmy,Rempel
cronay420,Yuri,Crona
gerholdg852,Giovanni,Gerhold
krajcikj480,Jamel,Krajcik
hickles903,Stefania,Hickle
luettgenr652,Rosario,Luettgen
schmelers538,Sid,Schmeler
pfeffers384,Sofia,Pfeffer
wizal384,Lizette,Wiza
bergstromc111,Colby,Bergstrom
grantj39,Jen,Grant
wolfm697,Marina,Wolf
mullero93,Olene,Muller
o'keefej490,Julieann,O'Keefe
langoshj459,Jung,Langosh
konopelskio706,Oswaldo,Konopelski
macgyverj745,Jamey,MacGyver
frieseni218,Irena,Friesen
steuberm116,Mckinley,Steuber
trompn133,Nikia,Tromp
kulasn302,Nga,Kulas
kreigern578,Nathaniel,Kreiger
rempels925,Sam,Rempel
kihnt73,Tammara,Kihn
maggiok111,King,Maggio
hilpertt751,Trenton,Hilpert
moenj844,Jackie,Moen
erdmant212,Travis,Erdman
croninc766,Carey,Cronin
thompsona145,Angelo,Thompson
marvinp788,Patience,Marvin
grahamm142,Marion,Graham
cruickshankr260,Rodney,Cruickshank
stokeso57,Odessa,Stokes
rippina629,Armandina,Rippin
reingerk871,Keva,Reinger
d'amoree53,Erin,D'Amore
johnsd944,Delmar,Johns
schummd695,Darell,Schumm
wiegandr901,Rosy,Wiegand
hellerj306,Jason,Heller
heathcotea203,Antony,Heathcote
mohra401,Angel,Mohr
jakubowskik740,Kris,Jakubowski
mckenziek301,Kathryn,McKenzie
rogahnk947,Krystal,Rogahn
gutmannl738,Leanna,Gutmann
gutmannt628,Thea,Gutmann
bernierw691,Wilhemina,Bernier
adamsb266,Boyd,Adams
kunzeg540,Gerry,Kunze
greenholtd837,Dario,Greenholt
hettingerm215,Maxie,Hettinger
ullrichb839,Benita,Ullrich
hintzj964,Jacques,Hintz
halvorsonv562,Von,Halvorson
douglash933,Hubert,Douglas
wards959,Su,Ward
conroyd247,Damien,Conroy
murazika422,Arnulfo,Murazik
padbergk109,Kim,Padberg
spinkat376,Tom,Spinka
koelpinp367,Pattie,Koelpin
mcculloughc913,Coy,McCullough
spencera241,Ara,Spencer
breitenbergl744,Lorena,Breitenberg
wymank883,Kenny,Wyman
eberto421,Otilia,Ebert
fritschr860,Ria,Fritsch
ripping252,Galen,Rippin
jenkinsa720,Aldo,Jenkins
johnsonr978,Reynaldo,Johnson
baileya872,Anderson,Bailey
carters815,Shayne,Carter
krajcikl819,Lakita,Krajcik
o'connelld800,Dolores,O'Connell
gibsonj348,Jamaal,Gibson
denesikg964,Garret,Denesik
kirlinj156,Jeannetta,Kirlin
schadenj406,Jonah,Schaden
boehmm404,Myrtis,Boehm
o'connellt118,Tyron,O'Connell
zulaufm391,Man,Zulauf
nicolasr706,Royal,Nicolas
durganl515,Lionel,Durgan
crookss183,Starla,Crooks
huelst689,Tawanna,Huels
whiteb102,Bud,White
watersr657,Robena,Waters
pacochad855,Dion,Pacocha
mohrr69,Rashad,Mohr
mccullought286,Trinity,McCullough
raynora897,Aaron,Raynor
baumbachm478,Mayra,Baumbach
lakinm811,Monika,Lakin
padbergc317,Carey,Padberg
romagueral967,Leandra,Romaguera
mcclurej855,Jimmy,McClure
bartolettie903,Earl,Bartoletti
abbottc522,Cristobal,Abbott
emardm7,Marion,Emard
sengers676,Shavon,Senger
morissettec569,Consuelo,Morissette
cassinc778,Corrina,Cassin
larkinm105,Martina,Larkin
beerp441,Pasquale,Beer
hodkiewiczt197,Terry,Hodkiewicz
feill548,Laverna,Feil
smithe598,Esteban,Smith
gottliebo660,Orval,Gottlieb
mcculloughe806,Edmond,McCullough
treutelb746,Billie,Treutel
bogisichr560,Reyes,Bogisich
waelchim257,Milo,Waelchi
lowej896,Jayna,Lowe
dietrichc158,Carson,Dietrich
schaeferr739,Roger,Schaefer
hudsonn87,Nancy,Hudson
dachl847,Logan,Dach
bodem688,Mark,Bode
blickk461,Krystyna,Blick
hesselh123,Herschel,Hessel
walkerr404,Robin,Walker
heidenreichj273,Jarred,Heidenreich
rogahns278,Stanton,Rogahn
wisozkc139,Cole,Wisozk
mcdermottt822,Tomoko,McDermott
torphyc134,Carissa,Torphy
olsont678,Thomasine,Olson
zboncakc314,Claude,Zboncak
torphyt277,Tianna,Torphy
pagacb333,Buena,Pagac
spencerx529,Xuan,Spencer
lemkeg603,Gil,Lemke
collierw377,Walker,Collier
konopelskik218,Kyle,Konopelski
hilpertm442,Milan,Hilpert
lynchl390,Lewis,Lynch
mertzm386,Marco,Mertz
boganl578,Loren,Bogan
sporerg8,Guadalupe,Sporer
walshs362,Spencer,Walsh
leuschkea12,Aldo,Leuschke
mertzl342,Latia,Mertz
ziemes219,Sherman,Zieme
lubowitze750,Emily,Lubowitz
bernhardc432,Connie,Bernhard
rauc419,Carla,Rau
kuhns440,Shirley,Kuhn
kutchk48,Krystyna,Kutch
langoshl437,Lucille,Langosh
blickb778,Brent,Blick
nolanm200,Milan,Nolan
dares53,Shaquita,Dare
pacochap137,Phung,Pacocha
prices248,Shirley,Price
cormierj690,Jeremy,Cormier
beierl375,Luigi,Beier
dooleyo530,Ozzie,Dooley
d'amoren367,Nu,D'Amore
adamse584,Evelyn,Adams
hackettn395,Nelson,Hackett
ziemeh315,Herb,Zieme
rogahno829,Oliver,Rogahn
auerl803,Loni,Auer
maggiot80,Tobias,Maggio
deckowy364,Yvonne,Deckow
mclaughlini797,Ike,McLaughlin
nitzschej292,Jordon,Nitzsche
labadiem121,Mariella,Labadie
boscot970,Titus,Bosco
purdyn5,Nelia,Purdy
kshlerint708,Tammi,Kshlerin
parisianm808,Mickey,Parisian
simonisd152,Dalton,Simonis
rippint338,Tameika,Rippin
kshlerind313,Dominick,Kshlerin
stoltenbergc844,Candis,Stoltenberg
kuhicm321,Maryetta,Kuhic
o'harag310,Garret,O'Hara
kreigerp787,Phil,Kreiger
davism528,Mercedes,Davis
borerc300,Cassandra,Borer
donnellyg936,Gidget,Donnelly
jacobsw426,Wava,Jacobs
ziemannj570,Jeff,Ziemann
goyettem310,Mackenzie,Goyette
mayere81,Evelynn,Mayer
swaniawskia801,Alishia,Swaniawski
mooreb827,Bonny,Moore
johnsd575,Daren,Johns
mitchellg732,Glen,Mitchell
keeblera922,Arlette,Keebler
connellys237,Shenna,Connelly
spinkad191,Dallas,Spinka
schupper916,Randal,Schuppe
cormierm526,Mark,Cormier
runolfssonh788,Honey,Runolfsson
franeckia612,Alphonse,Franecki
harrisn273,Newton,Harris
hettingerc518,Carolee,Hettinger
lowen63,Nguyet,Lowe
abbotte127,Edgardo,Abbott
macgyverw604,Wyatt,MacGyver
schultza324,Andrew,Schultz
durganm40,Margie,Durgan
bednard576,Domingo,Bednar
bauchm252,Mark,Bauch
gorczanye120,Edmond,Gorczany
naderl554,Lewis,Nader
luettgena281,Adam,Luettgen
funks255,Sueann,Funk
trompr369,Rufus,Tromp
spinkar278,Roscoe,Spinka
pauceka791,Ahmad,Paucek
buckridgeb435,Brady,Buckridge
schadenj928,Jamie,Schaden
jakubowskiw346,Waldo,Jakubowski
jastb41,Beau,Jast
monahand667,Dianne,Monahan
rodriguezm770,Mack,Rodriguez
nitzschew924,William,Nitzsche
dibbertw607,Wilton,Dibbert
wildermanr314,Reita,Wilderman
marksw128,Wava,Marks
kingn13,Nena,King
ernserd38,Delbert,Ernser
huelt260,Tracie,Huel
spinkag66,Gino,Spinka
pfannerstillj645,Julie,Pfannerstill
lueilwitzb436,Bernadine,Lueilwitz
manted722,Debbie,Mante
homenickr957,Rich,Homenick
murrayb314,Bertha,Murray
watersh12,Hayden,Waters
swaniawskik77,Karl,Swaniawski
dietrichh351,Hans,Dietrich
d'amorec919,Carlos,D'Amore
kulasm534,Meggan,Kulas
pricet598,Tyson,Price
bruenc63,Celesta,Bruen
jastj581,Jed,Jast
schroederd239,Damion,Schroeder
wilkinsonj492,Joy,Wilkinson
muellera844,Annabel,Mueller
watersb166,Bobbye,Waters
mclaughlinj807,Jasmin,McLaughlin
stiedemannp894,Prince,Stiedemann
ratha189,Alvaro,Rath
barrowsd787,Davis,Barrows
gloverm535,Mariano,Glover
haagh793,Hobert,Haag
macgyvert777,Tawanda,MacGyver
baumbachj619,Jimmy,Baumbach
deckowf407,Flavia,Deckow
jacobse808,Elisha,Jacobs
schadenn825,Nigel,Schaden
simonisj556,Jenette,Simonis
gleichnerb52,Bernardo,Gleichner
hoppev171,Vernie,Hoppe
halvorsone829,Emil,Halvorson
denesikc640,Cindy,Denesik
gradyw826,Wilburn,Grady
baileyb308,Brian,Bailey
beattym949,Mertie,Beatty
sanfordk811,Kanesha,Sanford
gerlacha237,Ashley,Gerlach
metzs10,Sanford,Metz
lubowitzv88,Vickey,Lubowitz
walshr721,Rey,Walsh
dooleyy343,Young,Dooley
walterw651,Warren,Walter
feests522,Shelton,Feest
beera232,Ayako,Beer
gutmannn182,Nichole,Gutmann
harveyn948,Natalya,Harvey
rosenbaumb394,Blythe,Rosenbaum
runolfsdottirh179,Hans,Runolfsdottir
bergstromj493,Jospeh,Bergstrom
hodkiewiczl616,Lynda,Hodkiewicz
ernsert776,Tyrell,Ernser
fishers30,Shantae,Fisher
murrays296,Shanon,Murray
murphyk402,Kaitlin,Murphy
conroyj312,Jarrett,Conroy
murrayl407,Lyle,Murray
huels316,Sammie,Huel
mcclurej400,Joey,McClure
trantowt39,Treva,Trantow
hermana436,Annetta,Herman
kerlukeg946,Glory,Kerluke
sawaynm244,Milly,Sawayn
rueckera951,Arturo,Ruecker
dareh513,Humberto,Dare
strosine662,Ellie,Strosin
kshlerina301,Adriene,Kshlerin
fritscha626,Alvaro,Fritsch
lehnert414,Terri,Lehner
rodriguezm39,Marth,Rodriguez
borerj340,Junior,Borer
russeln859,Natacha,Russel
robertsn288,Napoleon,Roberts
ornt157,Titus,Orn
ortizp714,Palmer,Ortiz
greenholtl209,Lurlene,Greenholt
sanfordp858,Peter,Sanford
thompsonw477,Wilber,Thompson
littelt653,Tomasa,Littel
larsonm20,Michael,Larson
emarda377,Aundrea,Emard
wildermana579,Angel,Wilderman
mcculloughh470,Hyo,McCullough
huelk520,Kit,Huel
stammh346,Harrison,Stamm
boscol953,Laura,Bosco
farrellj256,Jeanne,Farrell
trantowj50,Julius,Trantow
daughertyl489,Lacie,Daugherty
gutkowskib192,Bryce,Gutkowski
mullera506,Ardelia,Muller
littles874,Serena,Little
jacobim283,Meghann,Jacobi
nitzsched502,Dwayne,Nitzsche
trantowr456,Rolande,Trantow
andersont954,Tai,Anderson
turcotteb34,Byron,Turcotte
wunschr27,Roy,Wunsch
crooksm562,Melba,Crooks
bechtelare430,Elmo,Bechtelar
konopelskii694,Idell,Konopelski
hodkiewiczv750,Vernon,Hodkiewicz
o'kony630,Yael,O'Kon
wildermans748,Sol,Wilderman
kubn855,Norris,Kub
kundew587,Willian,Kunde
rowen880,Nicholas,Rowe
adamsd824,Davis,Adams
murrayd818,Dannie,Murray
bernhardw858,Wilton,Bernhard
wuckertr294,Roxane,Wuckert
denesikw957,Winfred,Denesik
langworthh41,Harland,Langworth
osinskir920,Raguel,Osinski
willm233,Ming,Will
feeste776,Erin,Feest
osinskid349,Dale,Osinski
cummingsr486,Reginald,Cummings
wehnern734,Nathanial,Wehner
pollichb658,Basil,Pollich
ryanm945,Mozell,Ryan
linde432,Elly,Lind
gleichnerr624,Rosario,Gleichner
starkm547,Marcos,Stark
townet501,Tammi,Towne
nolanb901,Bryant,Nolan
bruenk687,Katheleen,Bruen
dickense952,Eugene,Dickens
mcglynnt857,Tifany,McGlynn
russelt495,Thaddeus,Russel
borerj973,Jeremiah,Borer
hanec941,Celina,Hane
bergnaumh739,Harriette,Bergnaum
jastk414,Kiesha,Jast
windlerc98,Carlos,Windler
windlerc955,Carrol,Windler
spencerd20,Delmar,Spencer
boylen909,Nadia,Boyle
runtes529,Stanford,Runte
torphyl2,Lesia,Torphy
weimannc580,Chris,Weimann
gerlachj537,Jeffrey,Gerlach
watersd981,Dean,Waters
parkers894,Salvatore,Parker
langwortha255,Alysia,Langworth
cronag631,Geoffrey,Crona
okunevak57,Kent,Okuneva
torphyv859,Vito,Torphy
frieseng754,Genevieve,Friesen
ryans674,Shella,Ryan
millera421,Arnulfo,Miller
mayertp700,Prince,Mayert
abshiref110,Franklin,Abshire
mertzm306,Marx,Mertz
dickinsons829,Selma,Dickinson
hoppev806,Val,Hoppe
gleichnerm244,Marco,Gleichner
starkr225,Renee,Stark
langoshh816,Horacio,Langosh
hackettl865,Lawrence,Hackett
connk211,Kurtis,Conn
schinnere801,Everett,Schinner
hettingerv628,Vernia,Hettinger
runolfsdottirr205,Raymon,Runolfsdottir
hyattr333,Roosevelt,Hyatt
altenwerthm861,Mirian,Altenwerth
reichels633,Sharda,Reichel
abernathys454,Stephane,Abernathy
gradyn51,Nigel,Grady
bayerr377,Randall,Bayer
raths481,Son,Rath
wymane339,Eddy,Wyman
parkerb953,Bernardina,Parker
leuschkel728,Lyla,Leuschke
townet953,Thu,Towne
starko951,Oretha,Stark
douglasm318,Melani,Douglas
powlowskim828,Mandi,Powlowski
rolfsonm762,Mitch,Rolfson
hansenb721,Britni,Hansen
lindgrena962,Arlen,Lindgren
gleichnert942,Tania,Gleichner
mcclureb979,Blythe,McClure
hermana501,Akiko,Herman
hicklem582,Milford,Hickle
gulgowskim769,Micha,Gulgowski
mcclurem458,Milissa,McClure
turnerm378,Magen,Turner
heathcotel604,Lorie,Heathcote
johnst823,Timmy,Johns
harveya403,Anderson,Harvey
turnert383,Tony,Turner
kassulkec463,Christi,Kassulke
vonruedent583,Tona,VonRueden
kingj397,Jordan,King
dachg866,Giuseppe,Dach
schulistt80,Theo,Schulist
veumg607,Gustavo,Veum
volkmanj89,Jamison,Volkman
creminw436,Winford,Cremin
stehrd804,Donetta,Stehr
darea733,Alfonso,Dare
hamilld928,Dottie,Hamill
purdyk585,Kevin,Purdy
schultzc214,Cira,Schultz
heathcotem904,Malcom,Heathcote
auerd14,Danial,Auer
welche837,Elda,Welch
boscom224,Margarite,Bosco
bartony351,Yessenia,Barton
rolfsonb420,Bao,Rolfson
gerlachm203,Mariam,Gerlach
lebsacke555,Exie,Lebsack
considinep534,Phung,Considine
lynchb536,Bert,Lynch
robertsc315,Carey,Roberts
streichs827,Shena,Streich
veumc34,Clarice,Veum
spencerc233,Carroll,Spencer
hauckl978,Loraine,Hauck
harrisw583,Winnie,Harris
reichelb344,Bud,Reichel
botsfordc546,Caryl,Botsford
cruickshankm777,Morris,Cruickshank
windlere374,Eldora,Windler
rueckere885,Eugene,Ruecker
browna499,Althea,Brown
bergnaumc820,Charline,Bergnaum
ferryi837,Issac,Ferry
swaniawskia9,Andrea,Swaniawski
veumv630,Vanesa,Veum
stromanp420,Paris,Stroman
riced780,Daniell,Rice
hayesf575,Frankie,Hayes
feilh776,Hiedi,Feil
hauckr512,Rose,Hauck
grantm635,Marcie,Grant
trompt743,Thanh,Tromp
welchv657,Van,Welch
o'konz120,Zackary,O'Kon
robeln905,Nancey,Robel
dachs201,Shelba,Dach
schoenf35,Florinda,Schoen
kundem216,Mohamed,Kunde
kingp341,Pat,King
littell199,Leonel,Littel
daniela858,Adeline,Daniel
jakubowskim831,Milford,Jakubowski
hellerm506,Maryanne,Heller
wehnerb23,Bobbie,Wehner
mertzt758,Thu,Mertz
bogisichj744,Jerold,Bogisich
kuhnf46,Filomena,Kuhn
rodriguezw587,Williams,Rodriguez
lowem789,Mayola,Lowe
zulaufv136,Vernon,Zulauf
tillmanm921,Marcelina,Tillman
hartmanng680,Garrett,Hartmann
dickensz274,Zina,Dickens
christiansene238,Earnest,Christiansen
haagv104,Val,Haag
willmsk19,Kristyn,Willms
fadelm610,Melba,Fadel
dietrichg233,George,Dietrich
kuphalj742,Jamal,Kuphal
maggioa170,Alishia,Maggio
hanek590,Kandice,Hane
blandat786,Tempie,Blanda
danielj701,Julius,Daniel
bednart705,Theo,Bednar
auerl132,Leia,Auer
bergnaumm457,Marian,Bergnaum
lindw155,Wilber,Lind
hower906,Rubin,Howe
mcclureb563,Bennie,McClure
hyatte270,Eddie,Hyatt
halvorsonl790,Lesley,Halvorson
feeneyk828,Kory,Feeney
cummingsl168,Lucie,Cummings
morarh44,Harvey,Morar
stromank606,Korey,Stroman
nienowj239,Jude,Nienow
marvinb472,Beaulah,Marvin
haucka465,Asia,Hauck
quitzonh629,Herman,Quitzon
bednarp182,Pat,Bednar
wizan856,Nathaniel,Wiza
binsm770,Mozelle,Bins
hackettd651,Dino,Hackett
sengerc659,Caryl,Senger
rowen382,Nona,Rowe
rueckern349,Ngoc,Ruecker
wolfc477,Chester,Wolf
bodel57,Lynn,Bode
spencerq54,Quentin,Spencer
tillmand525,Dorine,Tillman
rathr217,Rikki,Rath
jenkinss343,Shasta,Jenkins
hirthet877,Troy,Hirthe
hagenesr232,Ray,Hagenes
watsicaj627,Jamey,Watsica
maggioj228,Jillian,Maggio
handt494,Tamisha,Hand
runted872,Debbie,Runte
krajcika684,Adelina,Krajcik
gloverh343,Henry,Glover
schmidtt823,Tandy,Schmidt
langa243,August,Lang
kemmera122,Antonia,Kemmer
gleichnerk965,Kris,Gleichner
murrayr513,Russel,Murray
warde734,Edmund,Ward
hoppes867,Sharice,Hoppe
millerl502,Lorena,Miller
bergeb343,Bunny,Berge
kuhlmans819,Starr,Kuhlman
kulasm10,Myung,Kulas
danielr772,Reinaldo,Daniel
dibbertl698,Leland,Dibbert
goyettew621,Wilber,Goyette
hansent748,Travis,Hansen
champlinv518,Van,Champlin
heidenreichr190,Remedios,Heidenreich
macgyveri875,Inger,MacGyver
faym816,Marlin,Fay
boehme591,Elenor,Boehm
thielc532,Columbus,Thiel
schinnera94,Alecia,Schinner
tillmand343,Delorse,Tillman
halvorsong432,Gail,Halvorson
prohaskar440,Ron,Prohaska
sawaynt700,Travis,Sawayn
funks962,Stacia,Funk
wiegandd468,Dayna,Wiegand
gerlache430,Emery,Gerlach
rosenbaumm615,Mac,Rosenbaum
monahanl433,Lloyd,Monahan
vonruedenr566,Rodrick,VonRueden
rauc839,Cary,Rau
medhurstc288,Clifton,Medhurst
leuschkel320,Lillie,Leuschke
mosciskir99,Rodney,Mosciski
macejkovicg202,Gerri,Macejkovic
davisa347,Augustine,Davis
walshs401,Steve,Walsh
hauckp640,Patricia,Hauck
gutmannk143,Karen,Gutmann
lehnerc439,Cheri,Lehner
hermistonb166,Bambi,Hermiston
hackettb147,Buck,Hackett
wilkinsons794,Sydney,Wilkinson
moenb631,Brunilda,Moen
hintzx479,Xiomara,Hintz
emardw544,Wanetta,Emard
mclaughline250,Erik,McLaughlin
weberd7,Dewey,Weber
mayerto64,Oliva,Mayert
hilpertc833,Catharine,Hilpert
christianseng352,Georgetta,Christiansen
zemlakj359,Jerome,Zemlak
schusterl198,Luann,Schuster
mcclurec159,Chuck,McClure
dubuqueq457,Quinn,DuBuque
rutherfordm937,Marjory,Rutherford
satterfieldm557,Mitch,Satterfield
mayertl826,Louella,Mayert
dubuqueb244,Barton,DuBuque
armstrongz822,Zackary,Armstrong
kunzea880,Anisa,Kunze
volkmanb814,Brandon,Volkman
gorczanyw775,Willa,Gorczany
predovics844,Sandra,Predovic
thompsons515,Serafina,Thompson
zboncakj169,Juliet,Zboncak
walsho191,Omer,Walsh
simonisr2,Romaine,Simonis
hirthet878,Takisha,Hirthe
jacobsj966,Johnathon,Jacobs
wymanm127,Mickey,Wyman
schuppee491,Ernest,Schuppe
funkm691,Mohamed,Funk
cummingsj251,Jeffrey,Cummings
rogahnn203,Norris,Rogahn
mohri180,Ivory,Mohr
andersonj916,Julissa,Anderson
o'reillye654,Edythe,O'Reilly
connellyl613,Leonardo,Connelly
blockj810,Janiece,Block
leuschkek242,Kirby,Leuschke
roobb497,Brad,Roob
stantonv797,Victor,Stanton
johnsonw693,Winford,Johnson
christianseno316,Oren,Christiansen
morissettee521,Erick,Morissette
hilperte632,Elwanda,Hilpert
walkerr710,Rickey,Walker
schoenr632,Reed,Schoen
pollichl680,Lora,Pollich
kuvalisc772,Chun,Kuvalis
hickled554,Deedee,Hickle
runolfssont610,Tiara,Runolfsson
ondrickam908,Maisha,Ondricka
davish137,Hai,Davis
bergea108,Ashleigh,Berge
kossd783,Donte,Koss
daughertya829,Andrea,Daugherty
kreigerd564,Derek,Kreiger
dickinsons533,Shavonne,Dickinson
franeckik456,Kendal,Franecki
fishere878,Erin,Fisher
wittingr86,Raymundo,Witting
hirthed16,Dewayne,Hirthe
borers973,Sydney,Borer
nicolasn252,Neely,Nicolas
goodwinj926,Josiah,Goodwin
rauo255,Odette,Rau
monahanc914,Camille,Monahan
zemlakc554,Christen,Zemlak
smitht922,Tyron,Smith
kozeyf970,Foster,Kozey
gutmannb238,Beverley,Gutmann
volkmanw36,Wyatt,Volkman
reynoldsb653,Bernard,Reynolds
kemmerg395,Graham,Kemmer
donnellyn514,Noel,Donnelly
bechtelarm863,Myles,Bechtelar
dubuques943,Shaunta,DuBuque
schadene133,Eloise,Schaden
koelpinw201,Wilson,Koelpin
windlerp332,Polly,Windler
swiftw124,Wayne,Swift
schroederi656,Ian,Schroeder
d'amorem591,Merle,D'Amore
hoppej930,Jody,Hoppe
champlinr306,Randal,Champlin
schneiderj493,Jule,Schneider
wolfd121,Danny,Wolf
kautzeri602,Ike,Kautzer
monahanc453,Carl,Monahan
weimanns795,Sheridan,Weimann
farrelld528,Don,Farrell
keelingp793,Patrick,Keeling
o'connelly30,Yu,O'Connell
naderk726,Kurtis,Nader
carterr237,Randy,Carter
dickif693,Federico,Dicki
rueckerr294,Raymon,Ruecker
waelchic281,Cristie,Waelchi
heathcotea185,Adan,Heathcote
mcglynnl441,Lavern,McGlynn
pollichn240,Nakesha,Pollich
kochr463,Rey,Koch
mcglynnm608,Migdalia,McGlynn
pourosl598,Ligia,Pouros
haagr512,Reggie,Haag
volkmane437,Erick,Volkman
wolfft598,Teresita,Wolff
krisd697,Denisha,Kris
hauckm523,Man,Hauck
barrowsg339,Glennis,Barrows
bergstromo414,Otto,Bergstrom
bayera418,Aimee,Bayer
stehra799,Arnoldo,Stehr
schusterl210,Leonora,Schuster
ernserh377,Huey,Ernser
walshf307,Faustino,Walsh
boscov519,Vance,Bosco
kutchm670,Marth,Kutch
monahang700,Gita,Monahan
rennert168,Tasha,Renner
o'connerh397,Heath,O'Conner
braunp496,Pedro,Braun
prohaskar241,Rafael,Prohaska
hirthev896,Venice,Hirthe
nicolast956,Tony,Nicolas
dickik9,Kassandra,Dicki
baumbachc219,Cristopher,Baumbach
hagenesd880,Desirae,Hagenes
naderd730,Daren,Nader
rolfsona606,Arcelia,Rolfson
harberr529,Ramiro,Harber
cormierr144,Roscoe,Cormier
beiera389,Anneliese,Beier
vandervortb808,Britni,Vandervort
o'harav723,Van,O'Hara
huelr340,Rob,Huel
lindgrene304,Emelina,Lindgren
roobs559,Sherly,Roob
rogahnr881,Rayford,Rogahn
jerdew695,Willow,Jerde
rosenbaumi352,Inell,Rosenbaum
jaskolskiv563,Vida,Jaskolski
hahna488,Antione,Hahn
heathcoted595,Dewitt,Heathcote
reichertc633,Claude,Reichert
brakust5,Teena,Brakus
volkmane762,Elfreda,Volkman
hahnn514,Nanette,Hahn
pricec935,Clarence,Price
johnsong524,Gonzalo,Johnson
watsical739,Lyndia,Watsica
skilese694,Elliot,Skiles
corwint296,Ted,Corwin
hermanc119,Cherilyn,Herman
larsone770,Elroy,Larson
johnsonr90,Ronnie,Johnson
rippink269,Kristel,Rippin
yundtd85,Donette,Yundt
satterfielde680,Eda,Satterfield
hoppet273,Tiffanie,Hoppe
effertzc107,Clifton,Effertz
streichm283,Margie,Streich
gottliebc413,Cordell,Gottlieb
howellc902,Cornelia,Howell
considinec148,Celia,Considine
aufderhart763,Thomas,Aufderhar
o'konc157,Cinthia,O'Kon
raynorr934,Rigoberto,Raynor
stokesk568,Kelley,Stokes
larsonb833,Billy,Larson
nicolasp806,Paris,Nicolas
prosaccoe767,Elmo,Prosacco
marquardtk292,Kennith,Marquardt
gorczanyn628,Ngan,Gorczany
turnerg487,Galina,Turner
uptonn961,Nigel,Upton
balistrerio199,Octavio,Balistreri
funkf542,Florinda,Funk
beierw760,William,Beier
hudsont114,Tequila,Hudson
collinsc729,Coretta,Collins
bergnaump807,Precious,Bergnaum
polliche687,Ethan,Pollich
wolfp134,Phylis,Wolf
nikolauss830,Salley,Nikolaus
larkina178,Andres,Larkin
stehrs95,Signe,Stehr
fisherg221,Gala,Fisher
collierr703,Rosalinda,Collier
yostg826,Gabrielle,Yost
ricec730,Carmine,Rice
pfannerstillm189,Mary,Pfannerstill
grahamb35,Brynn,Graham
kshlerinb372,Bradford,Kshlerin
hintzc559,Cyrstal,Hintz
prohaskaj366,Joellen,Prohaska
braunp911,Perry,Braun
treuteln324,Nickolas,Treutel
wymanr771,Raymond,Wyman
pacochak141,Kirk,Pacocha
connellyl478,Loree,Connelly
nienowc301,Cesar,Nienow
dacha950,Abel,Dach
rodriguezg490,Geraldo,Rodriguez
brownk583,Kim,Brown
conns27,Shayna,Conn
townes454,Stephine,Towne
bechtelara413,Antonette,Bechtelar
farrellb212,Beulah,Farrell
kiehnm658,Mahalia,Kiehn
gerlachs309,Star,Gerlach
davist355,Tonette,Davis
feeneyj742,Joseph,Feeney
pfannerstillj442,Joie,Pfannerstill
ricek915,Kendra,Rice
schaefert540,Todd,Schaefer
gislasonu922,Ulysses,Gislason
mckenziel77,Lucien,McKenzie
bernierm90,Magen,Bernier
larsonr712,Ronald,Larson
wittingr60,Reuben,Witting
smithamr905,Rocky,Smitham
o'konn781,Nicki,O'Kon
lueilwitzv76,Valentin,Lueilwitz
trompa709,Aubrey,Tromp
jenkinso218,Ona,Jenkins
konopelskit300,Theodora,Konopelski
mclaughlinl624,Lenny,McLaughlin
reillyf167,Fausto,Reilly
littell814,Leroy,Littel
mitchello930,Ossie,Mitchell
gibsonk61,Kristel,Gibson
kutchj952,Johnathan,Kutch
cummerataj898,James,Cummerata
bogisicha654,Arnette,Bogisich
nicolasj303,Joel,Nicolas
schummc117,Charita,Schumm
volkmant522,Theda,Volkman
lehnerr411,Ricardo,Lehner
mckenzies128,Sina,McKenzie
mayerta461,Alex,Mayert
beers386,Spencer,Beer
mrazs665,Stephania,Mraz
murrayo670,Octavio,Murray
grimesh370,Haywood,Grimes
kertzmannp335,Phil,Kertzmann
pricej216,Jude,Price
cruickshankg846,Grady,Cruickshank
larsont953,Tiesha,Larson
schneiderd432,Denver,Schneider
smithamj773,Jamaal,Smitham
kshlering767,Gilbert,Kshlerin
hackettr817,Rubin,Hackett
harrisd636,Demetrice,Harris
pollichk981,Kurtis,Pollich
schulisth293,Hanh,Schulist
walterr72,Ronald,Walter
sawaynd568,Delmer,Sawayn
haleyj764,Joanie,Haley
dickinsone971,Eric,Dickinson
feeste118,Edmond,Feest
flatleyf615,Fred,Flatley
grimest733,Tara,Grimes
strosinc326,Casey,Strosin
keelingm395,Matilda,Keeling
rolfsonn522,Ngoc,Rolfson
vandervorta417,Amina,Vandervort
streichn613,Nidia,Streich
daree283,Ezequiel,Dare
gutmannt3,Tyler,Gutmann
reingerg636,Graham,Reinger
beahanm516,Martin,Beahan
turnerc331,Coretta,Turner
halvorsonk277,Karl,Halvorson
hintzv929,Vasiliki,Hintz
mitchellg30,Geraldo,Mitchell
hermannl416,Leia,Hermann
cummingsj664,Jamee,Cummings
kirlinm432,Mose,Kirlin
gleasonf877,Freeman,Gleason
rosenbauma396,Antwan,Rosenbaum
vong468,Genny,Von