USERNAME,FIRST_NAME,LAST_NAME
conroya628,Anderson,Conroy
faheyf352,Freeda,Fahey
bodeb327,Blair,Bode
o'haraj768,Joelle,O'Hara
zemlakm724,Morton,Zemlak
hauckm376,Mario,Hauck
rohand168,Darrel,Rohan
bashirianl445,Leopoldo,Bashirian
o'harac485,Chet,O'Hara
monahanm864,Modesto,Monahan
weberj952,Jane,Weber
murphyb268,Blake,Murphy
ritchieg296,Griselda,Ritchie
baileyc917,Coleman,Bailey
lakint410,Theda,Lakin
cummingsr118,Rodrick,Cummings
larsonn641,Nguyet,Larson
beckerb28,Billye,Becker
rosenbaumm211,Mozella,Rosenbaum
dooleyd156,Delilah,Dooley
brekkeh699,Herschel,Brekke
yundtv694,Valentine,Yundt
toyk187,Kanesha,Toy
bodes975,Shirley,Bode
gaylorda783,Alec,Gaylord
stoltenbergd2,Dessie,Stoltenberg
rosenbauma91,Armandina,Rosenbaum
robertsm925,Merlyn,Roberts
mckenziet155,Terence,McKenzie
jonese189,Eura,Jones
weimannm179,Mireille,Weimann
boylem179,Margene,Boyle
metzs614,Sherri,Metz
halvorsonk482,Kent,Halvorson
kozeyj374,Jan,Kozey
hanseni700,Ike,Hansen
koelpinr180,Roma,Koelpin
hayese50,Eduardo,Hayes
wehnerc124,Charlotte,Wehner
corkerym746,Mackenzie,Corkery
rippinl266,Leann,Rippin
schmittg525,Glenn,Schmitt
cruickshankf266,Faviola,Cruickshank
abernathyx416,Xavier,Abernathy
kreigeri787,Isaias,Kreiger
hermistond558,Denny,Hermiston
stoltenbergr547,Russell,Stoltenberg
gislasona396,Amalia,Gislason
franeckis433,Star,Franecki
conroye497,Esteban,Conroy
bergnaumh224,Huey,Bergnaum
hayess619,Stephaine,Hayes
abbottl793,Lorine,Abbott
dubuquee968,Eddie,DuBuque
kiehng959,Graig,Kiehn
danielw313,Walker,Daniel
o'harar310,Rodrigo,O'Hara
schimmela119,Antoine,Schimmel
stoltenbergd248,Dion,Stoltenberg
kuhict770,Theressa,Kuhic
grimesj425,Joesph,Grimes
hintzj517,Jenice,Hintz
framia586,Adrianne,Frami
collierb292,Brain,Collier
hansens352,Shaina,Hansen
johnsh6,Hassie,Johns
corkeryf331,Frank,Corkery
hudsona670,Antony,Hudson
faheyg573,Gabrielle,Fahey
johnsonc883,Cyril,Johnson
goyetted650,Dewayne,Goyette
mccullougha97,Andrea,McCullough
gottliebe58,Ervin,Gottlieb
rowej576,Jerome,Rowe
boscof703,Floy,Bosco
kiehnc389,Carolyne,Kiehn
ornl593,Lorenzo,Orn
hartmannt131,Tamica,Hartmann
swaniawskil814,Loriann,Swaniawski
streichs930,Soo,Streich
colem443,Mi,Cole
herzogl515,Lera,Herzog
keelingl696,Lonnie,Keeling
feila280,Arla,Feil
krisl72,Lawerence,Kris
colew407,Wesley,Cole
hagenesl324,Lovie,Hagenes
altenwertho841,Ona,Altenwerth
feestr488,Rueben,Feest
padbergj330,Jenine,Padberg
jasta960,Alise,Jast
hermana873,Adrian,Herman
baumbachc305,Caleb,Baumbach
willj191,Jolanda,Will
windlerb399,Bernardine,Windler
hartmannf630,Florencio,Hartmann
grahamr495,Robbie,Graham
parkerl486,Leone,Parker
abernathyl652,Ladonna,Abernathy
mooret552,Trula,Moore
erdmano109,Orlando,Erdman
trompl803,Lino,Tromp
lueilwitza428,Anjanette,Lueilwitz
lefflerj741,Janey,Leffler
herzogd858,Dana,Herzog
nikolausl767,Lowell,Nikolaus
harberr549,Roman,Harber
gorczanym139,Malena,Gorczany
hahnt877,Tyesha,Hahn
spinkal717,Lashell,Spinka
kovacekg932,German,Kovacek
murphye229,Elva,Murphy
wunschj8,Jamie,Wunsch
rutherfordj496,Johanna,Rutherford
reingery201,Yevette,Reinger
bartellj132,Jesse,Bartell
uptonh799,Henry,Upton
turcottet586,Taneka,Turcotte
walkera553,Alberto,Walker
schmitte342,Eva,Schmitt
boyerf756,Filiberto,Boyer
denesike672,Elia,Denesik
jenkinsd233,Dahlia,Jenkins
swiftj430,Joycelyn,Swift
labadiem711,Magnolia,Labadie
wisozka156,Ali,Wisozk
howellm130,Mozelle,Howell
hayese690,Ethan,Hayes
ortizj589,Jenette,Ortiz
champlinc489,Christoper,Champlin
farrellb238,Bennie,Farrell
herzogs765,Suzan,Herzog
hansene161,Elbert,Hansen
bechtelarm162,Micha,Bechtelar
wolffr576,Rosemary,Wolff
ziemej943,Jacob,Zieme
ricep797,Pat,Rice
townet632,Timothy,Towne
gulgowskii668,Ignacio,Gulgowski
kesslery449,Yulanda,Kessler
grantd745,Dario,Grant
langm140,Magen,Lang
koeppj785,Jeffery,Koepp
marquardtd130,Dede,Marquardt
trantows848,Stanley,Trantow
franeckil251,Lexie,Franecki
daughertyk207,Kimi,Daugherty
farrellp457,Phillip,Farrell
mrazn614,Natacha,Mraz
gaylordn820,Nolan,Gaylord
carterl956,Leroy,Carter
wehnera375,Abe,Wehner
kirlinp43,Patrick,Kirlin
boyler967,Regena,Boyle
ziemannh130,Hong,Ziemann
howev172,Vernon,Howe
brekkea839,Aliza,Brekke
wuckerta746,Abbey,Wuckert
turners625,Samara,Turner
harrisn176,Necole,Harris
mantec384,Cyrus,Mante
donnellyo328,Ozzie,Donnelly
hayesf703,Freddie,Hayes
handa784,Abram,Hand
considiner630,Rodney,Considine
polliche261,Elmo,Pollich
bashirianw435,Wm,Bashirian
sauerr121,Roland,Sauer
kirlino124,Olen,Kirlin
harrisw782,Waylon,Harris
pfannerstillc290,Clarence,Pfannerstill
maggiom69,Mallie,Maggio
daughertya808,An,Daugherty
ernserr465,Royce,Ernser
terryf70,Frederic,Terry
mcdermotto355,Orlando,McDermott
loweg54,Glen,Lowe
leuschkec388,Clint,Leuschke
zemlakc305,Chang,Zemlak
greenholtg508,Gidget,Greenholt
kirlind297,Darius,Kirlin
nitzschej321,Jerome,Nitzsche
faheyb587,Bethanie,Fahey
feeneyg683,Genny,Feeney
koelpind356,Darell,Koelpin
kassulkek527,Kristine,Kassulke
lynchk914,Kittie,Lynch
rueckerr189,Roxann,Ruecker
lescht326,Tona,Lesch
weberr592,Ruby,Weber
walkerg306,Giovanni,Walker
kovacekc410,Cathern,Kovacek
nolanm504,Margery,Nolan
nicolasj954,Julian,Nicolas
brownw732,Wiley,Brown
torpd271,Darrel,Torp
stammm152,Melvin,Stamm
robertsl408,Lawana,Roberts
reichelc338,Chantal,Reichel
bartelld308,Donn,Bartell
treutelk659,Katrice,Treutel
kovacekc58,Clement,Kovacek
sipess804,Saundra,Sipes
kulasd103,Drema,Kulas
handr597,Reynalda,Hand
schowaltera665,Antony,Schowalter
adamsn288,Neida,Adams
davisd404,Dona,Davis
kassulked287,Diedre,Kassulke
hoegern900,Noble,Hoeger
prosaccow920,Willian,Prosacco
howel319,Lyndon,Howe
lefflerf787,Frank,Leffler
binsj440,Jeanice,Bins
webere642,Eddy,Weber
stokesi960,Isaias,Stokes
binsj217,Jane,Bins
emardd533,Demarcus,Emard
mooren123,Nita,Moore
durganb333,Bret,Durgan
naderk754,Karyn,Nader
kuhicn594,Nick,Kuhic
willmso433,Oscar,Willms
marvina451,Alonso,Marvin
westj668,Joan,West
swifte724,Elbert,Swift
borerr53,Rueben,Borer
turcottea457,August,Turcotte
conni220,Isreal,Conn
armstrongc628,Charmaine,Armstrong
stantonl194,Louis,Stanton
tremblayz259,Zachary,Tremblay
watersa285,Aleta,Waters
feeneye347,Edwardo,Feeney
konopelskiw379,Wanda,Konopelski
greenfelderd685,Darren,Greenfelder
daniels962,Sue,Daniel
rempels937,Stephanie,Rempel
lescht678,Taryn,Lesch
schmidtg408,Gertie,Schmidt
muraziks733,Santana,Murazik
steuberb864,Barb,Steuber
rogahnm481,Mathilde,Rogahn
borera631,Alina,Borer
schultzb959,Bobbie,Schultz
kohlerl802,Lyman,Kohler
haleyl257,Luigi,Haley
vandervortb918,Brett,Vandervort
pourosg486,Gilbert,Pouros
kreigerh850,Hung,Kreiger
macejkovicg59,Grant,Macejkovic
brekkea958,Agatha,Brekke
rowek702,Kathleen,Rowe
koeppg814,Georgeanna,Koepp
thompsonl209,Lance,Thompson
kihnh773,Harrison,Kihn
jaskolskib260,Benita,Jaskolski
wildermana483,Arlene,Wilderman
swiftr469,Rosaria,Swift
hirthet80,Truman,Hirthe
faheyd484,Dorie,Fahey
heaneyv703,Von,Heaney
beattyl730,Lon,Beatty
wisokyl40,Liza,Wisoky
schadenk149,Karl,Schaden
hermans844,Shayne,Herman
wunschm674,Moises,Wunsch
wymanb857,Burton,Wyman
stiedemanns138,Son,Stiedemann
steuberj911,Jospeh,Steuber
johnsn484,Nola,Johns
harbers459,Sherry,Harber
harveyb381,Bong,Harvey
hyatte67,Eduardo,Hyatt
douglasi835,Irving,Douglas
quitzons260,Stella,Quitzon
ziemew68,Werner,Zieme
emmerichf438,Francesco,Emmerich
oberbrunnere358,Emilee,Oberbrunner
leschb721,Breanna,Lesch
schowalters332,Selma,Schowalter
johnss507,Silas,Johns
lemkee481,Elden,Lemke
collierd249,Dusti,Collier
shieldss65,Stan,Shields
gutkowskid564,Drucilla,Gutkowski
schneidero530,Oscar,Schneider
whitem399,Marjory,White
hoppej120,Jorge,Hoppe
mohrt975,Tatyana,Mohr
emmerichf72,Ferdinand,Emmerich
mullerf721,Felecia,Muller
conroys68,Shandi,Conroy
kossw186,Winnifred,Koss
bartonm709,Malorie,Barton
smithb31,Billy,Smith
hahnc28,Cathey,Hahn
auerw479,Warren,Auer
vandervortk695,Kimi,Vandervort
zboncakt490,Tim,Zboncak
simonisj853,Jefferson,Simonis
prohaskae749,Emanuel,Prohaska
brekkes120,Sau,Brekke
conna244,Anika,Conn
brakuso646,Oscar,Brakus
lindv121,Val,Lind
croninn840,Na,Cronin
doylej684,Joshua,Doyle
mosciskin72,Neda,Mosciski
tremblayi74,Iola,Tremblay
dibbertw285,Ward,Dibbert
hellerm956,Majorie,Heller
johnstons638,Shawn,Johnston
harveyv531,Venessa,Harvey
douglasr240,Raguel,Douglas
wildermand573,Derek,Wilderman
abshirec522,Clark,Abshire
marksj741,Josh,Marks
grante884,Elissa,Grant
mosciskii967,In,Mosciski
jacobsg38,Grace,Jacobs
carrollm663,Modesto,Carroll
hagenesn853,Norris,Hagenes
hermannc132,Candy,Hermann
kossb70,Bernardo,Koss
nicolasw474,Whitney,Nicolas
gutkowskil893,Louis,Gutkowski
russelj932,Jerome,Russel
abernathys347,Suk,Abernathy
schmidtr690,Rolland,Schmidt
torphyw834,Winfred,Torphy
kuhice264,Elanor,Kuhic
treutell730,Lou,Treutel
skilesm741,Marcel,Skiles
oberbrunnerm938,Magnolia,Oberbrunner
auerb274,Bettie,Auer
effertzj234,Joaquin,Effertz
medhursti771,Isela,Medhurst
reichelp106,Phyliss,Reichel
rodriguezg468,Gregory,Rodriguez
parisiane741,Elaine,Parisian
gutmannk510,Kathyrn,Gutmann
rennerw99,Wyatt,Renner
douglasb878,Brett,Douglas
larkinr762,Raguel,Larkin
reingerr657,Regena,Reinger
rogahno192,Omer,Rogahn
abernathyc636,Chanda,Abernathy
mcculloughc181,Chantay,McCullough
kerlukel383,Lisha,Kerluke
metzs13,Sammie,Metz
dietrichv847,Valentine,Dietrich
hammesm842,Magnolia,Hammes
pricej8,Jesus,Price
sauero548,Onie,Sauer
sauerl360,Lana,Sauer
jerdew564,Wilmer,Jerde
gradyi94,Isabell,Grady
welcht419,Terry,Welch
farrellg381,Gerald,Farrell
schadena55,Aura,Schaden
trantowk12,Kristeen,Trantow
ondrickaj364,Jon,Ondricka
hettingerr570,Raymundo,Hettinger
cruickshankl416,Lewis,Cruickshank
wuckerts348,Scott,Wuckert
mrazo798,Octavio,Mraz
stracker830,Robin,Stracke
rippina340,Alonso,Rippin
mannm115,Moses,Mann
monahanf913,Fritz,Monahan
adamsl555,Loida,Adams
littlev824,Virgina,Little
howec740,Carey,Howe
langoshy869,Yadira,Langosh
douglasv45,Vernia,Douglas
altenwerthw723,Williemae,Altenwerth
dacha793,Amee,Dach
hammesj907,Janyce,Hammes
schustern462,Nikia,Schuster
wintheiserc579,Chi,Wintheiser
dickim569,Monte,Dicki
predovics896,Sandie,Predovic
hansend804,Dagny,Hansen
faym403,Mara,Fay
volkmanm329,Mabelle,Volkman
mcdermotta50,Adelle,McDermott
handb249,Boris,Hand
rodriguezd285,Dexter,Rodriguez
daughertys392,Shea,Daugherty
erdmane493,Eloy,Erdman
ryank249,Kaylee,Ryan
metzm820,Marcelo,Metz
bartonc112,Carissa,Barton
labadiew868,Wilma,Labadie
bergnaumc716,Cole,Bergnaum
larsonr27,Raleigh,Larson
predovick884,Kelley,Predovic
bednaro953,Odell,Bednar
franeckid157,Dylan,Franecki
wuckertj84,Jose,Wuckert
gottliebe814,Eileen,Gottlieb
hartmannw789,Wilburn,Hartmann
dickinsonc152,Cedric,Dickinson
baileye891,Evelynn,Bailey
reicherte760,Enda,Reichert
gusikowskic913,Crista,Gusikowski
yostb851,Billie,Yost
buckridgea733,Antony,Buckridge
hayesk812,Keven,Hayes
koeppk567,Kallie,Koepp
dickit951,Timmy,Dicki
schoenr253,Roman,Schoen
mantes769,Sherron,Mante
gottliebt881,Thomas,Gottlieb
reillya159,Alfredo,Reilly
cristc87,Creola,Crist
lynchr470,Robt,Lynch
welche625,Edyth,Welch
lindd372,Delilah,Lind
wizar781,Ranee,Wiza
lowea409,Aracelis,Lowe
hackettt422,Terresa,Hackett
blockv152,Von,Block
wizal237,Leia,Wiza
dickensw108,Willy,Dickens
padbergk362,Kanisha,Padberg
kemmerf7,Federico,Kemmer
johnsa451,An,Johns
durganc928,Carmen,Durgan
swaniawskik277,Kallie,Swaniawski
kuhnn410,Noble,Kuhn
kuhlmanc260,Clyde,Kuhlman
champlink362,Katrice,Champlin
bernierm203,Major,Bernier
gislasonw291,Wan,Gislason
wolfm817,Martine,Wolf
ondrickao280,Olivia,Ondricka
schuppeo542,Ofelia,Schuppe
hermistond741,Dominic,Hermiston
hintzf854,Fannie,Hintz
conroyg637,Gaynell,Conroy
kihnl13,Lacy,Kihn
walkerk709,Kaycee,Walker
pollichc889,Chanell,Pollich
legrosk594,Krystin,Legros
jerdeg121,Glenn,Jerde
kubn828,Neal,Kub
o'connerp524,Phillip,O'Conner
wunschc653,Camelia,Wunsch
hoegerk926,Kyla,Hoeger
dacha515,Ashlea,Dach
langoshw296,Wilson,Langosh
rueckers549,Steve,Ruecker
turnert570,Trinity,Turner
trompc612,Cecily,Tromp
carrollr978,Russ,Carroll
emardg120,Giselle,Emard
lefflerk820,Kurt,Leffler
farrellc925,Courtney,Farrell
metzf476,Fredricka,Metz
feestf506,Freddie,Feest
simonise339,Eduardo,Simonis
bodea388,Alfred,Bode
marksa866,Ahmad,Marks
keelingb160,Brain,Keeling
lefflerw26,Wendell,Leffler
pourosf631,Felisha,Pouros
larsonl552,Loyd,Larson
predovics450,Scotty,Predovic
bayerf564,Florence,Bayer
hanej657,Jayson,Hane
ritchiec917,Chris,Ritchie
hirthel546,Lyman,Hirthe
ondrickad959,Delphia,Ondricka
yostj421,Janella,Yost
buckridgej617,Jerica,Buckridge
lefflerm744,Mandy,Leffler
purdya128,Alecia,Purdy
quitzont960,Tamika,Quitzon
cummingsh48,Haydee,Cummings
wuckertc963,Cordell,Wuckert
kinge599,Erich,King
robertss644,Shemika,Roberts
jacobsond717,Deshawn,Jacobson
boyerp546,Pasquale,Boyer
breitenbergy676,Young,Breitenberg
yostr841,Rayna,Yost
gerholdo62,Oscar,Gerhold
hamilll862,Lowell,Hamill
johnse180,Emmett,Johns
wolfh795,Harriett,Wolf
schambergero87,Ollie,Schamberger
o'keefej318,Josue,O'Keefe
hickled641,Dion,Hickle
ziemea870,Andy,Zieme
osinskij416,James,Osinski
herzogm499,Marilou,Herzog
ziemet437,Trinidad,Zieme
boehme482,Emerita,Boehm
rathk334,Kimberley,Rath
krisw851,Wesley,Kris
mannb489,Bertha,Mann
johnsonr831,Romeo,Johnson
walshh100,Harlan,Walsh
lednerd972,Dirk,Ledner
hartmannl93,Leo,Hartmann
ferryj13,Jeanetta,Ferry
macgyverp347,Patti,MacGyver
morissettel225,Lavonda,Morissette
kohlert483,Tressie,Kohler
dickinsont410,Tegan,Dickinson
altenwerths91,Shonna,Altenwerth
faheyt912,Trent,Fahey
lemkej621,Jacob,Lemke
wunschd938,Dean,Wunsch
rosenbauma33,Archie,Rosenbaum
greenv320,Virgil,Green
carrollv89,Veta,Carroll
swaniawskin812,Nery,Swaniawski
dareh71,Hoa,Dare
schneiderc393,Carter,Schneider
bogant513,Tawnya,Bogan
wolffv298,Val,Wolff
hilpertm126,Merle,Hilpert
steuberi203,Ilana,Steuber
blandav519,Virgilio,Blanda
hayesw955,Wes,Hayes
littelm663,Myriam,Littel
harberm603,Mila,Harber
bauchj533,Jared,Bauch
crooksk158,Kenneth,Crooks
wehnerg656,Gene,Wehner
gaylordf964,Florentino,Gaylord
kubs978,Shirlene,Kub
turcotted115,Damian,Turcotte
pacochat144,Thomasine,Pacocha
wymanl803,Leslie,Wyman
glovera366,Antony,Glover
boganr506,Rubie,Bogan
beahanl448,Lonny,Beahan
pagace838,Elmo,Pagac
quitzonv804,Verda,Quitzon
gibsonc741,Cleopatra,Gibson
lehnerc25,Claudette,Lehner
grantj91,Joleen,Grant
jerdeh17,Harold,Jerde
cruickshankj949,Jack,Cruickshank
windlerb717,Bobbi,Windler
stokesr311,Rudolph,Stokes
roobe897,Ed,Roob
olsonb816,Bryant,Olson
hodkiewiczl729,Liliana,Hodkiewicz
emmerichj501,Jacinto,Emmerich
hageneso770,Octavio,Hagenes
mertzm641,Marylynn,Mertz
aufderharl959,Lan,Aufderhar
jacobic471,Clark,Jacobi
rodriguezl704,Leilani,Rodriguez
connellys821,Sebrina,Connelly
vandervorte38,Elvin,Vandervort
kozeym435,Maybelle,Kozey
fisherr195,Roger,Fisher
walkerk143,Kathey,Walker
kertzmannr461,Raymundo,Kertzmann
hegmannl192,Lorenzo,Hegmann
keeblers435,Sherrell,Keebler
rowen221,Nicholas,Rowe
mrazn270,Nathan,Mraz
stamml952,Lisabeth,Stamm
fadelg415,Grace,Fadel
kesslerc672,Chieko,Kessler
thompsonm853,Max,Thompson
dickinsonc77,Connie,Dickinson
rohand407,Daniele,Rohan
gradye589,Ernest,Grady
pfefferm314,Mauro,Pfeffer
ondrickab779,Bess,Ondricka
rolfsona486,Annemarie,Rolfson
watsicap758,Phillis,Watsica
krish879,Hai,Kris
johnsl750,Lacy,Johns
ricec215,Collin,Rice
morissettes242,Shery,Morissette
bernierr391,Ronny,Bernier
parkerb930,Bambi,Parker
dubuquei21,Irvin,DuBuque
hintza538,Amiee,Hintz
bergstromm221,Merrilee,Bergstrom
bartonk415,Kristi,Barton
ortizk348,Kennith,Ortiz
breitenbergd214,Derick,Breitenberg
koelpinw426,Waneta,Koelpin
caspers501,Setsuko,Casper
reillyd530,Darci,Reilly
watsicas719,Stephenie,Watsica
schambergerj347,Joi,Schamberger
hessela940,Ayesha,Hessel
stehra127,Avery,Stehr
ernserv539,Vance,Ernser
prohaskam926,Mike,Prohaska
smithk680,Katharine,Smith
robertsj84,Joanna,Roberts
reynoldss931,Sid,Reynolds
altenwerthg376,Gertha,Altenwerth
boylel851,Lasonya,Boyle
okunevah501,Hettie,Okuneva
croninc325,Cheryll,Cronin
ortizb573,Birdie,Ortiz
davisv116,Vince,Davis
hettingers878,Stefan,Hettinger
wehnera700,Agnus,Wehner
swaniawskik653,Kurtis,Swaniawski
wisozkj89,Jamey,Wisozk
hellerh250,Horace,Heller
goldnerc973,Carole,Goldner
zboncakt825,Terence,Zboncak
lednerw76,Weston,Ledner
uptons928,September,Upton
bogank215,Kurt,Bogan
rohanj820,Jeanne,Rohan
schulista862,Alison,Schulist
moeng134,Glenn,Moen
wittingl366,Laverna,Witting
abbottp580,Pamila,Abbott
bahringerf697,Felton,Bahringer
rodriguezt933,Tom,Rodriguez
nadern526,Neva,Nader
weissnati341,Iraida,Weissnat
thompsonl788,Lashawn,Thompson
haneb367,Beatrice,Hane
kutche456,Elden,Kutch
bradtkem894,Monty,Bradtke
sanfordt128,Tamar,Sanford
legrosf931,Filiberto,Legros
beattyb436,Beverlee,Beatty
bartellm669,Myrtice,Bartell
hahnm619,Mafalda,Hahn
boehmc932,Carroll,Boehm
yostf235,Fiona,Yost
abbottr114,Regan,Abbott
schumms486,Susan,Schumm
wisozky210,Yevette,Wisozk
roobr947,Rodrick,Roob
riced384,Deon,Rice
hermana36,Andres,Herman
lubowitza464,Angelique,Lubowitz
littleg740,Granville,Little
bechtelarj109,Julius,Bechtelar
hahnj56,Jesse,Hahn
considinec207,Cordell,Considine
lueilwitzr504,Russell,Lueilwitz
zemlakm383,Matt,Zemlak
champlinr71,Romana,Champlin
kovacekk293,Katrice,Kovacek
rosenbauma574,Alfonso,Rosenbaum
schoena945,Alfonzo,Schoen
willmsm768,Markus,Willms
bartonl243,Loria,Barton
d'amorej288,Jerrod,D'Amore
kertzmannj154,Jetta,Kertzmann
fayl17,Ladawn,Fay
bogisichc306,Cruz,Bogisich
millsa362,Ayana,Mills
gislasonc28,Conrad,Gislason
swaniawskie91,Elina,Swaniawski
hermannj756,Jenise,Hermann
brekked554,Delinda,Brekke
manns58,Stuart,Mann
hodkiewiczs702,Sunshine,Hodkiewicz
greenholtt154,Terrance,Greenholt
breitenbergs703,Shane,Breitenberg
dickense808,Eunice,Dickens
larsonn878,Nia,Larson
borerc699,Cory,Borer
kerlukel780,Les,Kerluke
dachl761,Lyman,Dach
purdye32,Erik,Purdy
quitzonh482,Hermine,Quitzon
bashiriano20,Orville,Bashirian
hodkiewiczc87,Clyde,Hodkiewicz
kshlerins300,Shirley,Kshlerin
o'reillyj17,Joetta,O'Reilly
hudsonn502,Normand,Hudson
mantek531,Kori,Mante
cronaa656,Alisia,Crona
jonesa253,Arlen,Jones
ullrichb119,Bryce,Ullrich
jakubowskil185,Lazaro,Jakubowski
wolfg519,Grover,Wolf
stromans829,Salina,Stroman
dickensl291,Lavonda,Dickens
welchb267,Berry,Welch
fritschj433,Jesse,Fritsch
carrolll585,Leida,Carroll
raul567,Lupe,Rau
cronaa293,Abraham,Crona
hillsp682,Parker,Hills
framig598,Gwendolyn,Frami
strackel239,Lynwood,Stracke
lueilwitzf120,Fidel,Lueilwitz
ziemanna314,Arron,Ziemann
doylem369,Murray,Doyle
veumw183,Wendell,Veum
andersonb119,Bernard,Anderson
daughertym667,Mitchell,Daugherty
kemmerc154,Carey,Kemmer
hermanj413,Joe,Herman
fisherj408,Jere,Fisher
blockr373,Raleigh,Block
stiedemannm489,Markita,Stiedemann
tremblaya866,Alphonso,Tremblay
klockoa545,Annetta,Klocko
wunsche154,Eli,Wunsch
rippinm200,Marla,Rippin
kovacekm438,Mervin,Kovacek
millerr461,Raymundo,Miller
jonesm163,Mark,Jones
trompr462,Robbyn,Tromp
feestb203,Billye,Feest
cormierh719,Hildred,Cormier
pricec698,Clayton,Price
gradyl672,Lance,Grady
schmittl118,Luis,Schmitt
howells610,Shirely,Howell
jacobsonn932,Nichelle,Jacobson
labadiec859,Christian,Labadie
littlem387,Modesta,Little
hermannc173,Clarence,Hermann
hillll28,Leif,Hilll
mayertt800,Timothy,Mayert
ferrym322,Martine,Ferry
robertsm170,Man,Roberts
klockok256,Kristopher,Klocko
hansenm806,Margaret,Hansen
hanem272,Marina,Hane
o'connelll293,Leeann,O'Connell
brekkej206,Jimmie,Brekke
kohlerc750,Chandra,Kohler
konopelskij231,Ja,Konopelski
schulisty279,Yun,Schulist
hudsone733,Elvie,Hudson
franeckir39,Ronnie,Franecki
binsm613,Michal,Bins
effertzh847,Hilma,Effertz
uptonc398,Clayton,Upton
hessell223,Lesley,Hessel
ankundingl169,Leisa,Ankunding
stiedemannf373,Forrest,Stiedemann
kosss940,Salvatore,Koss
bednarq274,Quincy,Bednar
sawayns406,Stanley,Sawayn
boscog882,Gladys,Bosco
harveym289,Max,Harvey
lindgrena413,Alecia,Lindgren
hillst147,Thurman,Hills
klingc571,Cammie,Kling
hamills644,Stewart,Hamill
larkinp822,Pete,Larkin
kovaceki94,Irwin,Kovacek
kleinh961,Harvey,Klein
treutelm51,Mammie,Treutel
crooksk188,Keena,Crooks
handj657,Jamaal,Hand
hudsont444,Trisha,Hudson
durganl328,Lizeth,Durgan
andersonr674,Reggie,Anderson
hellerd694,Delinda,Heller
waelchit348,Todd,Waelchi
corwinb409,Brittani,Corwin
mullerg201,Garfield,Muller
wardr847,Rey,Ward
klingf115,Felton,Kling
nikolausr496,Rudolf,Nikolaus
larkind881,Donn,Larkin
lindgrene547,Elanor,Lindgren
hoegerr921,Ray,Hoeger
hellers468,Seema,Heller
lehnerm948,Mamie,Lehner
collinsn172,Nick,Collins
lowel264,Lavinia,Lowe
harrise800,Edmund,Harris
corkeryt329,Terrilyn,Corkery
medhursto489,Orpha,Medhurst
whitea111,Adalberto,White
haleyt99,Teena,Haley
rohanc63,Concha,Rohan
brownl105,Lizzette,Brown
swaniawskis574,Sanford,Swaniawski
pourosl410,Leonel,Pouros
monahana166,Antonina,Monahan
emmerichj804,Jude,Emmerich
denesikd888,Delphia,Denesik
sengerb692,Berenice,Senger
schummr639,Robert,Schumm
o'harac201,Cary,O'Hara
hartmannc940,Clair,Hartmann
willa535,Ariel,Will
trantowr478,Rosario,Trantow
blockl624,Leland,Block
sawaynm933,Manuela,Sawayn
barrowsa585,Ariel,Barrows
bartolettir235,Regena,Bartoletti
barrowsc365,Celina,Barrows
johnstonm240,Moses,Johnston
hansena791,Austin,Hansen
walkerl243,Lavette,Walker
pacochaj444,Joya,Pacocha
cummingsn750,Neal,Cummings
goldnerd114,Damon,Goldner
schmittm332,Matthew,Schmitt
hicklet872,Tomas,Hickle
cummingsv757,Verdell,Cummings
jacobsm252,Modesto,Jacobs
deckowb959,Bronwyn,Deckow
lockmano932,Oliver,Lockman
gutmanni22,Idalia,Gutmann
jakubowskik899,Korey,Jakubowski
pagacj705,Jimmie,Pagac
farrelld826,Deidra,Farrell
deckowl175,Lee,Deckow
baileyj807,June,Bailey
nadera237,Adeline,Nader
kilbacke707,Eula,Kilback
rowev205,Virgilio,Rowe
stehrl923,Lincoln,Stehr
wolffs116,Sharell,Wolff
faheym21,Melba,Fahey
baileyb884,Bart,Bailey
tromps865,Sammie,Tromp
weimannf71,Flossie,Weimann
dietrichj491,Jayna,Dietrich
wisokyd112,Daryl,Wisoky
kshlerinc820,Craig,Kshlerin
schultzk424,Kristle,Schultz
schinnerd386,Denita,Schinner
binsg238,Grover,Bins
millert670,Traci,Miller
gerlacht494,Truman,Gerlach
powlowskih60,Herb,Powlowski
greens943,Sergio,Green
lockmant631,Thaddeus,Lockman
lowem84,Marcelo,Lowe
haagl121,Lydia,Haag
effertzm499,Marci,Effertz
gutkowskih324,Horace,Gutkowski
zboncakm323,Mamie,Zboncak
beckerh724,Harland,Becker
friesena405,Annamae,Friesen
beckerj286,Jared,Becker
nienowe371,Elfrieda,Nienow
dooleyb130,Bryanna,Dooley
russelc964,Chelsea,Russel
ortizb243,Bill,Ortiz
baileyx808,Xiao,Bailey
mayertw196,Willis,Mayert
krisd573,Darrell,Kris
caspers681,Sebastian,Casper
handm542,Mitchell,Hand
langoshv212,Vernon,Langosh
olsont679,Ty,Olson
schambergerl155,Les,Schamberger
trompr91,Raguel,Tromp
bruenp530,Pasquale,Bruen
hartmannd590,Darrell,Hartmann
mooret918,Timothy,Moore
rathd461,Dante,Rath
shanahanr927,Renato,Shanahan
jaskolskie133,Erma,Jaskolski
boehmr686,Rick,Boehm
heathcotem14,Miyoko,Heathcote
mcclurer632,Rueben,McClure
gislasons602,Sanjuana,Gislason
linde119,Elliot,Lind
bahringerp784,Pedro,Bahringer
harberj300,Jennie,Harber
greenfeldery60,Yong,Greenfelder
marvint244,Tracee,Marvin
buckridger506,Ressie,Buckridge
schinnerc975,Chadwick,Schinner
nitzsched506,Doreatha,Nitzsche
o'harah256,Herta,O'Hara
rueckerw906,Whitney,Ruecker
haleyl172,Leif,Haley
starka730,Albert,Stark
townej127,Jerrell,Towne
hesselr364,Rosendo,Hessel
parkerj608,Johnnie,Parker
simonisj847,Jin,Simonis
bergef868,Frederick,Berge
stoltenbergl936,Lachelle,Stoltenberg
o'reillye122,Eartha,O'Reilly
williamsons319,Santo,Williamson
o'konn275,Nelida,O'Kon
murrayj401,Jeremy,Murray
runolfsdottiro332,Ozell,Runolfsdottir
krisb460,Berniece,Kris
stiedemannm900,Morgan,Stiedemann
stokesr79,Rickie,Stokes
hoppev216,Verda,Hoppe
funkg672,Glenn,Funk
balistrerib909,Burt,Balistreri
luettgenm252,Maritza,Luettgen
willj776,Jasper,Will
howellx746,Xochitl,Howell
hande366,Emilie,Hand
walkerl756,Lloyd,Walker
klingk111,Kyoko,Kling
grahamc114,Conrad,Graham
kertzmanna539,Ashlea,Kertzmann
beahanb129,Belinda,Beahan
armstrongt800,Teodora,Armstrong
brownl802,Leonel,Brown
sawaynk719,Kimiko,Sawayn
whitea395,Argentina,White
schulisto831,Obdulia,Schulist
yosts190,Samara,Yost
glovern820,Noe,Glover
goyetteu461,Un,Goyette
hyattm698,Maryellen,Hyatt
hilpertk740,Kai,Hilpert
adamsm359,Milford,Adams
goodwink309,Karry,Goodwin
oberbrunnerc453,Clark,Oberbrunner
cormierl227,Louie,Cormier
rempelr643,Rupert,Rempel
willmse514,Esteban,Willms
cristk320,Kieth,Crist
hilpertn689,Nola,Hilpert
rennert584,Terrell,Renner
abshires961,Sherlene,Abshire
romaguerad652,Danelle,Romaguera
kirlinl90,Lawrence,Kirlin
kulask535,Karyn,Kulas
brakush780,Haydee,Brakus
wolfr244,Raymon,Wolf
cartwrightc293,Cary,Cartwright
kassulkem784,Madelene,Kassulke
lynchn828,Narcisa,Lynch
ziemej222,Jerome,Zieme
shieldsv291,Valentine,Shields
dachh27,Harris,Dach
spencerd88,Dawna,Spencer
rippinr511,Rupert,Rippin
lehnerr792,Roni,Lehner
pollichd81,Denice,Pollich
joness815,Scarlett,Jones
stoltenbergs623,Sid,Stoltenberg
o'keefeb578,Bridgette,O'Keefe
hyattt125,Tijuana,Hyatt
stoltenbergr373,Reba,Stoltenberg
rutherforde401,Elissa,Rutherford
hellerb537,Brunilda,Heller
littelw266,Wenona,Littel
binsf132,Felipe,Bins
lakins233,Stephan,Lakin
gulgowskia430,Allie,Gulgowski
johnsonp280,Palmer,Johnson
hellers395,Shera,Heller
torphyg947,Giovanna,Torphy
pfefferj814,Jerry,Pfeffer
hirtheu309,Ulrike,Hirthe
weimannc557,Caleb,Weimann
mayertr98,Raphael,Mayert
franeckim485,Mona,Franecki
schmelerk12,Kory,Schmeler
altenwerthf958,Fermin,Altenwerth
vonm912,Mariana,Von
starkf602,Felix,Stark
muraziks887,Sona,Murazik
stamma785,Alva,Stamm
lubowitzd901,Danyell,Lubowitz
bayere804,Emely,Bayer
bodef336,Franklin,Bode
mcdermotth898,Hilaria,McDermott
dickiv811,Victor,Dicki
wunschc973,Cheyenne,Wunsch
hansenw728,Willette,Hansen
schimmelf901,Frances,Schimmel
whitej626,Jefferson,White
buckridgez433,Zachary,Buckridge
schuppej408,Jamey,Schuppe
jonesb881,Birgit,Jones
creming731,Gabriel,Cremin
boylef681,Franklin,Boyle
bartona577,Alberto,Barton
labadiel139,Lesley,Labadie
beahane83,Enoch,Beahan
mckenziee713,Elwood,McKenzie
boylel222,Leonardo,Boyle
bechtelare148,Erik,Bechtelar
greenh145,Harris,Green
quitzone410,Earnest,Quitzon
o'haraa279,Andy,O'Hara
brakusm676,Margery,Brakus
trantowc503,Cheryll,Trantow
hartmannd375,Deneen,Hartmann
corwina905,Andres,Corwin
lefflerk388,Karon,Leffler
franeckie144,Edison,Franecki
reillyv760,Vonda,Reilly
mosciskir448,Rosario,Mosciski
starkm455,Marchelle,Stark
beerj941,Jewel,Beer
hettingerb977,Bernardo,Hettinger
lakinc423,Caleb,Lakin
lakinm971,Michal,Lakin
ondrickap940,Patrick,Ondricka
schmidtw697,Wynona,Schmidt
lubowitzb31,Bertram,Lubowitz
kreigerr946,Rudy,Kreiger
fadelc25,Caroll,Fadel
dachy621,Youlanda,Dach
okunevat54,Thanh,Okuneva
stromane4,Edgardo,Stroman
hudsonl394,Lawrence,Hudson
erdmans229,Sal,Erdman
mclaughlina248,Aron,McLaughlin
stromanc418,Christine,Stroman
rodriguezs460,Sol,Rodriguez
dachc266,Cherryl,Dach
baileyr865,Romona,Bailey
doyles788,Shelley,Doyle
monahant122,Teri,Monahan
walshs946,Shila,Walsh
williamsonm436,Mason,Williamson
bartellm96,Mandi,Bartell
langoshs103,Sharolyn,Langosh
d'amorek139,Kathryne,D'Amore
veumn603,Neal,Veum
collierd474,Dario,Collier
collinst328,Teodoro,Collins
purdyr959,Robyn,Purdy
hayesb104,Brent,Hayes
kuvalisi380,Isis,Kuvalis
smitha916,Amparo,Smith
lefflerm171,Mark,Leffler
veumd560,Dominque,Veum
wittingm968,Morton,Witting
beerf126,Freddie,Beer
vandervortm956,Mervin,Vandervort
rennerr763,Richard,Renner
cronaj293,Jermaine,Crona
larsona856,Arron,Larson
mclaughlinm434,Melynda,McLaughlin
dickinsong131,Gabriele,Dickinson
hudsonw893,Wilhelmina,Hudson
marksp25,Phuong,Marks
howellk375,Kirk,Howell
gorczanyc831,Cecilia,Gorczany
schoenr952,Ramiro,Schoen
beerj869,Joselyn,Beer
funkm438,Maryjo,Funk
whiteo656,Opal,White
bradtkeq787,Quintin,Bradtke
zemlake190,Emma,Zemlak
macgyverj228,Julietta,MacGyver
rogahnm738,Maud,Rogahn
feeneyc799,Clemente,Feeney
mosciskim130,Malcolm,Mosciski
ondrickat667,Therese,Ondricka
goyettek571,Kris,Goyette
millsj347,Jina,Mills
gradym310,Mariano,Grady
harberj619,Jewell,Harber
blocke538,Emmie,Block
rueckerk794,Karena,Ruecker
spencerl554,Lettie,Spencer
ankundingn614,Nellie,Ankunding
leschg214,Georgia,Lesch
hyattd680,Dustin,Hyatt
brownn74,Neil,Brown
halvorsonp200,Paul,Halvorson
kihnf661,Flo,Kihn
lehnerk712,Kenisha,Lehner
goyetter78,Rob,Goyette
walterr42,Rasheeda,Walter
shanahanz276,Zackary,Shanahan
faheyj973,Janette,Fahey
kuphala17,Alysa,Kuphal
ratket223,Trudy,Ratke
nitzschel831,Ladawn,Nitzsche
aufderhara910,Ashton,Aufderhar
gaylords362,Santo,Gaylord
kutchs428,Scottie,Kutch
pourosc887,Coral,Pouros
kubl420,Lonny,Kub
hellerj38,Jacki,Heller
konopelskim819,Marco,Konopelski
emmerichm500,Mitzi,Emmerich
hintzc56,Curtis,Hintz
bednarb288,Blake,Bednar
wolffs163,Shauna,Wolff
greenf56,Floy,Green
watsicas124,Shantel,Watsica
ernsera448,Alonso,Ernser
schinnerc900,Chi,Schinner
dubuquew895,Wade,DuBuque
cruickshankx607,Xenia,Cruickshank
bradtkel74,Luke,Bradtke
gerholdc729,Clifford,Gerhold
bruens221,Shawna,Bruen
kubb815,Brad,Kub
tillmanm151,Manuel,Tillman
konopelskib664,Burl,Konopelski
raynort946,Towanda,Raynor
lubowitzc125,Carrol,Lubowitz
connc695,Carey,Conn
goodwinm568,Mariam,Goodwin
bartellw90,Wilbur,Bartell
kundet760,Tona,Kunde
yundtk10,Karima,Yundt
ernsert592,Tresa,Ernser
langl708,Lou,Lang
cristj817,Jayson,Crist
stantonj806,Julianna,Stanton
zemlako406,Otis,Zemlak
russeli2,Ida,Russel
jacobsd734,Deirdre,Jacobs
bergnaumr545,Raphael,Bergnaum
raup648,Paris,Rau
collinsm832,Maisha,Collins
jenkinss162,Sam,Jenkins
haleyw967,Weston,Haley
conroyd826,Dion,Conroy
nienowk422,King,Nienow
carterd90,Dorie,Carter
tremblayr386,Reggie,Tremblay
rowem312,Marshall,Rowe
rodriguezb151,Betty,Rodriguez
manne180,Emil,Mann
d'amorec80,Cindi,D'Amore
wolfp243,Paul,Wolf
walsht213,Twanna,Walsh
dietrichl579,Laurene,Dietrich
skilesp583,Preston,Skiles
keelinga189,Angelena,Keeling
aufderharr91,Russel,Aufderhar
gulgowskid65,Dannie,Gulgowski
swifth435,Harris,Swift
howellj549,Janee,Howell
marvinm630,Mandy,Marvin
terryt578,Temika,Terry
croninf775,Faustino,Cronin
reichela761,Alejandro,Reichel
feeneyc360,Carmela,Feeney
strosins220,Sergio,Strosin
carrolld946,Darell,Carroll
kuhlmanm162,Maryjo,Kuhlman
blickb689,Birgit,Blick
connellym642,Marna,Connelly
cartert625,Trevor,Carter
kiehnb328,Blaine,Kiehn
rosenbaumc452,Clifton,Rosenbaum
herzogs247,Samual,Herzog
quitzona878,Annett,Quitzon
andersonm844,Manuel,Anderson
millerr135,Renea,Miller
sipesp342,Princess,Sipes
jonesh525,Harland,Jones
conroyc796,Chance,Conroy
konopelskis761,Shirley,Konopelski
howeb181,Bart,Howe
brekket545,Toshiko,Brekke
uptonm495,Marhta,Upton
gusikowskip170,Patricia,Gusikowski
greenfelderj324,Janelle,Greenfelder
walterk534,Keven,Walter
funks746,Scot,Funk
batze691,Eunice,Batz
gloverr772,Rashida,Glover
sengere572,Earnest,Senger
borerd976,Dong,Borer
beert857,Takako,Beer
kovacekk273,Ken,Kovacek
bahringero315,Octavio,Bahringer
kohlerf264,Florencio,Kohler
steubery568,Yan,Steuber
collinsr943,Rick,Collins
stokesr880,Roberto,Stokes
cassind956,Danny,Cassin
ondrickav159,Virgina,Ondricka
steubern848,Norman,Steuber
smithamm110,Margit,Smitham
kilbackr743,Rima,Kilback
wolffr230,Roni,Wolff
lebsackn350,Nicky,Lebsack
hicklem152,Marilynn,Hickle
brownb130,Brigitte,Brown
mckenzies85,Sheri,McKenzie
stromanf527,Floy,Stroman
toyk464,Kathlene,Toy
pfefferc702,Cassi,Pfeffer
o'harar730,Roosevelt,O'Hara
steubern16,Ned,Steuber
toyf907,Fredericka,Toy
kertzmannc539,Casey,Kertzmann
koepph360,Hollie,Koepp
corwing191,Genoveva,Corwin
lubowitzv893,Vito,Lubowitz
greenholto456,Osvaldo,Greenholt
swaniawskiq389,Queen,Swaniawski
pricef194,Felton,Price
powlowskir318,Ronny,Powlowski
terryt7,Travis,Terry
weissnatr74,Reggie,Weissnat
bashirianm346,Merle,Bashirian
lowes342,Sau,Lowe
kerlukee59,Elbert,Kerluke
cummingsj585,Jamar,Cummings
wuckertm830,Mui,Wuckert
sauerk498,Kirby,Sauer
mcculloughe758,Emilie,McCullough
gleasonc943,Cristobal,Gleason
aufderhary913,Yadira,Aufderhar
gottliebe343,Erich,Gottlieb
danield810,Dayna,Daniel
watersa578,Abraham,Waters
gaylordf864,Florence,Gaylord
hamilla309,Annabel,Hamill
dickinsonv335,Valery,Dickinson
raynorb505,Benton,Raynor
mohrc862,Chi,Mohr
shieldss151,Shannon,Shields
millerj156,Jake,Miller
corkerys746,Sherron,Corkery
nienows311,Salvador,Nienow
bergep609,Pierre,Berge
keelingd175,Denisha,Keeling
kassulkee739,Enrique,Kassulke
schulistw970,Wes,Schulist
ryanb712,Bernardo,Ryan
kilbacka521,Angelica,Kilback
jenkinsc758,Cody,Jenkins
mayerm129,Maile,Mayer
schoenm914,Margaretta,Schoen
hoegerh780,Heidi,Hoeger
donnellye322,Elroy,Donnelly
daughertyf330,Forest,Daugherty
padberge871,Evia,Padberg
abernathye483,Emory,Abernathy
thiels189,September,Thiel
russelg389,Glenn,Russel
kohlerc684,Cora,Kohler
feeneyk148,Kraig,Feeney
kiehnj34,Jayson,Kiehn
schaeferf579,Fausto,Schaefer
abshirel419,Levi,Abshire
nolanc254,Cheree,Nolan
runolfsdottiry21,Yee,Runolfsdottir
strackej111,Joycelyn,Stracke
smithl816,Lani,Smith
cristw256,Wallace,Crist
batzl330,Laronda,Batz
wiegandh515,Hipolito,Wiegand
effertza627,Antonio,Effertz
willmso175,Olen,Willms
lemkec533,Cheree,Lemke
nicolase172,Elias,Nicolas
lebsacka327,Allen,Lebsack
simonisr801,Refugio,Simonis
westc247,Carl,West
boylew96,Warren,Boyle
bernhardm803,Marquita,Bernhard
crooksf495,Fernande,Crooks
littela12,Ardis,Littel
hamillc444,Carmelo,Hamill
langoshj945,Jody,Langosh
hermannp931,Porter,Hermann
lockmanj531,Jacquetta,Lockman
feilk686,Kendra,Feil
paucekm295,Marlana,Paucek
botsfordc231,Colleen,Botsford
gottliebh625,Hedy,Gottlieb
weissnate873,Enrique,Weissnat
dietriche182,Eileen,Dietrich
kesslerd112,Dorla,Kessler
reingerg889,Genna,Reinger
osinskiw238,Wilfred,Osinski
bechtelard218,Dusty,Bechtelar
cummingsr436,Renay,Cummings
littlea599,Avelina,Little
gutkowskic411,Cordia,Gutkowski
hillle19,Ebony,Hilll
schoenh319,Harrison,Schoen
lindgreng734,Georgetta,Lindgren
hintzv96,Vannesa,Hintz
schmidth59,Helena,Schmidt
mayertk787,Karen,Mayert
uptont383,Tasia,Upton
connellyz577,Zackary,Connelly
rempels437,Stacy,Rempel
kilbackc516,Christopher,Kilback
turnert859,Tajuana,Turner
nienows38,Shelton,Nienow
jacobiw390,Wendolyn,Jacobi
vonk609,Kandra,Von
veumj337,Joel,Veum
prohaskak585,Kristina,Prohaska
reichell296,Laronda,Reichel
o'reillyd196,Donovan,O'Reilly
priced778,Dominic,Price
nicolasc866,Clora,Nicolas
walkerr73,Rico,Walker
ziemannc278,Chadwick,Ziemann
marvinh889,Hilton,Marvin
mullerp139,Patrina,Muller
welchc311,Chelsie,Welch
effertzs177,Sherill,Effertz
bahringerj687,Joyce,Bahringer
watersl548,Lyndon,Waters
kirlins857,Shondra,Kirlin
swiftv235,Verla,Swift
reichelf227,Ferdinand,Reichel
abshirer846,Ricky,Abshire
gorczanyd323,Dana,Gorczany
mooreb871,Bernie,Moore
connv599,Valene,Conn
kozeyj803,Jesse,Kozey
luettgenz553,Zachariah,Luettgen
kunzet741,Temeka,Kunze
thiell169,Lakendra,Thiel
cartert481,Tashia,Carter
hudsons976,Sam,Hudson
streichr248,Rosario,Streich
wymanl190,Luther,Wyman
fadela913,Adrian,Fadel
goodwinl386,Lance,Goodwin
schmidtj45,Jenelle,Schmidt
beattyh680,Henry,Beatty
muellerv585,Valentine,Mueller
cummeratal441,Lanny,Cummerata
hudsonj970,Janetta,Hudson
macejkovica793,Antione,Macejkovic
sengerr547,Russel,Senger
danielv77,Vince,Daniel
andersond809,Dan,Anderson
satterfieldd337,Deshawn,Satterfield
champlinp761,Penny,Champlin
parkerr724,Rocky,Parker
ornb665,Beatriz,Orn
spencerc118,Cyril,Spencer
starkr728,Rickie,Stark
kuphalt164,Tomas,Kuphal
fayr938,Rochel,Fay
legrosc211,Casandra,Legros
kilbackc447,Carmen,Kilback
smithama391,Antonia,Smitham
huelk30,Kelle,Huel
ebertk566,Kirby,Ebert
kuhlmanj207,Jody,Kuhlman
kiehne366,Elden,Kiehn
wittingj933,Jonathan,Witting
harrisg270,Gayla,Harris
kuhicl706,Lida,Kuhic
kuvalisb698,Bettina,Kuvalis
walkerf4,Francisco,Walker
bradtkec800,Cuc,Bradtke
kuhnj104,Jon,Kuhn
harveye75,Elijah,Harvey
heidenreichm587,Martin,Heidenreich
hagenesi416,Isaiah,Hagenes
rodriguezs661,Seymour,Rodriguez
hanes108,Sherman,Hane
carrolll235,Lawerence,Carroll
weberi713,Ivory,Weber
kingk507,Kasha,King
swaniawskim137,Meghann,Swaniawski
volkmank651,Kermit,Volkman
runolfsdottirk457,Keenan,Runolfsdottir
rutherforde794,Eugene,Rutherford
rowef68,Fermin,Rowe
ziemanng156,Gavin,Ziemann
hahnn961,Napoleon,Hahn
batza119,Arnulfo,Batz
kohlers726,Sammy,Kohler
waltero261,Ozzie,Walter
schmidtc118,Candis,Schmidt
trompe184,Evangelina,Tromp
blickl637,Lynda,Blick
willm765,Madelene,Will
pacochal703,Lynetta,Pacocha
dachm447,Michal,Dach
johnstona137,Austin,Johnston
smithamm420,Morris,Smitham
jasta228,Albert,Jast
muellerk233,Katrice,Mueller
schaeferd552,Dayle,Schaefer
langoshe23,Emerson,Langosh
ornm961,Maricruz,Orn
dachc705,Clemente,Dach
gleichnerr239,Roselia,Gleichner
reillyo320,Odis,Reilly
kiehnh65,Herschel,Kiehn
morari191,Isreal,Morar
jacobsh699,Hubert,Jacobs
jastc467,Chadwick,Jast
dachk799,Kelly,Dach
quitzont424,Travis,Quitzon
steubers103,Sandie,Steuber
powlowskij370,James,Powlowski
tromps375,Sanda,Tromp
wintheiserd714,Domonique,Wintheiser
donnellyr682,Rose,Donnelly
dickim121,Michael,Dicki
gleasons960,Sterling,Gleason
douglasd722,Dustin,Douglas
batza847,Alfonzo,Batz
gibsont702,Terrence,Gibson
schulistr850,Rhett,Schulist
treutelm311,Mavis,Treutel
greenfeldert286,Tyson,Greenfelder
carterp344,Parthenia,Carter
rempelm279,Mayra,Rempel
williamsonc591,Clotilde,Williamson
bartellm414,Margy,Bartell
harveyp666,Patricia,Harvey
connellyh338,Hobert,Connelly
schupped799,Drew,Schuppe
mcdermottg565,Gayle,McDermott
abbottl417,Lewis,Abbott
kohlerb83,Britni,Kohler
kohlerr92,Ruthe,Kohler
vonruedenr56,Reynalda,VonRueden
hackettn303,Nikita,Hackett
nikolausm902,Maynard,Nikolaus
kihnk890,Keith,Kihn
weissnatb493,Brittney,Weissnat
o'haras271,Sherley,O'Hara
spencerg859,Giovanni,Spencer
bechtelarl853,Lucien,Bechtelar
bergek930,Kelley,Berge
cruickshanke262,Erik,Cruickshank
hahnj786,Jeffrey,Hahn
herzogt364,Tiara,Herzog
lindc215,Camelia,Lind
millsl876,Lakisha,Mills
boyere102,Effie,Boyer
dickil623,Letha,Dicki
walshr948,Rudolph,Walsh
nikolaust241,Tien,Nikolaus
gulgowskic35,Corinna,Gulgowski
bergstromm97,Merrie,Bergstrom
hamillj552,Jackie,Hamill
schultzm721,Michaela,Schultz
corwinl106,Leonardo,Corwin
emmerichm137,Maricruz,Emmerich
franeckit637,Teresia,Franecki
marksd679,Dennis,Marks
jastc506,Claudie,Jast
stiedemanng529,Gus,Stiedemann
watsicar789,Randall,Watsica
casperk978,Karmen,Casper
gibsont359,Tomasa,Gibson
tillmanr58,Rufus,Tillman
reillyb53,Bryan,Reilly
dubuques579,Stormy,DuBuque
goldnerf54,Fausto,Goldner
westl756,Laurence,West
townej419,Juanita,Towne
gorczanyd508,Darron,Gorczany
russele498,Elba,Russel
littlem443,Mitzie,Little
corkeryg779,Georgeanna,Corkery
herzogc762,Carroll,Herzog
o'connerr637,Randell,O'Conner
harveyw576,Walter,Harvey
beattye640,Emmanuel,Beatty
monahann440,Newton,Monahan
wisokyb90,Blair,Wisoky
lescha38,Alton,Lesch
mayerl658,Latesha,Mayer
wehnerp466,Patrick,Wehner
ryane516,Ezekiel,Ryan
carrollw78,Wynona,Carroll
borers822,Sherwood,Borer
kilbackk593,Kasey,Kilback
hilpertl814,Lara,Hilpert
padbergd697,Darlene,Padberg
dooleye448,Ellis,Dooley
nolang924,Garfield,Nolan
batzs467,Stevie,Batz
smithm725,Micaela,Smith
uptonj665,Jose,Upton
fritschc173,Connie,Fritsch
kreigert543,Tesha,Kreiger
gleasond627,Denis,Gleason
bechtelare725,Elene,Bechtelar
rippinr871,Rea,Rippin
hilperta772,Andrea,Hilpert
cummingsd781,Denny,Cummings
rennere616,Elois,Renner
wardh524,Hugh,Ward
ricef692,Fred,Rice
braunw175,Will,Braun
jacobsone460,Earline,Jacobson
trompm609,Mike,Tromp
schillerl880,Lesley,Schiller
gutmanna491,Alesha,Gutmann
eberti897,Ismael,Ebert
bashirianc220,Clemente,Bashirian
christiansens716,Stephan,Christiansen
hoppej460,Jeremy,Hoppe
boehmk901,Keneth,Boehm
jakubowskib202,Brain,Jakubowski
hegmanna405,Albertina,Hegmann
gusikowskir686,Royce,Gusikowski
beierj549,Jarvis,Beier
walshl520,Lakiesha,Walsh
ziemel463,Lauren,Zieme
cristc92,Chia,Crist
abbottj232,Jospeh,Abbott
walterd842,Dani,Walter
connellyo694,Ollie,Connelly
conng602,Germaine,Conn
o'keefeo792,Ollie,O'Keefe
rennerc73,Charise,Renner
murazikf432,Frances,Murazik
monahans754,Sacha,Monahan
murazikp150,Providencia,Murazik
marvinm966,Manual,Marvin
cummeratar420,Richie,Cummerata
gutmannc704,Coy,Gutmann
larkini402,Irvin,Larkin
osinskia187,Aaron,Osinski
hillsw365,Wendi,Hills
prosaccob829,Brad,Prosacco
robertsc630,Charity,Roberts
schoenl77,Lanita,Schoen
rosenbaums326,Stephen,Rosenbaum
romaguerat895,Tanner,Romaguera
beierl598,Luciano,Beier
schultzf366,Fermin,Schultz
hagenesq416,Queenie,Hagenes
nitzscheg608,Guadalupe,Nitzsche
bahringerr384,Renea,Bahringer
nolanj129,Jackson,Nolan
nienowt120,Terrilyn,Nienow
baumbachl501,Loretta,Baumbach
effertzb409,Bennett,Effertz
simonisn711,Nelson,Simonis
framid459,Desiree,Frami
marvinh702,Hoyt,Marvin
erdmanf210,Felecia,Erdman
littelm539,Mayme,Littel
carrollc250,Clementina,Carroll
d'amoreg966,Gladys,D'Amore
erdmanh437,Heriberto,Erdman
stoltenbergj421,Jacquelynn,Stoltenberg
considineb366,Bryon,Considine
starkt292,Tim,Stark
muellerd803,Dot,Mueller
hahnc223,Celine,Hahn
hansenp491,Paris,Hansen
funkc282,Cathleen,Funk
johnss841,Shanel,Johns
bahringerb51,Brady,Bahringer
durganj147,Jame,Durgan
goldnera24,Ashanti,Goldner
kovacekm103,Myrta,Kovacek
schulistj598,Jarred,Schulist
jonesc257,Crista,Jones
veumm417,Mika,Veum
paucekc601,Charline,Paucek
veumm177,Meghann,Veum
hillse18,Enoch,Hills
mcglynnc221,Cecily,McGlynn
ferryb81,Bob,Ferry
cormierd103,Devin,Cormier
beerd740,Dessie,Beer
ziemej98,Jere,Zieme
doyleh146,Hollis,Doyle
harveye718,Euna,Harvey
heidenreiche31,Ellis,Heidenreich
weissnati704,Ivan,Weissnat
tillmanx185,Xenia,Tillman
lefflerl559,Lena,Leffler
watsicar893,Rochell,Watsica
denesikg970,Gerald,Denesik
gerlachl500,Lula,Gerlach
ryana530,Azzie,Ryan
wisokym60,Maurice,Wisoky
parisianh319,Hayley,Parisian
keeblerk82,Kathleen,Keebler
mayera871,Alva,Mayer
lockmand619,Deb,Lockman
kuhicf467,Freeman,Kuhic
nolana584,Alberto,Nolan
gulgowskim637,Melynda,Gulgowski
kingr364,Randell,King
kutchb46,Bulah,Kutch
vonruedenf425,Fausto,VonRueden
sawayns601,Samual,Sawayn
hyatta579,Alfonzo,Hyatt
caspert656,Tracey,Casper
powlowskii395,Ilda,Powlowski
weissnatp304,Phylis,Weissnat
torphyj692,Josephina,Torphy
reingeri728,Isiah,Reinger
hellera485,Annis,Heller
pacochac117,Cristopher,Pacocha
moorew357,Wilbur,Moore
kreigerk176,Kaitlyn,Kreiger
feila293,Adell,Feil
hilpertp549,Petrina,Hilpert
kovaceka47,Al,Kovacek
beattyh177,Hilton,Beatty
breitenbergg670,Gustavo,Breitenberg
fayb537,Brigitte,Fay
dibberta372,Annamarie,Dibbert
tremblayc218,Colton,Tremblay
torpj134,Jayme,Torp
metzr559,Reynaldo,Metz
jacobsd415,Damion,Jacobs
rennerk60,Karry,Renner
gislasond880,Delila,Gislason
feeneyk969,Kimberley,Feeney
morarr19,Rod,Morar
cristm242,Miquel,Crist
douglasw75,Williams,Douglas
farrella101,Ariel,Farrell
terryj973,Juan,Terry
jonesk190,Kanisha,Jones
jonesk110,Karena,Jones
dickiw605,Wilburn,Dicki
o'haraa478,Ahmed,O'Hara
morissettel154,Luke,Morissette
johnsa576,Allan,Johns
metzj258,Jamie,Metz
danieln545,Nicolette,Daniel
dickinsonv63,Vallie,Dickinson
mullerg810,Genoveva,Muller
jacobia858,Anthony,Jacobi
walterd508,Darryl,Walter
thield387,Dona,Thiel
rogahnd204,Donte,Rogahn
swaniawskit63,Terrell,Swaniawski
hansenr391,Rico,Hansen
hickleg97,Galen,Hickle
murazikg476,Gladys,Murazik
gorczanyc511,Cassondra,Gorczany
kassulkej355,Jackson,Kassulke
mohrd613,Desmond,Mohr
gulgowskil130,Laurence,Gulgowski
hackettk209,Karlene,Hackett
armstrongf461,Franklin,Armstrong
bartolettii294,Ilana,Bartoletti
durganf116,Fermin,Durgan
corwinh510,Harvey,Corwin
oberbrunnere433,Elisa,Oberbrunner
gerholdj822,Jan,Gerhold
kassulked664,Debora,Kassulke
borera904,Amberly,Borer
gerholds320,Shizue,Gerhold
labadiec972,Cruz,Labadie
padbergh558,Howard,Padberg
terrym471,Michel,Terry
huelsa503,Azucena,Huels
fritschd873,Dayle,Fritsch
borers753,Sid,Borer
cronam829,Mason,Crona
batzv759,Vernetta,Batz
breitenbergl132,Lenore,Breitenberg
rowes195,Stanley,Rowe
weissnatr435,Renaldo,Weissnat
kautzerj757,Judson,Kautzer
torpj215,Jake,Torp
hyattn167,Normand,Hyatt
weberh559,Hai,Weber
boylem164,Miss,Boyle
effertzn648,Nannie,Effertz
durganw317,Wayne,Durgan
marvine466,Edward,Marvin
hessele895,Emmett,Hessel
cristl250,Lupita,Crist
daniela687,Arnulfo,Daniel
gutkowskid223,Darell,Gutkowski
schmelere756,Emmett,Schmeler
johnsong370,Gerald,Johnson
luettgenl533,Loren,Luettgen
ratkej118,Judson,Ratke
davisk388,Keneth,Davis
kleinc924,Cody,Klein
hillsg552,Glennis,Hills
durganj337,Jerrie,Durgan
weste797,Earnest,West
brakust637,Tanner,Brakus
borerp890,Phoebe,Borer
wehnera204,Andree,Wehner
ziemanna15,Adeline,Ziemann
grahamw404,Wenona,Graham
keelingr802,Roland,Keeling
hackettb187,Burt,Hackett
macejkovicr126,Rodney,Macejkovic
kautzerj817,Janessa,Kautzer
howellw500,Winfred,Howell
murrayr708,Reynaldo,Murray
o'kona367,Austin,O'Kon
jerdet293,Tad,Jerde
bartonc699,Cody,Barton
carrollr687,Ryan,Carroll
zemlakc434,Cyndy,Zemlak
blockb826,Brock,Block
hudsonw634,Wilhelmina,Hudson
ortizm401,Melani,Ortiz
torphyf812,Francis,Torphy
hintzd922,Donny,Hintz
mcglynng864,Gerald,McGlynn
davism307,Michaela,Davis
adamsd698,Doyle,Adams
carrolll262,Lanny,Carroll
champlins635,Sandi,Champlin
cassind801,Damon,Cassin
dickinsonh222,Hyo,Dickinson
stammg432,Gaylord,Stamm
williamsonj612,Josefa,Williamson
morarn523,Nevada,Morar
greenfelderc936,Chau,Greenfelder
fisherk57,Kristofer,Fisher
kundea423,Aurea,Kunde
bechtelarr611,Rupert,Bechtelar
smithk796,Kristina,Smith
conroyj234,Joellen,Conroy
hicklea822,Arturo,Hickle
marvinj486,Josefina,Marvin
gleasond489,Dominick,Gleason
rutherfordb478,Boyd,Rutherford
langosha118,Angel,Langosh
bartolettib191,Bertram,Bartoletti
lednero343,Ozzie,Ledner
schadenj598,Jerilyn,Schaden
streichm827,Marcelino,Streich
feilr632,Rosa,Feil
labadied204,Darrell,Labadie
robertsc564,Carmelita,Roberts
kutchj794,Joaquin,Kutch
kossf40,Francene,Koss
muellers928,Sixta,Mueller
blockr612,Roxann,Block
greenholtc803,Cleveland,Greenholt
carrolle481,Errol,Carroll
botsfordd341,David,Botsford
franeckig492,Glady,Franecki
willmso789,Oleta,Willms
rippink48,Kendal,Rippin
beckerm69,Marjorie,Becker
hermannt763,Tommy,Hermann
pagacm908,Mercedes,Pagac
friesenc665,Colton,Friesen
conroyg286,Graham,Conroy
kesslerc400,Cleo,Kessler
predovico767,Olevia,Predovic
dache92,Evelin,Dach
connl747,Lela,Conn
watersc722,Chelsey,Waters
goodwinl863,Lester,Goodwin
grahamw658,Willy,Graham
schoenm810,Mirta,Schoen
russelc130,Carlena,Russel
stiedemanne627,Elenora,Stiedemann
hoppet90,Tianna,Hoppe
framim574,Maryellen,Frami
kassulked549,Debby,Kassulke
powlowskib869,Bernard,Powlowski
lefflerm51,Marcus,Leffler
marvinw267,Wayne,Marvin
prosaccou466,Ulysses,Prosacco
welchd721,Deon,Welch
tillmann340,Nathanael,Tillman
metzs778,Salvador,Metz
torphyt538,Timmy,Torphy
yostd387,Derek,Yost
sporerm227,Monet,Sporer
lefflera539,Audria,Leffler
walterf551,Frank,Walter
pfannerstillg500,George,Pfannerstill
gleichnerb676,Brooke,Gleichner
baumbachl554,Lynn,Baumbach
kerlukej452,Julia,Kerluke
hartmannd936,Duane,Hartmann
boylem407,Mervin,Boyle
westg190,Gladys,West
ziemej405,Jina,Zieme
luettgenk219,Kimbra,Luettgen
shanahand966,Dalila,Shanahan
schultzd188,Dwain,Schultz
stokesn76,Nancee,Stokes
schadenl72,Leora,Schaden
farrelll202,Lewis,Farrell
maggios878,Senaida,Maggio
schuppes518,Steven,Schuppe
torpa966,Abraham,Torp
creminf979,Florance,Cremin
rowej491,Janette,Rowe
franeckid542,Devora,Franecki
considined969,Dotty,Considine
hettingerm170,Madelaine,Hettinger
kutchc903,Carola,Kutch
pourosa257,Alvin,Pouros
hettingerp97,Patsy,Hettinger
champlint638,Teddy,Champlin
dickic99,Chasity,Dicki
zemlakk647,Kennith,Zemlak
wiegandt611,Theo,Wiegand
orne587,Ellie,Orn
beahanh826,Harvey,Beahan
boyerk808,Kathey,Boyer
gulgowskid482,Darrel,Gulgowski
russels458,Steve,Russel
mantes13,Sharron,Mante
brekkeh374,Heidi,Brekke
altenwerthc499,Cayla,Altenwerth
kshlerinm534,Maura,Kshlerin
konopelskia531,Angelita,Konopelski
zemlakt960,Taylor,Zemlak
labadieg683,Geraldo,Labadie
kulash520,Hobert,Kulas
jenkinss811,Shakita,Jenkins
lebsacks784,Solomon,Lebsack
bergstromg265,Gerald,Bergstrom
ornh316,Harley,Orn
goodwind935,Domenic,Goodwin
cremins607,Sharice,Cremin
wilkinsonj56,Jamaal,Wilkinson
wisozkc667,Clarine,Wisozk
pfannerstillm464,Marshall,Pfannerstill
pagacg726,Grant,Pagac
schmelerl534,Lynn,Schmeler
pricej329,Jerri,Price
beattys310,Scarlett,Beatty
brownw449,Willie,Brown
predovici184,Isidro,Predovic
boylet199,Tilda,Boyle
wisozkd37,Danyelle,Wisozk
welchw439,Willy,Welch
browne651,Edwardo,Brown
kihnm522,Marcus,Kihn
parkerk583,Kurt,Parker
wittinga373,Ahmad,Witting
dickensh67,Henry,Dickens
keelingb178,Briana,Keeling
nienowa200,Arturo,Nienow
rueckerm476,Mauro,Ruecker
hesselr544,Rudolf,Hessel
kilbackr482,Riley,Kilback
flatleys774,Salome,Flatley
schulistt414,Terrell,Schulist
hesselm451,Maria,Hessel
hackettw506,Walton,Hackett
gulgowskij41,Jadwiga,Gulgowski
barrowsc607,Chu,Barrows
predovics295,Spencer,Predovic
denesikr263,Rochel,Denesik
lyncha417,Abel,Lynch
schillert523,Tracy,Schiller
skilesh188,Henry,Skiles
klockom195,Marla,Klocko
davisd274,Danial,Davis
legrost134,Thalia,Legros
flatleyk522,Kate,Flatley
grahamd103,Deshawn,Graham
zboncakr474,Romeo,Zboncak
barrowsl790,Lucio,Barrows
aufderharr648,Rueben,Aufderhar
walterj864,Jule,Walter
bartonl231,Librada,Barton
macgyverm591,Mark,MacGyver
bergnaumc122,Columbus,Bergnaum
boehme480,Eddy,Boehm
gerlachc381,Cameron,Gerlach
lednerc944,Carmina,Ledner
harveym58,Maud,Harvey
torphyk64,Katherine,Torphy
marksc525,Chastity,Marks
wehnerh289,Huey,Wehner
townel776,Leeanne,Towne
o'reillyh16,Hans,O'Reilly
kihnh493,Harland,Kihn
westl60,Lucille,West
trompd888,Destiny,Tromp
morissetteg972,Galen,Morissette
purdya431,Amee,Purdy
stoltenberga482,Ahmad,Stoltenberg
botsfordn302,Nikki,Botsford
trompm510,Merry,Tromp
gerholdm547,Monserrate,Gerhold
pourosr959,Randolph,Pouros
creminj478,Junie,Cremin
hegmanna173,Althea,Hegmann
nienoww860,Whitney,Nienow
littelg369,Giuseppe,Littel
dooleyk542,Kira,Dooley
willl719,Lucas,Will
walterf499,Fidel,Walter
braunl951,Logan,Braun
starkj917,Jame,Stark
abbotty815,Yolonda,Abbott
blandah56,Halley,Blanda
weberc484,Chad,Weber
kihns838,Stefany,Kihn
zboncakj637,Janel,Zboncak
vono247,Odell,Von
krisg126,Gil,Kris
jacobsa575,Alphonse,Jacobs
kochr322,Randee,Koch
jenkinsa433,Antione,Jenkins
williamsonr318,Rena,Williamson
dibberts121,Shelton,Dibbert
auers848,Serafina,Auer
funkm589,Malcolm,Funk
hyattj268,Joseph,Hyatt
durgane817,Edmundo,Durgan
rodriguezr422,Rickey,Rodriguez
wintheiserk44,Kurtis,Wintheiser
sporerc969,Carol,Sporer
reichertf174,Frieda,Reichert
metzg66,Gerard,Metz
weimanna794,Alverta,Weimann
terrya360,Alyson,Terry
huelc130,Cami,Huel
rices433,Seymour,Rice
hilllw265,Waldo,Hilll
jaskolskid764,Domenic,Jaskolski
andersone641,Emory,Anderson
gleasonc848,Casey,Gleason
larsond102,Dawne,Larson
wardj9,Jonah,Ward
cartert17,Tama,Carter
turnerl522,Leroy,Turner
tremblaym238,Man,Tremblay
lakinj432,Jordan,Lakin
lakinm855,Milton,Lakin
fritschc695,Charmain,Fritsch
pfannerstillc130,Clifton,Pfannerstill
gottliebd50,Daren,Gottlieb
mckenziet550,Ty,McKenzie
yostc796,Cecily,Yost
johnsonh154,Hubert,Johnson
erdmana120,Ahmad,Erdman
wards815,Shaniqua,Ward
metzd220,Douglass,Metz
leschi712,Isaias,Lesch
harbers818,Sean,Harber
bahringerd475,Dottie,Bahringer
hickler428,Richelle,Hickle
gibsonk107,Kathryne,Gibson
hegmannv322,Vito,Hegmann
goldnerd879,Denese,Goldner
vonruedenb58,Britt,VonRueden
tromps739,Sheldon,Tromp
walsha615,Anneliese,Walsh
connj208,Jon,Conn
rodriguezk550,Kaley,Rodriguez
watsican270,Nyla,Watsica
kreigerm172,Mohammed,Kreiger
ritchier273,Rudy,Ritchie
watersc8,Cuc,Waters
toys297,Shirlee,Toy
lindk373,Katelyn,Lind
hicklep393,Pat,Hickle
ornh939,Haywood,Orn
creminn810,Nicholas,Cremin
moorer147,Robin,Moore
aufderharl780,Lindy,Aufderhar
ritchiej784,Joline,Ritchie
nienowm12,Myron,Nienow
ortizt568,Timika,Ortiz
luettgenc660,Cyrus,Luettgen
heathcotej635,Jacklyn,Heathcote
gutkowskia808,Ashlea,Gutkowski
krajcikc771,Chantel,Krajcik
mckenzier304,Ronnie,McKenzie
fadelb549,Brooks,Fadel
kulasd341,Dane,Kulas
hettingeri323,Ivelisse,Hettinger
marksj978,Jerri,Marks
faheyf644,Florene,Fahey
tremblaye211,Enoch,Tremblay
cristt291,Tyrell,Crist
lowee126,Eula,Lowe
smithamd385,Darrell,Smitham
wuckertt725,Tracy,Wuckert
spencerk235,Katelin,Spencer
larsonn384,Nada,Larson
feesta846,Anthony,Feest
raynord303,Daron,Raynor
stromand735,Dia,Stroman
hermistong722,Gabriel,Hermiston
treutelw618,Ward,Treutel
binsf472,Francisco,Bins
langworthe439,Echo,Langworth
funkm953,Mercedes,Funk
schulistn628,Nestor,Schulist
rennerc740,Cortez,Renner
hudsonc317,Charlott,Hudson
lefflera318,Arnold,Leffler
o'keefen223,Nigel,O'Keefe
ullrichm891,Marisol,Ullrich
koeppn352,Narcisa,Koepp
whitec782,Casey,White
beierb74,Barney,Beier
thompsons878,Shanice,Thompson
bechtelard464,Denita,Bechtelar
schneiderb451,Burton,Schneider
braunt897,Tommie,Braun
wilkinsonm23,Muoi,Wilkinson
dickinsons777,Shasta,Dickinson
smithamd136,Deandre,Smitham
pfeffere935,Eddy,Pfeffer
schillerk968,Kayla,Schiller
waelchic554,Claudio,Waelchi
kulasw278,Willie,Kulas
medhurstm859,Madge,Medhurst
wizak194,Karine,Wiza
labadieb791,Bertram,Labadie
dachr94,Reatha,Dach
andersonb664,Berry,Anderson
gerholdt521,Talia,Gerhold
osinskic184,Carleen,Osinski
boyert618,Tommie,Boyer
handc591,Clemmie,Hand
huela842,Alden,Huel
bayers293,Sean,Bayer
wuckertj101,Jarvis,Wuckert
sengerk445,Kandis,Senger
huelj607,Johnnie,Huel
corkerye38,Emily,Corkery
krajcikd137,Donnette,Krajcik
veumr428,Rodrigo,Veum
weberm438,Milton,Weber
hicklep943,Ping,Hickle
cartwrightm562,Ma,Cartwright
rathm157,Marshall,Rath
andersonl762,Latrisha,Anderson
pricec612,Collen,Price
wiegands930,Saul,Wiegand
okunevag301,Granville,Okuneva
halvorsonh359,Humberto,Halvorson
gorczanyj968,Joel,Gorczany
reillyj598,Jackelyn,Reilly
marvinr221,Roseanna,Marvin
steubers299,Shu,Steuber
kuhicj206,Josphine,Kuhic
brakusa743,Alphonso,Brakus
kutchm98,Marylynn,Kutch
reynoldsj149,Jani,Reynolds
kossd570,Dorthy,Koss
rogahnz172,Zachariah,Rogahn
hackettu201,Ulysses,Hackett
stehrt241,Taryn,Stehr
starkj482,Jake,Stark
maggior333,Randi,Maggio
goldners593,Sharyl,Goldner
kubl354,Lawerence,Kub
kuhlmanj382,Jarred,Kuhlman
crooksm525,Mose,Crooks
cummeratah782,Hank,Cummerata
fritschs844,Sommer,Fritsch
beattyv43,Van,Beatty
colec282,Christian,Cole
legrosb920,Berry,Legros
volkmanm867,Marcelo,Volkman
pfefferm77,Margy,Pfeffer
johnstonn282,Nu,Johnston
durganl473,Lyle,Durgan
heidenreichd536,Danelle,Heidenreich
wisozkr969,Rodger,Wisozk
kulasa222,Abdul,Kulas
emmerichw386,Wyatt,Emmerich
krajcikc622,Cathrine,Krajcik
kerlukec209,Cory,Kerluke
o'keefej240,Joan,O'Keefe
zulauft735,Thelma,Zulauf
goodwine599,Edwin,Goodwin
monahanc297,Chris,Monahan
ferryg42,Gussie,Ferry
cummeratac853,Cole,Cummerata
cronam778,Monte,Crona
krisg285,Geraldine,Kris
padbergn113,Nidia,Padberg
kovacekv501,Valarie,Kovacek
kihnw85,Wilfredo,Kihn
tillmanp362,Patrina,Tillman
gleichnerm6,Marion,Gleichner
d'amorec890,Candra,D'Amore
ratked924,Darin,Ratke
hyattc117,Cleveland,Hyatt
jerdel859,Lavonda,Jerde
hermistons756,Shoshana,Hermiston
runolfsdottirp154,Phoebe,Runolfsdottir
kuvalist715,Tiesha,Kuvalis
blickb562,Bobby,Blick
goyetten123,Narcisa,Goyette
mosciskig148,Granville,Mosciski
wuckertf156,Felix,Wuckert
balistreril266,Lorine,Balistreri
prosaccog32,Glenn,Prosacco
wardb957,Booker,Ward
rohana458,Andera,Rohan
hegmannw509,Wilbert,Hegmann
stiedemannd284,Deon,Stiedemann
wolffm32,Madaline,Wolff
kovacekn433,Noel,Kovacek
shanahanj189,Jasmin,Shanahan
leuschked16,Daphne,Leuschke
weste7,Ellis,West
casperm923,Moshe,Casper
cassinw182,Winford,Cassin
shanahana528,Ardell,Shanahan
goodwinj274,Jena,Goodwin
collinsm65,Mickie,Collins
leuschked317,Deandra,Leuschke
lueilwitze968,Emery,Lueilwitz
nicolasj158,Jeff,Nicolas
wunschl84,Lindsey,Wunsch
rueckere274,Elmer,Ruecker
adamsv664,Valerie,Adams
westm149,Marvin,West
langj278,Jeremiah,Lang
boscom965,Minh,Bosco
wunschw750,Wiley,Wunsch
watersm293,Malcolm,Waters
schinnerm944,Mohammed,Schinner
effertzv189,Vincenza,Effertz
danielj220,Jeremy,Daniel
heaneyj802,Juan,Heaney
medhurstt198,Thurman,Medhurst
grahamj223,Joselyn,Graham
kautzerl158,Lacy,Kautzer
lebsacke571,Errol,Lebsack
schultzr101,Roberto,Schultz
lefflerm157,Mitsuko,Leffler
okuneval711,Luciano,Okuneva
weberc592,Chi,Weber
terryc353,Charline,Terry
bashirianb535,Bret,Bashirian
connellya828,Ashley,Connelly
lefflerk679,Kristofer,Leffler
feilh860,Haywood,Feil
bodej711,Jacqui,Bode
skilesl300,Leisa,Skiles
townea17,Alishia,Towne
kubt478,Thu,Kub
strosint640,Teofila,Strosin
littleb139,Bradford,Little
kesslera617,Arthur,Kessler
stoltenberga222,Ashli,Stoltenberg
ernserd949,Debby,Ernser
schowalterd518,Dion,Schowalter
ratkea147,Albert,Ratke
kirlink283,Kirk,Kirlin
mayerts516,Sheridan,Mayert
lueilwitzr808,Rodger,Lueilwitz
kuvalise407,Edwin,Kuvalis
pfannerstilll83,Ling,Pfannerstill
krajcikt95,Trish,Krajcik
danielt312,Terica,Daniel
hettingera203,Ariel,Hettinger
swaniawskiv975,Vito,Swaniawski
funkp62,Patria,Funk
bartonl84,Lesli,Barton
breitenberga411,Augustine,Breitenberg
kertzmanns271,Sal,Kertzmann
torpj17,Jerrod,Torp
larsone644,Eleanora,Larson
bodem427,Milo,Bode
shanahant535,Thurman,Shanahan
robertsd848,Denis,Roberts
kubd148,Doria,Kub
leuschkes702,Sebastian,Leuschke
o'reillyb368,Blanche,O'Reilly
weberb744,Burton,Weber
schowalterb187,Brenton,Schowalter
quigleyr239,Rob,Quigley
abshired281,Darell,Abshire
shanahane328,Ela,Shanahan
gradyb898,Bernardo,Grady
morarp318,Paris,Morar
berniera91,Antone,Bernier
mclaughlinf476,Florence,McLaughlin
gulgowskik783,Kristie,Gulgowski
reynoldsl921,Lucien,Reynolds
deckowc251,Carita,Deckow
murazikj718,Josiah,Murazik
altenwerthr150,Rosalyn,Altenwerth
corwinv518,Virgil,Corwin
gradyj953,Jennifer,Grady
pfannerstillc597,Charlette,Pfannerstill
bartellv840,Viva,Bartell
johnstonb259,Bryce,Johnston
runolfssonn925,Nona,Runolfsson
doylem282,Mui,Doyle
terryt74,Trent,Terry
zemlaks683,Shannon,Zemlak
runolfsdottirj663,Jerry,Runolfsdottir
schultzg517,Galen,Schultz
bahringerr531,Robbin,Bahringer
monahanu938,Ulysses,Monahan
strackeg739,Giuseppe,Stracke
blandak105,Kanesha,Blanda
simonisl228,Lisette,Simonis
ebertl213,Lennie,Ebert
emmerichl410,Latarsha,Emmerich
cormiery343,Yuri,Cormier
ernserl521,Louis,Ernser
borere459,Elton,Borer
langoshm4,Mackenzie,Langosh
fadele119,Eun,Fadel
marvinm469,Maira,Marvin
huele623,Ethan,Huel
torphym951,Marybelle,Torphy
schultzs218,Shirley,Schultz
dickim905,Miss,Dicki
cronam781,Malik,Crona
cassinj955,Julianne,Cassin
sporerc841,Charline,Sporer
stiedemanng654,Garrett,Stiedemann
wizar745,Rima,Wiza
weimannj143,Jefferey,Weimann
haleyh61,Hiram,Haley
johnstonm582,Melonie,Johnston
yundtr735,Rhett,Yundt
krajcikl230,Latisha,Krajcik
mckenziet357,Trent,McKenzie
trantowf799,Fletcher,Trantow
rohanb49,Brandi,Rohan
koepph31,Hosea,Koepp
kuhlmans394,Sandie,Kuhlman
balistreril2,Luella,Balistreri
bartond151,Deandre,Barton
koeppm301,Morton,Koepp
osinskia634,Abe,Osinski
voni318,Irwin,Von
schillere434,Elvis,Schiller
doylew925,Wesley,Doyle
rathi408,Iesha,Rath
kassulkeg547,Genaro,Kassulke
abbottc266,Columbus,Abbott
strosine289,Ellsworth,Strosin
lindgrenc747,Cinderella,Lindgren
braunw672,Willis,Braun
rennerw107,Whitney,Renner
daniely644,Yessenia,Daniel
lednerw319,Winford,Ledner
reichelb901,Bettye,Reichel
johnsona85,Adolfo,Johnson
mullerd430,Deandre,Muller
franeckib257,Brady,Franecki
armstrongc704,Crissy,Armstrong
bashiriana817,Ara,Bashirian
breitenbergs157,Steve,Breitenberg
o'keefew619,Wilfredo,O'Keefe
jaskolskia29,Antwan,Jaskolski
pfefferm539,Man,Pfeffer
turnerd582,Dodie,Turner
beiery522,Yetta,Beier
durganb504,Brooks,Durgan
rippinc153,Caleb,Rippin
gerlachc316,Chase,Gerlach
kossd932,Deena,Koss
wildermana165,Anibal,Wilderman
kilbackt32,Trevor,Kilback
turcottea464,Arianna,Turcotte
jakubowskic869,Coleen,Jakubowski
klockom771,Melissia,Klocko
weimannr509,Rashad,Weimann
beahanl201,Lowell,Beahan
rosenbaumt545,Tobie,Rosenbaum
stoltenbergo783,Oswaldo,Stoltenberg
weissnate568,Euna,Weissnat
huelsl664,Leif,Huels
walshk690,Kenny,Walsh
franeckin562,Nathan,Franecki
harberl692,Lena,Harber
rolfsond405,Dalila,Rolfson
zemlakl109,Leon,Zemlak
hettingerl541,Lois,Hettinger
donnellyj193,Jewell,Donnelly
williamsont541,Tobie,Williamson
gibsonr346,Roderick,Gibson
roobg537,Giselle,Roob
bahringerh531,Horace,Bahringer
mrazw71,Wai,Mraz
uptona138,Antionette,Upton
framiw764,Windy,Frami
dickinsont706,Tyree,Dickinson
mclaughlinm256,Merri,McLaughlin
robeld104,Dayle,Robel
fishers465,Samella,Fisher
tillmang127,Gabriella,Tillman
nitzschea967,Annemarie,Nitzsche
vonruedenb22,Brynn,VonRueden
caspern494,Noemi,Casper
schillera804,Antone,Schiller
daughertye436,Elmer,Daugherty
windlern612,Nikia,Windler
huelp872,Paola,Huel
schinnerx46,Xochitl,Schinner
wolfft410,Tyler,Wolff
gottliebs132,Seth,Gottlieb
reillyc522,Chet,Reilly
hermane230,Ernest,Herman
gerholdj142,Jama,Gerhold
yundta301,Adolfo,Yundt
vandervorts173,Slyvia,Vandervort
kesslerb88,Berta,Kessler
macgyverd68,Dominick,MacGyver
haagc245,Christopher,Haag
brakusd520,Danny,Brakus
kossk471,Kennith,Koss
fadelb261,Birdie,Fadel
purdyc902,Cole,Purdy
hyattm951,Marcelo,Hyatt
gusikowskig908,Geraldo,Gusikowski
okunevab203,Bernardo,Okuneva
jerdes312,Sherwood,Jerde
baumbachb506,Basil,Baumbach
starka960,Abraham,Stark
streichs577,Sara,Streich
friesenr196,Rochel,Friesen
kuvalise577,Elise,Kuvalis
rodriguezm359,Marvella,Rodriguez
ondrickas533,Sam,Ondricka
funkm669,Michael,Funk
streichc287,Cory,Streich
windlerc749,Colby,Windler
adamsc915,Chana,Adams
schmidtp578,Preston,Schmidt
davism819,Mose,Davis
stiedemannc197,Christena,Stiedemann
weissnata600,Ashton,Weissnat
mitchelld390,Darline,Mitchell
millers59,Stacy,Miller
hettingerm516,Marcos,Hettinger
jerdec788,Casie,Jerde
mckenziee4,Evelia,McKenzie
murphyd160,Donn,Murphy
rogahnl735,Lorena,Rogahn
morarm723,Melaine,Morar
berniera830,Amee,Bernier
schambergerw404,Wesley,Schamberger
haage585,Edwin,Haag
considinek412,Kristeen,Considine
bernhardc212,Chadwick,Bernhard
bechtelarm501,Micheal,Bechtelar
o'haraa588,Adrien,O'Hara
wisozkh948,Hyman,Wisozk
conroyd704,Demarcus,Conroy
gottliebj415,Jina,Gottlieb
kuhicb672,Benito,Kuhic
rempels770,Soraya,Rempel
kemmerg967,Guadalupe,Kemmer
cruickshankk316,Kecia,Cruickshank
douglasj896,Josefine,Douglas
leuschkem257,Margarito,Leuschke
ritchiej900,Junior,Ritchie
collierd651,Del,Collier
connellym941,Markita,Connelly
huelsb190,Buster,Huels
gutkowskij412,Jamie,Gutkowski
schaeferl201,Letty,Schaefer
rempela892,Ada,Rempel
watsicak915,Karena,Watsica
medhursts948,Spencer,Medhurst
reillym807,Mariko,Reilly
mertzj580,Jerry,Mertz
kossc826,Clarence,Koss
rodriguezs501,Sari,Rodriguez
bergnaumm37,Mao,Bergnaum
treutels102,Sherley,Treutel
harberd978,Dia,Harber
starka605,Argentina,Stark
buckridged847,Dudley,Buckridge
cronas62,Shon,Crona
starkn720,Normand,Stark
legrosa299,Arla,Legros
larsonr298,Royal,Larson
huels701,Sherwood,Huel
nadera464,Antone,Nader
parkery675,Yulanda,Parker
marquardtf609,Federico,Marquardt
schadend308,Dannie,Schaden
faheym885,Misha,Fahey
waelchic661,Carl,Waelchi
sporerv763,Vernie,Sporer
rathm531,Maria,Rath
moent404,Toby,Moen
sanfordx51,Xavier,Sanford
littlem758,Marylouise,Little
schowaltert944,Toshia,Schowalter
stantonn560,Na,Stanton
reichelk826,Karl,Reichel
kossr922,Rory,Koss
kerlukel466,Lakendra,Kerluke
reingerd457,Dione,Reinger
raynord666,Derrick,Raynor
kossa476,Aldo,Koss
dietrichw757,William,Dietrich
pfefferi440,Isabel,Pfeffer
turcotteh672,Hildegard,Turcotte
gutkowskih330,Hui,Gutkowski
bernhardl466,Lewis,Bernhard
kiehnt247,Teresa,Kiehn
shieldsm431,Mayme,Shields
balistrerie2,Elias,Balistreri
hesselc230,Colene,Hessel
volkmanc805,Columbus,Volkman
wilkinsone122,Elfrieda,Wilkinson
jakubowskip202,Preston,Jakubowski
o'connellb547,Brittni,O'Connell
tillmanh957,Hans,Tillman
buckridgep530,Paz,Buckridge
bahringera39,Alexander,Bahringer
vandervortm481,Mozelle,Vandervort
cronai10,Ivory,Crona
faheyn616,Nolan,Fahey
rennerm77,Mirtha,Renner
monahanv8,Vito,Monahan
stokesc106,Camellia,Stokes
o'keefeg485,Gaynell,O'Keefe
wunschs846,Shirly,Wunsch
jasti443,Ilona,Jast
lemkee872,Ernestina,Lemke
ullrichm257,Milton,Ullrich
turnerl268,Laquanda,Turner
ankundingb477,Bronwyn,Ankunding
tremblayc267,Casey,Tremblay
o'harab341,Brooks,O'Hara
roweg654,Gale,Rowe
gusikowskic185,Clyde,Gusikowski
schulistk59,Kelvin,Schulist
reynoldsw978,Warren,Reynolds
reynoldsm716,Michal,Reynolds
wiegandv611,Vivienne,Wiegand
murphyc218,Chau,Murphy
leuschkel257,Lynn,Leuschke
reillyo10,Ouida,Reilly
swifte18,Eliza,Swift
harveyb936,Billi,Harvey
donnellyb966,Byron,Donnelly
o'reillyj47,Jonathan,O'Reilly
stehra271,Armando,Stehr
turnerk794,Karisa,Turner
raynorf341,Ferdinand,Raynor
gradyl641,Lashawn,Grady
feestb364,Brandon,Feest
grantb760,Brooks,Grant
torphyb909,Bill,Torphy
hackettk61,Kathie,Hackett
waelchik351,Kacie,Waelchi
morarj884,Judson,Morar
howel671,Lashonda,Howe
vone578,Elliot,Von
fadeld215,Dorsey,Fadel
hettingerw641,Warner,Hettinger
hellert376,Ted,Heller
ryana278,Alisia,Ryan
o'haraa555,Aldo,O'Hara
carrolll961,Luke,Carroll
armstrongh159,Horace,Armstrong
brownk913,Keenan,Brown
mertzo808,Ozella,Mertz
conroyc72,Casandra,Conroy
cruickshankf383,Forest,Cruickshank
mannr699,Rosalie,Mann
boehml568,Lupe,Boehm
friesent190,Tiesha,Friesen
carrolld393,Domingo,Carroll
kerlukeb912,Bernard,Kerluke
hacketta128,Alexis,Hackett
framij127,Josefina,Frami
schneidera838,Akilah,Schneider
schmitte277,Estefana,Schmitt
bodeo864,Oswaldo,Bode
krajciky261,Yoshie,Krajcik
osinskit932,Tim,Osinski
armstronge215,Eliz,Armstrong
bodec824,Carter,Bode
bashirianf745,Fausto,Bashirian
goldnerr647,Refugio,Goldner
braunw426,Woodrow,Braun
brakust869,Terry,Brakus
strosins528,Sharla,Strosin
handa860,Ashley,Hand
faheym698,Megan,Fahey
dickensi239,Irwin,Dickens
emardj57,Joellen,Emard
wills111,Shanon,Will
schroederg482,Ginger,Schroeder
beattyr959,Rogelio,Beatty
braunw165,Wesley,Braun
kundem698,Mickey,Kunde
howem227,Marcellus,Howe
turnerc506,Clint,Turner
trantowg633,Gabriel,Trantow
jonesa945,Augustine,Jones
greend306,Debroah,Green
koeppe850,Erma,Koepp
ebertb706,Basil,Ebert
huelsc434,Candie,Huels
rosenbaumd793,Demarcus,Rosenbaum
simonisr645,Ramon,Simonis
thielr529,Robert,Thiel
klingb342,Beckie,Kling
durgant167,Trena,Durgan
stammm148,Milo,Stamm
strosind476,Desmond,Strosin
rower394,Renae,Rowe
pollichi612,Ione,Pollich
connellyt599,Tobias,Connelly
heidenreichp639,Patrick,Heidenreich
wymand179,Darrick,Wyman
vonl958,Lynwood,Von
dache955,Eddie,Dach
pfeffera343,Anibal,Pfeffer
mclaughlini260,Ignacio,McLaughlin
abernathyt33,Thora,Abernathy
greenw624,Winford,Green
feestd971,Darryl,Feest
kohlern456,Noble,Kohler
friesenp603,Pasty,Friesen
nikolausm524,Magaly,Nikolaus
hegmannm31,Micah,Hegmann
mcclured753,Damian,McClure
blandaj218,Jeannine,Blanda
stoltenbergl385,Lindsay,Stoltenberg
simonisa272,Alphonse,Simonis
thielo733,Ocie,Thiel
halvorsont209,Titus,Halvorson
bashirianc263,Clarice,Bashirian
kerlukes430,Sterling,Kerluke
kautzerc760,Coletta,Kautzer
sengerj602,Jenine,Senger
kuhnt752,Tilda,Kuhn
osinskic349,Caleb,Osinski
greena45,Anjanette,Green
greenfelderj868,Jonas,Greenfelder
runolfssons748,Sari,Runolfsson
dooleyk849,Kaycee,Dooley
lynchf301,Fidelia,Lynch
bauchh663,Holly,Bauch
binsv911,Victor,Bins
dooleym967,Malcolm,Dooley
beahanl457,Lashawna,Beahan
kunzec398,Carson,Kunze
bogisichs379,Susann,Bogisich
harrisl627,Lavern,Harris
lockmana187,Andria,Lockman
powlowskij822,Jamal,Powlowski
kirlinh620,Harlan,Kirlin
kiehnm734,Magaly,Kiehn
murphyr141,Roselia,Murphy
grahame912,Erma,Graham
kunzer424,Rufus,Kunze
blickw191,Whitney,Blick
townee146,Eugenio,Towne
buckridgem622,Marissa,Buckridge
bergstrome443,Ellsworth,Bergstrom
framil943,Lou,Frami
mayertn55,Nathanial,Mayert
mayertg314,Garret,Mayert
thiels170,Stephanie,Thiel
johnsonp456,Patricia,Johnson
waelchim209,Mckinley,Waelchi
hackettv339,Valda,Hackett
lefflerc137,Charley,Leffler
grahamd215,Delmar,Graham
wisozkb679,Bee,Wisozk
kohlerh430,Hung,Kohler
altenwerthl143,Leonie,Altenwerth
kundeb495,Bennie,Kunde
skilesb314,Brent,Skiles
langoshp624,Parthenia,Langosh
dibbertv114,Vance,Dibbert
jonesm701,Melaine,Jones
conns881,Stephan,Conn
vandervorte259,Elvis,Vandervort
farrelll226,Lonnie,Farrell
heidenreichc251,Callie,Heidenreich
considinej734,Jae,Considine
adamsz935,Zoraida,Adams
murphyv218,Vernice,Murphy
hammesj556,Jonathon,Hammes
binsj706,Jan,Bins
swiftj922,Jesusa,Swift
gulgowskik248,Karolyn,Gulgowski
rohans74,Samara,Rohan
lehnerl476,Leonarda,Lehner
stiedemannc609,Chase,Stiedemann
lehnera621,Andres,Lehner
littleb305,Bryant,Little
langb539,Birgit,Lang
shanahanm152,Malcom,Shanahan
schoeng614,Gary,Schoen
cassino417,Olevia,Cassin
schinnerd380,Domonique,Schinner
friesenr732,Romana,Friesen
macejkovich809,Hilary,Macejkovic
huelm834,Maximina,Huel
ortizb374,Brad,Ortiz
huelsm154,Merlyn,Huels
brauna425,Alaina,Braun
goyettek552,Kiana,Goyette
schmelerr665,Roger,Schmeler
jacobsonr771,Renay,Jacobson
lehnerl599,Leif,Lehner
hoegerk533,Kristine,Hoeger
rosenbaums324,Sadye,Rosenbaum
keelingg844,Galina,Keeling
kirlint899,Tynisha,Kirlin
thielw650,Willetta,Thiel
beckerw475,Waldo,Becker
goldnerh121,Humberto,Goldner
lednerc39,Chelsea,Ledner
hauckr845,Roslyn,Hauck
corwinm490,Meri,Corwin
mitchellc478,Catherine,Mitchell
muellerm678,Millard,Mueller
hanel343,Leon,Hane
willmse932,Erlinda,Willms
trantowt608,Talia,Trantow
beckera474,Arnoldo,Becker
davisr261,Ricardo,Davis
bednaro877,Ollie,Bednar
stoltenbergn569,Nichelle,Stoltenberg
hackettj627,Joslyn,Hackett
wisokyj122,Jason,Wisoky
koeppc524,Carson,Koepp
deckowj53,Jospeh,Deckow
kuvalism232,Marilou,Kuvalis
huelsm199,Mervin,Huels
littlem521,Myrl,Little
schusterk309,Korey,Schuster
boehmg482,Giselle,Boehm
naderm956,Maybelle,Nader
funkn483,Nestor,Funk
kuhlmanj729,Jerry,Kuhlman
schmidtn419,Nicola,Schmidt
douglasb298,Bradley,Douglas
rolfsonk599,Keva,Rolfson
botsfordp406,Precious,Botsford
cummeratag101,Genie,Cummerata
mckenzied35,Donte,McKenzie
hudsons343,Sheena,Hudson
trantowt753,Trenton,Trantow
yoste256,Eldridge,Yost
pricea529,Antone,Price
reingerd476,Dillon,Reinger
walterr226,Robert,Walter
connm375,Mario,Conn
sauerm909,Magda,Sauer
millsc856,Chi,Mills
daughertyj103,Jean,Daugherty
botsfordm592,Marvis,Botsford
mclaughlinv860,Vanessa,McLaughlin
beierr412,Rhiannon,Beier
faheyf502,Francis,Fahey
emardu901,Ute,Emard
gusikowskil143,Latasha,Gusikowski
rennerd220,Darell,Renner
sporerk822,Kathlene,Sporer
harrisd939,Dario,Harris
monahand308,Dustin,Monahan
braund456,Devon,Braun
gerholda290,Antwan,Gerhold
schroederr943,Robert,Schroeder
bernierj653,Juliana,Bernier
towned825,Dorie,Towne
goodwins15,Selene,Goodwin
ornz642,Zane,Orn
smithami143,Ignacio,Smitham
moorem612,Mariah,Moore
kreigery690,Yulanda,Kreiger
blockt470,Theo,Block
bodel190,Loyce,Bode
mrazr567,Rudy,Mraz
macejkovico953,Omar,Macejkovic
shanahanm512,Marlon,Shanahan
raynorl302,Lita,Raynor
dickensm581,Matthew,Dickens
creminl254,Leif,Cremin
feeneyb589,Britni,Feeney
satterfieldl260,Lacey,Satterfield
collinsa35,Ayesha,Collins
greena291,Anya,Green
kesslerk487,Kirstin,Kessler
veumm48,Marcella,Veum
haagj457,Jin,Haag
corwinl376,Laurette,Corwin
metzf828,Fay,Metz
rempela697,Adalberto,Rempel
mayerd745,Danny,Mayer
o'harar862,Ronald,O'Hara
kozeyk956,Krista,Kozey
flatleyl878,Lyle,Flatley
ratkem496,Mamie,Ratke
daviso77,Octavio,Davis
hettingere961,Emerson,Hettinger
homenickc190,Cherrie,Homenick
andersonj512,Jesus,Anderson
kochc130,Carissa,Koch
schmitth513,Henrietta,Schmitt
kuhicn166,Neida,Kuhic
kuhlmani556,Isaura,Kuhlman
yostl277,Lionel,Yost
schowalterl607,Lawanna,Schowalter
bartonb202,Brady,Barton
ullricht31,Tashina,Ullrich
renneri831,Ilene,Renner
schambergery661,Yadira,Schamberger
ritchieh126,Hugh,Ritchie
feeneym598,Mozell,Feeney
creminw352,Wilson,Cremin
lindc729,Christian,Lind
blandal216,Lanell,Blanda
cartera249,Abel,Carter
hammesn797,Nyla,Hammes
handc758,Clementina,Hand
mosciskim847,Manie,Mosciski
turcottet306,Toshiko,Turcotte
lebsackm364,Merri,Lebsack
kunzec452,Carola,Kunze
harveys503,Sharen,Harvey
bartonj534,Jorge,Barton
vond192,Danyel,Von
doylet645,Torri,Doyle
mosciskid39,Dallas,Mosciski
casperr390,Rob,Casper
moenl256,Lasandra,Moen
carrolly170,Yuk,Carroll
erdmana418,Andra,Erdman
russela546,Allena,Russel
dietrichg608,Granville,Dietrich
bradtkel114,Lakia,Bradtke
pourosr676,Rene,Pouros
wardb97,Bonita,Ward
kutchc725,Cody,Kutch
abernathyn945,Napoleon,Abernathy
hartmanns757,Sara,Hartmann
bartellk792,Kiyoko,Bartell
trantowc285,Claud,Trantow
sipesa18,Adelia,Sipes
feeneya534,Alton,Feeney
waelchid133,David,Waelchi
dietrichj268,James,Dietrich
muellerd25,Domonique,Mueller
jakubowskic187,Chiquita,Jakubowski
marksj636,Jeffery,Marks
lefflerj330,Josiah,Leffler
larkinm481,Maragret,Larkin
rennerr765,Reginald,Renner
haagn282,Narcisa,Haag
hackettc689,Cyrus,Hackett
connm374,Marquis,Conn
maggioa348,Alia,Maggio
nienowa465,August,Nienow
beierc190,Clay,Beier
barrowsr415,Rudy,Barrows
treutelc672,Cherryl,Treutel
wolfe454,Emanuel,Wolf
lockmans725,Shana,Lockman
powlowskim40,Melida,Powlowski
schuppej885,Jamal,Schuppe
loweb872,Belinda,Lowe
steuberl21,Lynwood,Steuber
welchm697,Maryjane,Welch
danielc347,Carmen,Daniel
ziemer323,Rogelio,Zieme
predovicj189,Josiah,Predovic
gutkowskig472,Grover,Gutkowski
considinem505,Meghann,Considine
jacobsons337,Silas,Jacobson
hermannk240,Kermit,Hermann
daughertym193,Max,Daugherty
collinsa805,Andree,Collins
kautzerj738,Joey,Kautzer
swaniawskic353,Carrol,Swaniawski
wildermanr880,Rueben,Wilderman
blocke800,Edmond,Block
kirline92,Evelyne,Kirlin
goldnerm916,Myrna,Goldner
trantowl344,Loyd,Trantow
kuphaln621,Nathaniel,Kuphal
murphyi609,Issac,Murphy
wunschk787,Ken,Wunsch
schummw168,Wendell,Schumm
prosaccod724,Diann,Prosacco
mannj109,Jolie,Mann
kreigerr94,Ron,Kreiger
manns936,Sau,Mann
ernserc258,Cecil,Ernser
rempels440,Salome,Rempel
whited292,Delbert,White
jonesd467,Dionna,Jones
westc171,Cristi,West
moores275,Sidney,Moore
larkinc830,Clinton,Larkin
gibsonh755,Hayden,Gibson
kertzmanns947,Shannon,Kertzmann
bergstroma928,Adelia,Bergstrom
gerlachn153,Numbers,Gerlach
croning603,Gerda,Cronin
reichele791,Edie,Reichel
daviss523,Steven,Davis
harbere69,Eugene,Harber
bartona907,Annabell,Barton
littlem942,Mathew,Little
dooleym846,Marcos,Dooley
kirlinj350,Joseph,Kirlin
klockoe525,Elfreda,Klocko
kilbackk239,Kathryn,Kilback
gibsonm811,Marquis,Gibson
kochk456,Karri,Koch
baileym235,Marla,Bailey
lynchj877,Justine,Lynch
fadele252,Elma,Fadel
bauchg254,Gaynelle,Bauch
strosind250,Dominic,Strosin
runolfssonl119,Lovie,Runolfsson
kozeyb422,Brandy,Kozey
leuschkec875,Cole,Leuschke
altenwerthc437,Cody,Altenwerth
haleya10,Alfonso,Haley
deckowl383,Lucius,Deckow
cartery370,Yuki,Carter
shieldsk685,Kit,Shields
parkerv916,Vern,Parker
strosins461,Stephen,Strosin
gorczanye35,Ester,Gorczany
schmidtn603,Naomi,Schmidt
howellb617,Billy,Howell
marksb389,Benjamin,Marks
mckenziec730,Chong,McKenzie
blickc301,Clark,Blick
satterfieldm246,Marshall,Satterfield
kulast803,Tommie,Kulas
parkerk865,Kiana,Parker
bogisichr41,Reginia,Bogisich
watsicaf341,Fred,Watsica
medhurstj106,Joaquin,Medhurst
cummeratam668,Malisa,Cummerata
feils862,Sena,Feil
hammess823,Sima,Hammes
marvint5,Tomika,Marvin
bartelld504,Delma,Bartell
mitchellc697,Clifford,Mitchell
stokess859,Sherryl,Stokes
bartolettit608,Tommy,Bartoletti
yundtc965,Cletus,Yundt
baileye800,Erline,Bailey
osinskig771,Gale,Osinski
deckowp62,Percy,Deckow
stamml824,Leda,Stamm
hillsv753,Verla,Hills
luettgena576,Arla,Luettgen
feeneyo415,Oneida,Feeney
wildermanc337,Cristopher,Wilderman
mcglynns99,Scottie,McGlynn
steuberb60,Bong,Steuber
runolfssonl661,Leeanne,Runolfsson
kutchk289,Kelley,Kutch
hamillm767,Marlyn,Hamill
nitzsched402,Dedra,Nitzsche
kutchr482,Russell,Kutch
leschb231,Burl,Lesch
beattyd811,Darcel,Beatty
hyattd639,Darleen,Hyatt
emmerichr317,Reuben,Emmerich
wilkinsond261,Devon,Wilkinson
reillys732,Solange,Reilly
luettgent586,Toney,Luettgen
hellerl323,Librada,Heller
farrellc248,Clark,Farrell
sanfordj931,Jefferson,Sanford
murphyl200,Lara,Murphy
littelm928,Mae,Littel
altenwerthb20,Buford,Altenwerth
kuvalisg31,Galen,Kuvalis
mckenziec340,Clint,McKenzie
mrazt645,Tia,Mraz
borerd784,Dewayne,Borer
schambergers490,Suk,Schamberger
dibberth459,Huong,Dibbert
ullricha200,Alena,Ullrich
krisn341,Norris,Kris
o'connerj767,Jacob,O'Conner
lefflerd830,Diego,Leffler
ferryl2,Leandro,Ferry
hoegert432,Thuy,Hoeger
howec511,Chong,Howe
blandal86,Larissa,Blanda
tremblayt115,Thanh,Tremblay
gusikowskik449,Karoline,Gusikowski
johnsoni105,Ines,Johnson
bradtkec367,Carlee,Bradtke
cummingsg935,Gerald,Cummings
leuschkew807,Walter,Leuschke
wisokya525,Allegra,Wisoky
gleasonr379,Rasheeda,Gleason
reillyb222,Basil,Reilly
pourosa902,Alfredo,Pouros
kovaceks647,Stanford,Kovacek
goldnerd809,Denny,Goldner
reillym623,Molly,Reilly
berget117,Tisha,Berge
pricef612,Faye,Price
doylee70,Earline,Doyle
mosciskit107,Tessie,Mosciski
stromanc440,Clinton,Stroman
rempelo125,Oretha,Rempel
vandervorts539,Stacey,Vandervort
cartere170,Elanor,Carter
hintze857,Elana,Hintz
paucekh774,Hung,Paucek
flatleyl800,Lani,Flatley
muellere489,Elmer,Mueller
leannont571,Tammie,Leannon
hamillt168,Terrance,Hamill
vonruedend717,Delphine,VonRueden
watersn952,Norman,Waters
ratkea954,Abdul,Ratke
keelingb689,Bari,Keeling
veumc857,Corie,Veum
jacobst67,Tim,Jacobs
torphye523,Emma,Torphy
hoegerd285,Dorethea,Hoeger
schoenu312,Usha,Schoen
huelsh276,Hassie,Huels
schulistj786,Jewell,Schulist
welchm226,Mohammad,Welch
schneiders457,Stacey,Schneider
kuhne970,Elane,Kuhn
schmidtr613,Richie,Schmidt
walkerg102,Gaylene,Walker
mitchellc571,Cherlyn,Mitchell
eberta162,Abbey,Ebert
rennerm535,Maryann,Renner
bednarb884,Blanche,Bednar
corkeryl751,Lynna,Corkery
blickk488,Katherina,Blick
daughertya938,Agripina,Daugherty
beattyn916,Ned,Beatty
hackettr137,Rodrigo,Hackett
kozeyw406,Winnifred,Kozey
tremblayn748,Nancee,Tremblay
kassulkeh412,Harry,Kassulke
walkerj752,Joesph,Walker
vandervorts126,Sherill,Vandervort
ziemed856,Don,Zieme
greenc776,Carol,Green
murazika100,Abel,Murazik
weberm605,Markus,Weber
jacobit321,Thurman,Jacobi
lefflerb344,Barrett,Leffler
nolanh54,Harriette,Nolan
mitchellw217,Winfred,Mitchell
raum127,Marcene,Rau
murphyf471,Flor,Murphy
shieldsr673,Rochell,Shields
leuschker355,Roberto,Leuschke
emmerichs112,Shon,Emmerich
weissnatj944,Joel,Weissnat
wuckertk705,Krysten,Wuckert
durganw828,Willian,Durgan
wintheiseri487,Isidro,Wintheiser
simonisb586,Buford,Simonis
kriss260,Scott,Kris
handc127,Cheryle,Hand
brekkec853,Carlton,Brekke
o'konp530,Peter,O'Kon
mosciskip237,Palmer,Mosciski
pourosc916,Cruz,Pouros
gutmannb84,Beryl,Gutmann
johnsm397,Maudie,Johns
huelh203,Hiram,Huel
kovacekt477,Timika,Kovacek
cronan601,Nolan,Crona
kohlere618,Edison,Kohler
cummingse715,Elizabeth,Cummings
gusikowskin136,Nerissa,Gusikowski
klingj51,Junie,Kling
bradtkev772,Vannessa,Bradtke
nicolasf773,Freddy,Nicolas
harberd438,Donetta,Harber
kerlukew765,Waldo,Kerluke
balistrerih524,Herb,Balistreri
kochm34,Myrtice,Koch
kirlina210,Alexander,Kirlin
harveyj374,Jackie,Harvey
baumbachg280,Guy,Baumbach
walshc229,Carmon,Walsh
kirlinr974,Rubin,Kirlin
welchk96,Kasey,Welch
farrells951,Shenika,Farrell
larking153,Gale,Larkin
sporerj153,Jennefer,Sporer
feeneyd79,Donna,Feeney
quigleye863,Eddie,Quigley
ullrichl625,Lance,Ullrich
leschf946,Fred,Lesch
lehnero140,Owen,Lehner
douglasl588,Linnie,Douglas
fadelt690,Theron,Fadel
schambergerj232,Josiah,Schamberger
kutchs159,Sumiko,Kutch
auerb784,Bo,Auer
jenkinsl872,Lucas,Jenkins
doylem849,Marleen,Doyle
treutels646,Samuel,Treutel
moeno407,Omer,Moen
pricej17,Janet,Price
lebsacke580,Elden,Lebsack
spencers488,Scottie,Spencer
o'connerd819,Dion,O'Conner
robertsk151,Kera,Roberts
gibsond184,Dorsey,Gibson
mcdermotth802,Hayley,McDermott
gutkowskip848,Peter,Gutkowski
mckenziea733,Alfredia,McKenzie
mannt96,Tommy,Mann
corwinj204,Josette,Corwin
rohanc670,Colby,Rohan
conne583,Eugene,Conn
hegmanna136,Ashley,Hegmann
handy418,Yer,Hand
hermannd377,Dusti,Hermann
reillyc913,Camille,Reilly
bednarc350,Cinda,Bednar
colee50,Edwardo,Cole
goldnera427,Astrid,Goldner
kshlerinc208,Carlee,Kshlerin
nienowm277,Maritza,Nienow
schultza808,Arvilla,Schultz
nolane165,Elwood,Nolan
o'reillyr573,Rodney,O'Reilly
reichertc701,Corene,Reichert
jastn652,Nova,Jast
walkerd939,Dalton,Walker
wymanj845,Joya,Wyman
marksj557,Jacinta,Marks
jonesc934,Chang,Jones
turnera241,Arden,Turner
sanfordr292,Ricardo,Sanford
rodriguezp78,Parker,Rodriguez
paucekt510,Teresa,Paucek
watsicas585,Stevie,Watsica
mertzg630,Gregorio,Mertz
hesselc863,Cliff,Hessel
rohanc185,Carla,Rohan
smithamc672,Christopher,Smitham
sengero369,Omega,Senger
osinskic148,Colin,Osinski
heaneys599,Shawnna,Heaney
sporerw880,Wade,Sporer
cassinr46,Roselyn,Cassin
robertsf339,Franklyn,Roberts
kesslerg939,Giovanni,Kessler
caspera471,Angel,Casper
koelpinj224,Jerry,Koelpin
feeneyr661,Ricki,Feeney
o'connellf692,Felton,O'Connell
jenkinsp147,Pattie,Jenkins
greenholtd144,Doug,Greenholt
bogisicha385,Athena,Bogisich
kihna229,Audria,Kihn
johnso140,Otto,Johns
schuppea800,Ali,Schuppe
willmsj292,Jerome,Willms
kuhicd47,Daron,Kuhic
mayertl106,Leslie,Mayert
hilpertr813,Russel,Hilpert
feeneyh683,Herman,Feeney
corwint925,Teresita,Corwin
maggiod264,Dusty,Maggio
corwins813,Signe,Corwin
denesikr246,Roman,Denesik
blocks404,Salvador,Block
cristw93,Warren,Crist
bogisichl6,Lacie,Bogisich
marvind613,Darell,Marvin
mayerte756,Erna,Mayert
luettgent790,Ted,Luettgen
jacobsong135,Graig,Jacobson
shanahanm471,Melvin,Shanahan
wymanc800,Charlie,Wyman
greenl721,Leeann,Green
ondrickae433,Eulalia,Ondricka
emardb977,Brice,Emard
beattyc607,Cassondra,Beatty
kunzed8,Dario,Kunze
kozeyh798,Herbert,Kozey
jonesd518,Dyan,Jones
pauceki405,Izetta,Paucek
considinem337,Marietta,Considine
gerholdi153,Ian,Gerhold
o'reillye242,Ellsworth,O'Reilly
gleasony218,Yi,Gleason
schroederk792,Kieth,Schroeder
borerg452,Gilda,Borer
koelpina396,Adelle,Koelpin
kube210,Emmett,Kub
muellers202,Silas,Mueller
wardn174,Ned,Ward
westb424,Beth,West
hyattg32,Gonzalo,Hyatt
o'keefef868,Frankie,O'Keefe
mertzp77,Peter,Mertz
osinskir519,Raymond,Osinski
trompd373,Deanna,Tromp
hansenk171,Katharine,Hansen
schustert505,Tommie,Schuster
sengerm102,Margot,Senger
mertzj541,Jewell,Mertz
mohru243,Ula,Mohr
morarm554,Millard,Morar
wilkinsons358,Shelia,Wilkinson
yostt42,Tyson,Yost
wolfc531,Cleveland,Wolf
bogisichs535,Sang,Bogisich
eberts358,Sherise,Ebert
gulgowskic883,Ciera,Gulgowski
bashirianj454,Jimmy,Bashirian
jerded32,Dannette,Jerde
larkinb426,Booker,Larkin
littlep687,Phebe,Little
dibbertg116,Gearldine,Dibbert
schusterb588,Brady,Schuster
grahame115,Elton,Graham
wolffm69,Madeline,Wolff
hesselk149,Kathern,Hessel
reingern98,Nickolas,Reinger
gusikowskij405,Jarred,Gusikowski
hanee70,Elroy,Hane
kuhicm681,Myesha,Kuhic
blocks442,Scotty,Block
muellerr826,Ronald,Mueller
okunevab512,Blythe,Okuneva
moorer825,Randall,Moore
hermannd789,Dane,Hermann
streicht647,Tammara,Streich
rutherfordl18,Linwood,Rutherford
schaeferh642,Howard,Schaefer
carrollb61,Buffy,Carroll
purdyw648,Willie,Purdy
kreigerm462,Moises,Kreiger
larkins7,Shonda,Larkin
steuberl448,Lester,Steuber
o'kony142,Young,O'Kon
schuppeo431,Ora,Schuppe
grimesu644,Una,Grimes
davisk490,Kirby,Davis
welchn30,Niesha,Welch
strosine469,Eboni,Strosin
hilpertm276,Mikki,Hilpert
haucka470,Audie,Hauck
pfannerstilla89,Alethia,Pfannerstill
spencert441,Tyree,Spencer
kuhns844,Shenita,Kuhn
beattyi592,Isreal,Beatty
rohang212,Gustavo,Rohan
dubuquem575,Mazie,DuBuque
wiegandj84,Jonathan,Wiegand
lindgrens54,Shelby,Lindgren
kunded766,Dusti,Kunde
schoenv390,Veola,Schoen
connj73,Jerilyn,Conn
schadene213,Ester,Schaden
rodriguezn585,Nita,Rodriguez
aufderhark309,Kiley,Aufderhar
zulaufm436,Muoi,Zulauf
reichertl687,Lanny,Reichert
leuschkes746,Shayna,Leuschke
beattyk689,Kip,Beatty
hudsong411,Glenn,Hudson
turnerh69,Hassie,Turner
shieldsm917,Marianna,Shields
koche569,Eda,Koch
wittingb722,Brant,Witting
schillerr682,Romeo,Schiller
flatleye843,Emerita,Flatley
dibbertf790,Ferdinand,Dibbert
conroyk451,Karren,Conroy
jakubowskia808,Arielle,Jakubowski
harrisb126,Bridgett,Harris
koelpink734,Kaci,Koelpin
wests226,Sherron,West
hermistont81,Tristan,Hermiston
rosenbaumy270,Yong,Rosenbaum
markse980,Emmanuel,Marks
harrish378,Hilario,Harris
kshlerint711,Taryn,Kshlerin
corwinb491,Bradford,Corwin
torphyn898,Ngoc,Torphy
ratkek818,Kyung,Ratke
heidenreichr45,Raelene,Heidenreich
bartonr616,Royal,Barton
corkeryt100,Tonya,Corkery
keeblerd904,Donny,Keebler
connb365,Boyd,Conn
bartonn221,Nicolette,Barton
metzh114,Hassan,Metz
kuphals592,Somer,Kuphal
rolfsonm146,Mohammad,Rolfson
skiless435,Shelly,Skiles
braunc865,Cheryl,Braun
runolfsdottirz904,Zada,Runolfsdottir
welchk862,Kecia,Welch
mohrs366,Sena,Mohr
millsc614,Christopher,Mills
kautzerh732,Herschel,Kautzer
schummj880,Jona,Schumm
medhurstm355,Majorie,Medhurst
quigleym241,Micheal,Quigley
reingerl234,Leta,Reinger
flatleyj333,Johnathan,Flatley
schusterm46,Margorie,Schuster
hilllf276,Frederic,Hilll
yundtl694,Linette,Yundt
steuberg684,Gema,Steuber
gerholda211,Adelaide,Gerhold
gislasonj723,Jong,Gislason
bechtelarp529,Petronila,Bechtelar
wehnerl519,Lorrine,Wehner
kohlere960,Emory,Kohler
harberp117,Patrina,Harber
hellerq673,Quinton,Heller
gleichnerw481,Walker,Gleichner
abshireb519,Brian,Abshire
hansena145,Antione,Hansen
brakuse887,Ewa,Brakus
lehnerl207,Lanny,Lehner
kuhlmane142,Edwina,Kuhlman
muellere849,Erwin,Mueller
zboncakj405,Jackson,Zboncak
wilkinsonb327,Becky,Wilkinson
framib720,Brandee,Frami
ernserb905,Brian,Ernser
swifte388,Elyse,Swift
goldnerl513,Louis,Goldner
volkmanr483,Retta,Volkman
kemmert338,Thomas,Kemmer
franeckit751,Taylor,Franecki
o'keefet574,Titus,O'Keefe
lubowitze97,Elois,Lubowitz
beerj821,Joan,Beer
morarl71,Lyle,Morar
lednero248,Ouida,Ledner
schaefers482,Sung,Schaefer
quitzonk56,Kathy,Quitzon
abbottb41,Brandon,Abbott
dachd718,Deidra,Dach
hegmannk753,Kyung,Hegmann
ondrickam50,Miguel,Ondricka
kemmerr546,Roseanne,Kemmer
sawaynt274,Tony,Sawayn
lebsackj172,Johnnie,Lebsack
feilm429,Miguelina,Feil
kuhicj522,Jospeh,Kuhic
medhurstc448,Chauncey,Medhurst
steubers837,Sherlyn,Steuber
keelingr731,Renay,Keeling
hauckj282,Jewel,Hauck
satterfieldn269,Nathaniel,Satterfield
kleinv388,Veronique,Klein
funks691,Shaunda,Funk
beerc221,Carrie,Beer
mrazl582,Lakia,Mraz
schaeferm686,Meghann,Schaefer
wildermanv905,Vicki,Wilderman
stiedemannf288,Fred,Stiedemann
wisokyt385,Temeka,Wisoky
hauckm772,Morgan,Hauck
gerlachl412,Lettie,Gerlach
carterr131,Riley,Carter
rohand638,Dallas,Rohan
aufderharf558,Francis,Aufderhar
hermano387,Orville,Herman
cartwrightf709,Fletcher,Cartwright
wildermanj455,Jerrell,Wilderman
kirlinc959,Carey,Kirlin
mcdermotts769,Samuel,McDermott
tillmanr597,Russ,Tillman
conroyj225,Jack,Conroy
beahang967,Gisele,Beahan
daughertyd309,Dusty,Daugherty
prosaccol88,Louie,Prosacco
wunschs974,Shandra,Wunsch
schuppet534,Tobias,Schuppe
hoegery795,Yolonda,Hoeger
kreigers832,Sara,Kreiger
douglasr333,Robbin,Douglas
rempela846,Ahmed,Rempel
rempelm394,Marcella,Rempel
gleichners273,Shaquita,Gleichner
goyetteh351,Hank,Goyette
stehrj425,Judy,Stehr
gradyk54,Kara,Grady
rodriguezc860,Chase,Rodriguez
beattyg122,Genaro,Beatty
feeneyn505,Noreen,Feeney
nitzschen837,Nickie,Nitzsche
kuhica511,Annis,Kuhic
volkmanh956,Hans,Volkman
shieldsa738,Anh,Shields
nolant810,Tanika,Nolan
flatleyq878,Quinn,Flatley
orns649,Stephen,Orn
hammesb843,Beau,Hammes
welchh444,Harry,Welch
cormiert557,Tony,Cormier
bergnaums115,Sharonda,Bergnaum
breitenbergo739,Otto,Breitenberg
vonruedenw839,Willie,VonRueden
spencerc745,Calandra,Spencer
pfannerstilll146,Long,Pfannerstill
gaylordn106,Natisha,Gaylord
predovicb131,Barbie,Predovic
koelpina1,Antwan,Koelpin
stokese735,Elbert,Stokes
rennerc704,Chantel,Renner
lefflerj447,Jessi,Leffler
kilbackc924,Coralee,Kilback
heaneyt891,Tonita,Heaney
jacobih654,Harold,Jacobi
wintheiserj226,Julie,Wintheiser
kiehnj723,Jackson,Kiehn
stromanb934,Beau,Stroman
wittinga105,Alan,Witting
donnellye529,Estell,Donnelly
pfannerstillk793,Kathlene,Pfannerstill
mertza397,Assunta,Mertz
greenholte361,Emerita,Greenholt
mcculloughm583,Mark,McCullough
raur518,Rebecca,Rau
rippint578,Tora,Rippin
heathcoted399,Derrick,Heathcote
robertse980,Elyse,Roberts
o'keefel102,Leonel,O'Keefe
spencerj934,Jerrold,Spencer
langoshc171,Cedric,Langosh
handl320,Lacie,Hand
mohrs741,Shawanna,Mohr
pagacp973,Phillip,Pagac
kingg193,Gene,King
ebertk85,Kyong,Ebert
rutherforda509,Alline,Rutherford
howella87,Ariel,Howell
strackef839,Flossie,Stracke
cristh639,Hermila,Crist
doyles503,Sherie,Doyle
bogisichs654,Stuart,Bogisich
rosenbaumc670,Catherin,Rosenbaum
larsonb220,Bernie,Larson
mrazj406,Jody,Mraz
markst839,Tomi,Marks
kossi489,Isa,Koss
ondrickan793,Nelson,Ondricka
brueny310,Yuk,Bruen
turnerk71,Kyung,Turner
bernhardl387,Lemuel,Bernhard
vandervortl665,Luis,Vandervort
skiless724,Shaneka,Skiles
lednerv358,Vena,Ledner
tillmanj48,Josiah,Tillman
klingm917,Markita,Kling
haaga652,Aurelia,Haag
schmidtc512,Chloe,Schmidt
westj221,Joe,West
purdyd448,Drusilla,Purdy
uptond388,Dorian,Upton
hyattl977,Lucio,Hyatt
schmidtm705,Mohammad,Schmidt
koelpint837,Tabetha,Koelpin
williamsone924,Edwardo,Williamson
zboncaks787,Shanta,Zboncak
watsicak312,Kasie,Watsica
corwina266,Audrey,Corwin
reingerk206,Kindra,Reinger
walterr790,Ralph,Walter
rennerc274,Carol,Renner
mayertr321,Rocio,Mayert
parisianp812,Pat,Parisian
fritschw273,William,Fritsch
wymand687,Dennis,Wyman
lowei494,Ian,Lowe
schambergerl675,Loreen,Schamberger
whitef394,Florencia,White
schowalterj211,Jerome,Schowalter
pagach500,Harriet,Pagac
browng538,Gordon,Brown
olsono127,Oswaldo,Olson
stehrj169,Josh,Stehr
dietricha442,Aldo,Dietrich
champlino777,Oscar,Champlin
kunzed907,Dario,Kunze
daref972,Fe,Dare
bednarm624,Maynard,Bednar
johnstons881,Sean,Johnston
hyattc613,Chauncey,Hyatt
krisa567,Andre,Kris
herzogg614,Glynis,Herzog
durganl911,Leola,Durgan
lednerj282,Jefferson,Ledner
baileyk775,Kassie,Bailey
schinnerj573,Jeanmarie,Schinner
spinkar715,Rachal,Spinka
dibberth482,Hyman,Dibbert
o'connerm819,Marx,O'Conner
o'kond572,Drew,O'Kon
welche186,Elke,Welch
hauckc709,Christopher,Hauck
simonism819,Melani,Simonis
uptons499,Stephani,Upton
jakubowskid123,Delbert,Jakubowski
lockmanj142,Janell,Lockman
crooksp627,Palmer,Crooks
skilesb956,Bryant,Skiles
kunzee160,Eldon,Kunze
feestd358,Dennis,Feest
cartern354,Nicolasa,Carter
wolfy390,Yasmine,Wolf
toyt585,Thomasine,Toy
howelll830,Lurline,Howell
reillyl973,Lashonda,Reilly
kirline452,Enoch,Kirlin
hoppeb167,Bennie,Hoppe
millse341,Erna,Mills
blickm228,Mose,Blick
nicolasv963,Valeria,Nicolas
harveya917,Aline,Harvey
kuphale154,Errol,Kuphal
pollichy521,Yessenia,Pollich
darer104,Raymonde,Dare
manted345,Dewayne,Mante
rempelw676,Wilford,Rempel
mcglynnc649,Criselda,McGlynn
berniers7,Samual,Bernier
wisozks659,Sommer,Wisozk
schusters503,Stefani,Schuster
townej370,Joey,Towne
luettgenb815,Bonita,Luettgen
jakubowskih755,Hal,Jakubowski
ebertm633,Mohamed,Ebert
wilkinsonp31,Pablo,Wilkinson
ratkei559,Ike,Ratke
cartwrighte351,Eldon,Cartwright
lednerr527,Roxane,Ledner
sawaynb377,Basil,Sawayn
pagacm244,Marco,Pagac
kihnm569,Marlin,Kihn
danielp196,Paris,Daniel
lowea491,Ailene,Lowe
faheyd964,Dorie,Fahey
leuschkei670,Ivory,Leuschke
grantm666,Mary,Grant
greenholtr29,Ryan,Greenholt
keeblero302,Ollie,Keebler
braunm878,Maegan,Braun
halvorsonw263,Willy,Halvorson
olsonk197,Keisha,Olson
dibbertw934,Whitney,Dibbert
grimesj670,Jerrod,Grimes
paucekm486,Mickie,Paucek
metzr87,Rudolph,Metz
mertzm843,Muoi,Mertz
stehrl533,Luther,Stehr
friesens328,Suk,Friesen
waelchic884,Charmain,Waelchi
beahanb745,Belkis,Beahan
pouross492,Sang,Pouros
torpd40,Dorothy,Torp
grantc509,Carmen,Grant
wolft451,Tyrone,Wolf
ebertd852,Diedre,Ebert
kovacekm46,Modesta,Kovacek
quigleyl187,Leticia,Quigley
orni799,Ivory,Orn
jastd796,Donn,Jast
ritchiev94,Vincent,Ritchie
cormierh916,Hershel,Cormier
nitzschet23,Tad,Nitzsche
feesto886,Oralee,Feest
d'amoref128,Fermina,D'Amore
beahane853,Exie,Beahan
russels435,Sammy,Russel
hellerb104,Brigette,Heller
cristf25,Frances,Crist
runter182,Rodney,Runte
fritschp590,Pansy,Fritsch
skilesa767,Abel,Skiles
dooleya167,Art,Dooley
okunevak894,Kendrick,Okuneva
rosenbaumd650,Dedra,Rosenbaum
tillmanb433,Bennett,Tillman
d'amorem833,Meghann,D'Amore
kube533,Elane,Kub
pacochad34,Delphine,Pacocha
mclaughlina632,Argentina,McLaughlin
emmerichn600,Nichelle,Emmerich
quigleyd609,Dewayne,Quigley
barrowst254,Toby,Barrows
rippint806,Trenton,Rippin
hartmannc356,Charline,Hartmann
balistrerig283,Gonzalo,Balistreri
spencerl708,Larraine,Spencer
dooleya184,Alissa,Dooley
deckowm365,Manda,Deckow
beero78,Otha,Beer
altenwerthe6,Edgar,Altenwerth
wisokyc586,Cristi,Wisoky
wolffm468,Merrill,Wolff
daughertyb13,Bill,Daugherty
greenr447,Rudolph,Green
kiehnm448,Maxwell,Kiehn
quitzont311,Twanda,Quitzon
hands695,Sharolyn,Hand
muellerh126,Hilario,Mueller
romagueraj343,Julian,Romaguera
quigleyb554,Bobbye,Quigley
andersone611,Elayne,Anderson
leannonh790,Herb,Leannon
willmsp847,Penny,Willms
kosst775,Tom,Koss
collierm36,Marco,Collier
adamsl758,Lauretta,Adams
wuckerth713,Harry,Wuckert
zulaufs474,Seymour,Zulauf
shanahane670,Elli,Shanahan
erdmanm295,Myung,Erdman
fadelb497,Bryon,Fadel
ferrym888,Mirian,Ferry
jaskolskid528,Dion,Jaskolski
ortizf483,Fermin,Ortiz
satterfieldr196,Raphael,Satterfield
krisd689,Doloris,Kris
hansenj168,Jarvis,Hansen
kiehnc795,Charmaine,Kiehn
hackettv90,Van,Hackett
adamsa838,Alfonso,Adams
wiegande108,Eli,Wiegand
jakubowskit549,Tomas,Jakubowski
keelings663,Sylvia,Keeling
harrisa856,Abel,Harris
okunevaz213,Zenobia,Okuneva
jenkinst789,Tamiko,Jenkins
o'connerj592,Joi,O'Conner
balistrerii197,Ian,Balistreri
dubuquem858,Melisa,DuBuque
friesenr241,Rico,Friesen
hegmannb577,Barrett,Hegmann
rathe80,Emely,Rath
beierl264,Lakenya,Beier
kohlerm330,Malissa,Kohler
schinnerg707,Glayds,Schinner
aufderharb448,Barrett,Aufderhar
collierm581,Marquita,Collier
weimannb942,Barb,Weimann
hagenesj545,Jimmy,Hagenes
dibbertm649,Maryellen,Dibbert
skilesg431,George,Skiles
gottliebr912,Rufus,Gottlieb
windlerm336,Melody,Windler
paucekc182,Corrin,Paucek
predovicc361,Colette,Predovic
hesselo817,Odette,Hessel
pricef218,Floyd,Price
medhurstm247,Manual,Medhurst
schummn254,Ninfa,Schumm
braunm883,Marcellus,Braun
westa627,Anthony,West
leuschker167,Rory,Leuschke
weissnatm957,Marcus,Weissnat
wintheiserl731,Lavern,Wintheiser
howellc872,Christi,Howell
murazikk63,Katie,Murazik
murphye857,Elvis,Murphy
herzogj877,Janessa,Herzog
binsh305,Hazel,Bins
connt314,Theressa,Conn
runolfssonk240,Kristal,Runolfsson
keelinga734,Alphonso,Keeling
herzogy102,Yolonda,Herzog
rosenbaumj825,Jefferey,Rosenbaum
hayese830,Ebony,Hayes
klingd790,Douglas,Kling
mantem479,Mickey,Mante
wintheiserm298,Miss,Wintheiser
dachn200,Nikole,Dach
dubuquel852,Larraine,DuBuque
swaniawskif854,Felicidad,Swaniawski
muellerl860,Leeann,Mueller
lowep323,Pattie,Lowe
howev833,Van,Howe
ricea352,Adolfo,Rice
koelpint788,Tracey,Koelpin
kirlina152,Ai,Kirlin
turcotted389,Debby,Turcotte
morissettek771,Kerstin,Morissette
mclaughline351,Emmett,McLaughlin
boded303,Destiny,Bode
cruickshanks191,Sharie,Cruickshank
swaniawskic848,Clint,Swaniawski
willmst476,Tia,Willms
towner596,Rhett,Towne
sporers124,Sondra,Sporer
davisg962,Gale,Davis
krisw834,Warner,Kris
schmelerj970,Josie,Schmeler
armstrongd646,Darryl,Armstrong
lefflerz621,Zula,Leffler
hicklee253,Emilio,Hickle
ullrichw26,Wai,Ullrich
gleichnera819,Alycia,Gleichner
kunzem828,Moriah,Kunze
shanahans624,Shanell,Shanahan
corwint99,Tammara,Corwin
kihnv855,Vince,Kihn
howellc506,Clay,Howell
bruenz501,Zachery,Bruen
gradym32,Margarito,Grady
hyattm902,Marcene,Hyatt
gorczanys243,Shaun,Gorczany
lakinh185,Hoyt,Lakin
osinskit868,Titus,Osinski
danielz473,Zena,Daniel
krajcikd131,Delinda,Krajcik
satterfieldk493,Kim,Satterfield
reillyb54,Brenton,Reilly
jerded71,Daniell,Jerde
sporera36,Alethia,Sporer
tremblayr441,Rayford,Tremblay
collinse34,Eden,Collins
blandas335,Sharolyn,Blanda
welchm864,Mendy,Welch
goodwinc757,Chas,Goodwin
grimesl55,Linwood,Grimes
huelsv166,Violette,Huels
roobh480,Haywood,Roob
smithb176,Bryant,Smith
purdyb193,Becky,Purdy
carterb503,Barry,Carter
mrazn188,Nichole,Mraz
mantef290,Fatimah,Mante
monahand131,Dusti,Monahan
boganl198,Lorretta,Bogan
stokess498,Seth,Stokes
reichertr4,Rashida,Reichert
stiedemannc14,Cesar,Stiedemann
barrowsw139,Wally,Barrows
boded589,Deonna,Bode
towned796,Deonna,Towne
lynchj910,Jerrod,Lynch
mcdermottd631,Domingo,McDermott
vonb53,Burton,Von
treutelf912,Federico,Treutel
huelm945,Mireya,Huel
bodes695,Sunny,Bode
tremblaye305,Emory,Tremblay
lindd823,Dusty,Lind
altenwerthl461,Lakeesha,Altenwerth
stehrm586,Mike,Stehr
brekkel213,Lacy,Brekke
schmittt445,Truman,Schmitt
feeneym498,Morris,Feeney
mcglynnk649,Katy,McGlynn
bartelld834,Dominique,Bartell
bartolettil363,Leandro,Bartoletti
howep287,Philip,Howe
sawaynt503,Tyler,Sawayn
prosaccot696,Tiera,Prosacco
pouross747,Seema,Pouros
harveym401,Manuel,Harvey
torphys60,Stanley,Torphy
keelingl165,Leana,Keeling
wolft529,Taren,Wolf
schultzy760,Young,Schultz
hintzs263,Shaina,Hintz
heidenreichh574,Herbert,Heidenreich
schoenm722,Michelina,Schoen
ernserh737,Hilario,Ernser
olsonl842,Lisandra,Olson
sengerk671,Kelly,Senger
faheyc501,Carl,Fahey
renneri448,Isabella,Renner
schinnerc848,Carmen,Schinner
donnellyg877,Georgette,Donnelly
jerded587,Dirk,Jerde
jerden53,Noe,Jerde
danieln429,Noah,Daniel
gusikowskit962,Theo,Gusikowski
boscop307,Perry,Bosco
gaylordj866,Jay,Gaylord
bartona816,Angelo,Barton
haucki829,Isabell,Hauck
cruickshanka217,Arlie,Cruickshank
dibbertk84,Kieth,Dibbert
stammg140,Grant,Stamm
prosaccok299,Kyong,Prosacco
thielf793,Freddie,Thiel
faheye847,Ed,Fahey
walkerg63,Garland,Walker
o'keefew250,Wally,O'Keefe
funkj259,Jonas,Funk
hillsd866,Daren,Hills
leschs123,Stasia,Lesch
ritchiej206,Jennifer,Ritchie
pourose832,Errol,Pouros
cummeratad709,Deonna,Cummerata
franeckib455,Belle,Franecki
hermannd559,Deangelo,Hermann
fadelr134,Rocco,Fadel
bahringerl332,Latoya,Bahringer
wuckerta359,Aron,Wuckert
bogand913,Damian,Bogan
ratkem114,Maryland,Ratke
cassinm740,Mia,Cassin
lefflerc100,Cortney,Leffler
kessleri234,Ilda,Kessler
jacobsona969,Angle,Jacobson
stehry234,Young,Stehr
schmitts264,Sam,Schmitt
bernhardm25,Moshe,Bernhard
larsone400,Ebony,Larson
boehmr932,Roxy,Boehm
reichelf46,Freddy,Reichel
kihne784,Eldridge,Kihn
barrowsj553,Jude,Barrows
funke830,Eddie,Funk
uptoni254,Idalia,Upton
blicks772,Stacee,Blick
corkeryh331,Hans,Corkery
larsonr524,Rodger,Larson
lehnere607,Erasmo,Lehner
kulasp695,Perla,Kulas
bruenh589,Huong,Bruen
bashirianb689,Bryon,Bashirian
hahna593,Antonia,Hahn
kirlino934,Orpha,Kirlin
skilesh799,Hugh,Skiles
langm925,Maria,Lang
carrollc309,Clay,Carroll
halvorsonl871,Leana,Halvorson
kuphalo346,Octavio,Kuphal
terrya559,Alan,Terry
stokesd149,Dewayne,Stokes
luettgenk739,Kraig,Luettgen
westr951,Randolph,West
zemlakm967,Melisa,Zemlak
watsicap3,Porter,Watsica
millerr391,Rubi,Miller
paucekd514,Devon,Paucek
gusikowskif163,Fermina,Gusikowski
haucka609,Alysia,Hauck
paucekc929,Coretta,Paucek
ankundingr22,Rene,Ankunding
warde637,Eduardo,Ward
mckenziec506,Carisa,McKenzie
zemlakb334,Belkis,Zemlak
lefflerd311,Debby,Leffler
denesikv8,Veronika,Denesik
kovacekj548,Jonah,Kovacek
littels567,Stan,Littel
kulasc575,Candie,Kulas
kshlerine377,Eryn,Kshlerin
parisianl858,Leroy,Parisian
dickinsons677,Stefan,Dickinson
treuteld55,Darin,Treutel
hillld235,Damion,Hilll
d'amorea729,Amelia,D'Amore
toym39,Mauricio,Toy
turnera708,Amalia,Turner
smithama976,Adelaida,Smitham
raum48,Minda,Rau
walterm88,Marquita,Walter
deckowa611,Annice,Deckow
spencerd830,Damion,Spencer
cummingsl859,Latia,Cummings
cummingss778,Samatha,Cummings
blickj730,Jennefer,Blick
reichelg91,Gilberte,Reichel
kohlers399,Sunni,Kohler
bednarl59,Luke,Bednar
franeckik321,Katelyn,Franecki
gerlachr787,Reinaldo,Gerlach
ratkem3,Marcella,Ratke
mayery3,Yvette,Mayer
kuhnk751,Katrice,Kuhn
feilb403,Brant,Feil
bechtelarl500,Lavelle,Bechtelar
lehnerb46,Bertha,Lehner
harberb87,Buck,Harber
kossm110,Mui,Koss
pourosa93,An,Pouros
batze393,Emory,Batz
binss223,Suzanna,Bins
walterj486,Jim,Walter
blockj365,Johnathon,Block
schuppet634,Theodore,Schuppe
gerlachc371,Cleotilde,Gerlach
connellyg289,Grady,Connelly
hermannd34,Demetra,Hermann
leannona853,Alise,Leannon
wunschg158,Gudrun,Wunsch
colliers293,Shauna,Collier
sipesd126,Dianna,Sipes
bartolettiw99,Wyatt,Bartoletti
bergec955,Clarissa,Berge
welchr849,Rheba,Welch
mckenziep140,Pamelia,McKenzie
danielj682,Jestine,Daniel
blockt359,Tiesha,Block
fritschd511,Debby,Fritsch
o'connerc418,Cher,O'Conner
kinga843,Arline,King
bahringerd883,Demetria,Bahringer
bergep182,Phillip,Berge
simonish852,Hollis,Simonis
halvorsons354,Shavonne,Halvorson
wisokym720,Madie,Wisoky
labadiet810,Todd,Labadie
gerholdr169,Rosalyn,Gerhold
sipesm88,Maxwell,Sipes
purdyj193,Joane,Purdy
paucekc72,Chad,Paucek
heidenreichm76,Marcellus,Heidenreich
howellf24,Freddie,Howell
johnsw902,Wyatt,Johns
uptonl748,Lloyd,Upton
luettgenj540,Josefina,Luettgen
predovick826,Kevin,Predovic
schimmeld543,Diane,Schimmel
raynorb337,Bryanna,Raynor
waltero762,Ophelia,Walter
gutmannp905,Perry,Gutmann
swiftj23,Jerry,Swift
monahand501,Detra,Monahan
hackettr122,Rocky,Hackett
baumbachb604,Bryon,Baumbach
mullerd940,Danial,Muller
smithaml271,Leatha,Smitham
harveyd607,Dallas,Harvey
kingt770,Thanh,King
abbotti761,Isiah,Abbott
boscom539,Margaret,Bosco
hillsb961,Blanch,Hills
ryanp178,Pete,Ryan
wymanp733,Pamella,Wyman
corkeryj569,Joannie,Corkery
kossm481,Margert,Koss
conroyc844,Clara,Conroy
effertzm801,Marisha,Effertz
schuppem622,Manual,Schuppe
wizak289,Kyoko,Wiza
johnstonj138,Jeremiah,Johnston
gulgowskie875,Emmanuel,Gulgowski
cummeratas901,Shelby,Cummerata
robelm980,Melina,Robel
schulistj658,John,Schulist
adamsv249,Vernita,Adams
thompsona954,Alene,Thompson
lueilwitzy177,Yessenia,Lueilwitz
dickinsong768,Gerry,Dickinson
franeckim232,Micheline,Franecki
ortizd160,Denisha,Ortiz
koelpinl954,Leanna,Koelpin
ullrichj356,Jolene,Ullrich
thielk889,Kizzy,Thiel
rosenbaumj114,Jacob,Rosenbaum
lebsackd108,Denny,Lebsack
hopped485,Dianna,Hoppe
pagaca410,Ashley,Pagac
jacobsonm487,Manuel,Jacobson
rennerl844,Leonarda,Renner
bergstroml329,Lera,Bergstrom
sauerb684,Booker,Sauer
schoena732,Alica,Schoen
lowes129,Susanne,Lowe
krisr691,Rebecka,Kris
gaylordt153,Tyron,Gaylord
gaylordd433,Dionne,Gaylord
haagd684,Dane,Haag
dacha10,Alvaro,Dach
gutkowskif529,Felipe,Gutkowski
kuphalb441,Buddy,Kuphal
monahana797,Alton,Monahan
carrollb813,Brenda,Carroll
ricec40,Cyrus,Rice
marksj627,John,Marks
feeneyf620,Flor,Feeney
ernserj949,Ji,Ernser
ziemannt295,Tashia,Ziemann
bergstromv484,Vickey,Bergstrom
schimmelf713,Francesco,Schimmel
toym831,Merna,Toy
blandak577,Kirsten,Blanda
rowem481,Marlin,Rowe
greenholtj27,Jordan,Greenholt
emmerichd119,Dino,Emmerich
padbergc226,Chassidy,Padberg
hellerj899,Joseph,Heller
bergev18,Valorie,Berge
braunm165,Mazie,Braun
feestv962,Vonda,Feest
mrazk266,Kenneth,Mraz
greene773,Eliseo,Green
wunschm812,Maryrose,Wunsch
kubd622,Domenica,Kub
osinskia731,Ahmed,Osinski
murazikl47,Lise,Murazik
stiedemannb835,Burl,Stiedemann
harrism357,Myung,Harris
wittingn435,Neville,Witting
abernathym956,Micheal,Abernathy
bartolettia725,Abbie,Bartoletti
cristk368,Kaleigh,Crist
aufderharp146,Pierre,Aufderhar
bartolettic925,Catharine,Bartoletti
morart436,Tanner,Morar
johnsond694,Dante,Johnson
thompsonm631,Melony,Thompson
boyerl820,Latina,Boyer
kozeyk175,Kalyn,Kozey
gloverj384,Janis,Glover
moorem387,Merrilee,Moore
schmelerv288,Verlie,Schmeler
cartwrightd720,Dessie,Cartwright
beattyc900,Crystal,Beatty
millsr603,Robt,Mills
langoshm304,Monte,Langosh
kuhnd306,Debra,Kuhn
trantowr567,Rhonda,Trantow
o'keefeo535,Oleta,O'Keefe
parkerc934,Clement,Parker
parisianv888,Vincent,Parisian
carterr588,Roy,Carter
sauers546,Samantha,Sauer
maggioe252,Ezekiel,Maggio
wolfv601,Viva,Wolf
paucekl194,Lovetta,Paucek
bartolettie716,Evan,Bartoletti
koelpinl759,Levi,Koelpin
gleasonk684,Kaila,Gleason
yostt213,Tiesha,Yost
hettingerm231,Moises,Hettinger
bayerb34,Billie,Bayer
borerb99,Buster,Borer
rennert563,Tommy,Renner
hansenw545,Walker,Hansen
langworthy69,Yi,Langworth
schowalteri179,Ilda,Schowalter
prohaskac607,Clarine,Prohaska
pourosl259,Leigha,Pouros
waelchic912,Cherryl,Waelchi
champlink432,Katheryn,Champlin
mohrb476,Bob,Mohr
criste486,Elias,Crist
kovacekc518,Clarissa,Kovacek
mullerc958,Chuck,Muller
beattyb117,Bernie,Beatty
bahringert55,Tina,Bahringer
mrazn725,Nelia,Mraz
oberbrunnera141,Adaline,Oberbrunner
zboncakf90,Franklin,Zboncak
o'connelle242,Ewa,O'Connell
schultza123,Aretha,Schultz
emardn793,Napoleon,Emard
dibbertm699,Melda,Dibbert
donnellys934,Shalanda,Donnelly
andersonb384,Benjamin,Anderson
greenl965,Lashanda,Green
erdmank856,Kira,Erdman
turcottel123,Latricia,Turcotte
hahnc897,Cecilia,Hahn
larsonv117,Verline,Larson
rolfsonr825,Ralph,Rolfson
krisk826,Kristie,Kris
schoens642,Shavonda,Schoen
fayl107,Lavelle,Fay
heathcoter603,Raven,Heathcote
harbera319,Alvin,Harber
kingr343,Raphael,King
mantee968,Erick,Mante
schadend91,Dakota,Schaden
connellyl685,Leo,Connelly
yostl198,Lynn,Yost
o'reillya96,Angelique,O'Reilly
boscod955,Dominick,Bosco
kilbacks204,Sirena,Kilback
cummingsy445,Yolonda,Cummings
hintzg65,Genaro,Hintz
hayesb15,Brock,Hayes
rathn711,Nelson,Rath
lesche264,Enrique,Lesch
paucekd100,Dorotha,Paucek
sipesr399,Remona,Sipes
bartella445,Ali,Bartell
stehrj717,Jeremy,Stehr
shanahanl759,Lianne,Shanahan
ratkej310,Jasmin,Ratke
nadera807,Alexis,Nader
predovicm939,Mary,Predovic
deckowv443,Valentin,Deckow
abshirej284,Josh,Abshire
dickinsont735,Taisha,Dickinson
labadieb836,Bree,Labadie
stokesj692,Juan,Stokes
krajcikv552,Vickey,Krajcik
terryd566,Dino,Terry
schambergera86,Antione,Schamberger
waelchif543,Fannie,Waelchi
wardm417,Maile,Ward
turcotter690,Rubie,Turcotte
pacochan6,Nathanael,Pacocha
medhurstv795,Vanita,Medhurst
wehnerl445,Lloyd,Wehner
wiegandf336,Fallon,Wiegand
bernhardg564,Georgia,Bernhard
kochd911,Delta,Koch
pollichf524,Filiberto,Pollich
lindz192,Zana,Lind
moorec792,Chieko,Moore
marvinl928,Lavelle,Marvin
rauj278,Jorge,Rau
daughertyc281,Cherrie,Daugherty
mertza224,Alexis,Mertz
paucekj406,Jerri,Paucek
haagm2,Meta,Haag
grimesl739,Luise,Grimes
lubowitzd714,Dean,Lubowitz
luettgenj814,Jennell,Luettgen
braunl246,Lee,Braun
moenw954,Wayne,Moen
lockmans413,Suzette,Lockman
schumme813,Elmo,Schumm
sengere651,Ela,Senger
metzc806,Calandra,Metz
kuhlmanc564,Cornelius,Kuhlman
rosenbauml809,Lorette,Rosenbaum
nicolasd910,Dalila,Nicolas
ritchieg99,Georgann,Ritchie
harberm479,Marvin,Harber
macgyvere760,Elmer,MacGyver
carrolln967,Na,Carroll
swiftl820,Lorita,Swift
kassulkeb184,Berry,Kassulke
bechtelaro632,Omer,Bechtelar
o'haral188,Lenard,O'Hara
rueckerh383,Hermina,Ruecker
andersong806,Gaynelle,Anderson
grimess607,Stewart,Grimes
pollichk368,Keila,Pollich
beckerh829,Hayden,Becker
cronino219,Odelia,Cronin
starkl558,Lorean,Stark
auers898,Sheena,Auer
conroyf458,Fermin,Conroy
wiegands43,Sue,Wiegand
hermannj672,Jeremy,Hermann
homenickj634,Jose,Homenick
pagaca449,Austin,Pagac
leannonf740,Fatimah,Leannon
kirlinm251,Marcelene,Kirlin
o'haraa446,Alfred,O'Hara
zulaufh980,Hilario,Zulauf
nitzschea358,Adam,Nitzsche
morissettep111,Porfirio,Morissette
casperb686,Brent,Casper
rueckerk915,Kristofer,Ruecker
lebsackm894,Macy,Lebsack
wildermane351,Elease,Wilderman
mclaughlinl109,Lamar,McLaughlin
beckerg761,Grady,Becker
macgyverj433,Johanne,MacGyver
bartonr477,Ronni,Barton
macejkovicj543,Jarrod,Macejkovic
barrowsc441,Celinda,Barrows
cassinz562,Zonia,Cassin
jerder592,Ruben,Jerde
hartmannk296,Kathy,Hartmann
bruenv697,Verlie,Bruen
grantr653,Raul,Grant
hyattd970,Dino,Hyatt
rowen465,Norman,Rowe
osinskir799,Randell,Osinski
smithi497,Israel,Smith
bogisichs823,Sook,Bogisich
rogahnm668,Minnie,Rogahn
muellerb794,Bernardo,Mueller
mertzr786,Roland,Mertz
uptond863,Dannie,Upton
kovacekd69,Delana,Kovacek
litteld22,Derrick,Littel
wizat175,Trey,Wiza
lakinl554,Liz,Lakin
treutelt674,Thanh,Treutel
emmerichr788,Ramon,Emmerich